-- --------------------------------------------------------
-- Host:                         103.181.183.61
-- Server version:               5.7.43-log - Source distribution
-- Server OS:                    Linux
-- HeidiSQL Version:             12.6.0.6765
-- --------------------------------------------------------

/*!40101 SET @OLD_CHARACTER_SET_CLIENT=@@CHARACTER_SET_CLIENT */;
/*!40101 SET NAMES utf8 */;
/*!50503 SET NAMES utf8mb4 */;
/*!40103 SET @OLD_TIME_ZONE=@@TIME_ZONE */;
/*!40103 SET TIME_ZONE='+00:00' */;
/*!40014 SET @OLD_FOREIGN_KEY_CHECKS=@@FOREIGN_KEY_CHECKS, FOREIGN_KEY_CHECKS=0 */;
/*!40101 SET @OLD_SQL_MODE=@@SQL_MODE, SQL_MODE='NO_AUTO_VALUE_ON_ZERO' */;
/*!40111 SET @OLD_SQL_NOTES=@@SQL_NOTES, SQL_NOTES=0 */;

-- Dumping structure for table kasi_edu.announcements
CREATE TABLE IF NOT EXISTS `announcements` (
  `id` bigint(20) unsigned NOT NULL AUTO_INCREMENT,
  `created_at` timestamp NULL DEFAULT NULL,
  `updated_at` timestamp NULL DEFAULT NULL,
  `read_at` timestamp NULL DEFAULT NULL,
  `expire_at` timestamp NULL DEFAULT NULL,
  `title` varchar(512) DEFAULT NULL,
  `content` mediumtext,
  `for_role` enum('TUTOR','ADMIN','MURID','WALI MURID') CHARACTER SET utf8mb4 COLLATE utf8mb4_unicode_ci DEFAULT NULL,
  PRIMARY KEY (`id`)
) ENGINE=InnoDB DEFAULT CHARSET=utf8mb4;

-- Dumping data for table kasi_edu.announcements: ~0 rows (approximately)

-- Dumping structure for table kasi_edu.billings
CREATE TABLE IF NOT EXISTS `billings` (
  `id` bigint(20) unsigned NOT NULL AUTO_INCREMENT,
  `created_at` timestamp NOT NULL,
  `updated_at` timestamp NOT NULL,
  `bill_date` date DEFAULT NULL,
  `due_date` date DEFAULT NULL,
  `amount_no_promo` decimal(20,6) NOT NULL,
  `promo_code` varchar(50) DEFAULT NULL,
  `amount` decimal(20,6) NOT NULL,
  `length` bigint(20) unsigned DEFAULT NULL,
  `invoice_id` bigint(20) unsigned NOT NULL,
  `class_id` bigint(20) unsigned DEFAULT NULL,
  `student_id` bigint(20) unsigned NOT NULL,
  PRIMARY KEY (`id`),
  KEY `FK_billings_classes` (`class_id`),
  KEY `FK_billings_students` (`student_id`),
  CONSTRAINT `FK_billings_classes` FOREIGN KEY (`class_id`) REFERENCES `courses` (`id`) ON DELETE NO ACTION ON UPDATE NO ACTION,
  CONSTRAINT `FK_billings_students` FOREIGN KEY (`student_id`) REFERENCES `students` (`id`) ON DELETE NO ACTION ON UPDATE NO ACTION
) ENGINE=InnoDB AUTO_INCREMENT=23 DEFAULT CHARSET=utf8mb4;

-- Dumping data for table kasi_edu.billings: ~5 rows (approximately)
INSERT INTO `billings` (`id`, `created_at`, `updated_at`, `bill_date`, `due_date`, `amount_no_promo`, `promo_code`, `amount`, `length`, `invoice_id`, `class_id`, `student_id`) VALUES
	(1, '2024-01-31 16:24:24', '2024-01-31 16:24:31', '2024-02-01', '2024-02-11', 12000.000000, NULL, 12000.000000, 60, 1, NULL, 55),
	(3, '2024-01-31 16:56:46', '2024-01-31 17:02:49', '2024-02-01', '2024-02-11', 330000.000000, '10UNTUK10', 297000.000000, 330, 2, NULL, 41),
	(4, '2024-01-31 17:12:45', '2024-01-31 17:17:34', '2024-02-01', '2024-02-11', 85000.000000, '10UNTUK10', 76500.000000, 90, 3, NULL, 33),
	(8, '2024-01-31 17:27:36', '2024-02-01 00:59:47', '2024-02-01', '2024-02-11', 240000.000000, '10UNTUK10', 216000.000000, 240, 4, NULL, 34),
	(10, '2024-01-31 17:50:54', '2024-02-01 01:00:33', '2024-02-01', '2024-02-11', 120000.000000, '10UNTUK10', 108000.000000, 120, 5, NULL, 46),
	(11, '2024-01-31 17:55:43', '2024-02-01 01:01:04', '2024-03-01', '2024-03-11', 70000.000000, '10UNTUK10', 63000.000000, 60, 6, NULL, 52),
	(12, '2024-01-31 17:56:01', '2024-02-01 01:01:27', '2024-03-01', '2024-03-11', 60000.000000, '10UNTUK10', 54000.000000, 60, 7, NULL, 51),
	(13, '2024-01-31 18:01:50', '2024-02-01 01:01:51', '2024-02-01', '2024-02-11', 180000.000000, '10UNTUK10', 162000.000000, 180, 8, NULL, 44),
	(14, '2024-02-01 00:11:31', '2024-02-01 01:02:13', '2024-02-01', '2024-02-11', 125000.000000, '10UNTUK10', 112500.000000, 150, 9, NULL, 54),
	(15, '2024-02-01 00:13:10', '2024-02-01 00:13:10', '2024-02-01', '2024-02-11', 12000.000000, NULL, 12000.000000, 60, 10, NULL, 53),
	(16, '2024-02-01 00:27:29', '2024-02-01 01:02:43', '2024-02-01', '2024-02-11', 170000.000000, '10UNTUK10', 153000.000000, 120, 11, NULL, 42),
	(17, '2024-02-01 00:27:32', '2024-02-01 01:03:08', '2024-03-01', '2024-03-11', 340000.000000, '10UNTUK10', 306000.000000, 60, 12, NULL, 43),
	(19, '2024-02-01 00:31:45', '2024-02-01 01:03:29', '2024-02-01', '2024-02-11', 180000.000000, '10UNTUK10', 162000.000000, 180, 13, NULL, 50),
	(20, '2024-02-01 00:39:20', '2024-02-01 01:03:48', '2024-02-01', '2024-02-11', 75000.000000, '10UNTUK10', 67500.000000, 90, 14, NULL, 45),
	(21, '2024-02-01 00:44:27', '2024-02-01 01:04:21', '2024-02-01', '2024-02-11', 240000.000000, '10UNTUK10', 216000.000000, 240, 15, NULL, 35),
	(22, '2024-02-01 00:52:28', '2024-02-01 05:11:38', '2024-02-01', '2024-02-11', 360000.000000, '10UNTUK10', 333000.000000, 360, 16, NULL, 40);

-- Dumping structure for table kasi_edu.courses
CREATE TABLE IF NOT EXISTS `courses` (
  `id` bigint(20) unsigned NOT NULL AUTO_INCREMENT,
  `created_at` timestamp NULL DEFAULT NULL,
  `updated_at` timestamp NULL DEFAULT NULL,
  `student_id` bigint(20) unsigned NOT NULL DEFAULT '0',
  `tutor_id` bigint(20) unsigned NOT NULL DEFAULT '0',
  `course_id` bigint(20) unsigned NOT NULL DEFAULT '0',
  `billing_id` bigint(20) unsigned DEFAULT NULL,
  `tutor_payment_id` bigint(20) unsigned DEFAULT NULL,
  `date_of_event` datetime DEFAULT NULL,
  `student_attendance` datetime DEFAULT NULL,
  `tutor_attendance` datetime DEFAULT NULL,
  `tutor_finish_confirm` datetime DEFAULT NULL,
  `status` enum('CONDUCTED','CANCELLED','BURNED','WAITING','RUNNING','NEEDCONFIRMATION') NOT NULL DEFAULT 'WAITING',
  `topic` varchar(1024) DEFAULT NULL,
  `meeting_link` varchar(1024) DEFAULT NULL,
  `lesson_matter` longtext,
  `tutor_notes` longtext,
  `tutor_notes_to_admin` longtext,
  `additional_links` json DEFAULT NULL,
  `files` json DEFAULT NULL,
  `recording` varchar(1024) DEFAULT NULL,
  `recording_youtube` varchar(1024) DEFAULT NULL,
  `photo` varchar(1024) DEFAULT NULL,
  `length` tinyint(3) unsigned DEFAULT NULL,
  `free_trial` tinyint(3) NOT NULL DEFAULT '0',
  `price` mediumint(8) unsigned DEFAULT NULL,
  `price_idr` mediumint(8) unsigned DEFAULT NULL,
  PRIMARY KEY (`id`),
  KEY `id` (`id`),
  KEY `FK_class_tutors` (`tutor_id`),
  KEY `FK_class_students` (`student_id`),
  KEY `billing_id` (`billing_id`),
  KEY `FK_class_tutor_skills` (`course_id`),
  KEY `FK_courses_tutor_payment_sharing` (`tutor_payment_id`),
  CONSTRAINT `FK_class_students` FOREIGN KEY (`student_id`) REFERENCES `students` (`id`) ON DELETE NO ACTION ON UPDATE NO ACTION,
  CONSTRAINT `FK_class_tutor_skills` FOREIGN KEY (`course_id`) REFERENCES `tutor_skills` (`id`) ON DELETE NO ACTION ON UPDATE NO ACTION,
  CONSTRAINT `FK_class_tutors` FOREIGN KEY (`tutor_id`) REFERENCES `tutors` (`id`) ON DELETE NO ACTION ON UPDATE NO ACTION,
  CONSTRAINT `FK_courses_billings` FOREIGN KEY (`billing_id`) REFERENCES `billings` (`id`) ON DELETE NO ACTION ON UPDATE NO ACTION,
  CONSTRAINT `FK_courses_tutor_payment_sharing` FOREIGN KEY (`tutor_payment_id`) REFERENCES `tutor_payment_sharing` (`id`) ON DELETE NO ACTION ON UPDATE NO ACTION
) ENGINE=InnoDB AUTO_INCREMENT=123 DEFAULT CHARSET=utf8mb4;

-- Dumping data for table kasi_edu.courses: ~63 rows (approximately)
INSERT INTO `courses` (`id`, `created_at`, `updated_at`, `student_id`, `tutor_id`, `course_id`, `billing_id`, `tutor_payment_id`, `date_of_event`, `student_attendance`, `tutor_attendance`, `tutor_finish_confirm`, `status`, `topic`, `meeting_link`, `lesson_matter`, `tutor_notes`, `tutor_notes_to_admin`, `additional_links`, `files`, `recording`, `recording_youtube`, `photo`, `length`, `free_trial`, `price`, `price_idr`) VALUES
	(2, '2024-01-31 16:14:20', '2024-02-03 00:55:05', 55, 11, 17, 1, 8, '2024-01-02 12:00:00', '2024-01-02 12:00:00', '2024-01-02 12:05:00', '2024-01-02 12:05:00', 'CONDUCTED', 'Describing a picture', 'https://us06web.zoom.us/j/2318232507?pwd=ckx2MEhVNG9GQnlkNWJmMm1KZEIvZz09&omn=86061916338', NULL, NULL, NULL, '"[]"', '[]', NULL, NULL, NULL, 30, 0, 12000, 85000),
	(3, '2024-01-31 16:14:20', '2024-02-03 00:55:05', 55, 11, 17, 1, 9, '2024-01-04 12:00:00', '2024-01-04 12:00:00', '2024-01-04 12:05:00', '2024-01-02 12:05:00', 'CONDUCTED', 'Describing a picture', 'https://us06web.zoom.us/j/2318232507?pwd=ckx2MEhVNG9GQnlkNWJmMm1KZEIvZz09&omn=86061916338', NULL, NULL, NULL, '"[]"', '[]', NULL, NULL, NULL, 30, 0, 12000, 85000),
	(4, '2024-01-31 16:41:53', '2024-02-03 00:55:06', 41, 11, 5, 3, 10, '2024-01-08 12:00:00', '2024-01-08 12:00:00', '2024-01-08 12:00:00', '2024-01-08 12:00:00', 'CONDUCTED', 'Passive & Active Voice', 'https://us06web.zoom.us/j/2318232507?pwd=ckx2MEhVNG9GQnlkNWJmMm1KZEIvZz09&omn=86061916338', NULL, NULL, NULL, '"[]"', '[]', NULL, NULL, NULL, 60, 0, 60000, 60000),
	(5, '2024-01-31 16:47:33', '2024-02-03 00:55:06', 41, 11, 5, 3, 11, '2024-01-15 12:00:00', '2024-01-15 12:00:00', '2024-01-15 12:00:00', '2024-01-15 00:00:00', 'CONDUCTED', 'Life Science : Immune System', 'https://us06web.zoom.us/j/2318232507?pwd=ckx2MEhVNG9GQnlkNWJmMm1KZEIvZz09&omn=86061916338', NULL, NULL, NULL, '"[]"', '[]', NULL, NULL, NULL, 60, 0, 60000, 60000),
	(6, '2024-01-31 16:48:08', '2024-02-03 00:55:06', 41, 11, 5, 3, 12, '2024-01-17 12:00:00', '2024-01-17 12:00:00', '2024-01-17 12:00:00', '2024-01-17 00:00:00', 'CONDUCTED', 'Life Science : Turmeric as anti inflammatory', 'https://us06web.zoom.us/j/2318232507?pwd=ckx2MEhVNG9GQnlkNWJmMm1KZEIvZz09&omn=86061916338', NULL, NULL, NULL, '"[]"', '[]', NULL, NULL, NULL, 60, 0, 60000, 60000),
	(7, '2024-01-31 16:48:39', '2024-02-03 00:55:06', 41, 11, 5, 3, 13, '2024-01-22 12:00:00', '2024-01-22 12:00:00', '2024-01-22 12:00:00', '2024-01-22 12:00:00', 'CONDUCTED', 'Life Science : Turmeric as anti inflammatory', 'https://us06web.zoom.us/j/2318232507?pwd=ckx2MEhVNG9GQnlkNWJmMm1KZEIvZz09&omn=86061916338', NULL, NULL, NULL, '"[]"', '[]', NULL, NULL, NULL, 60, 0, 60000, 60000),
	(8, '2024-01-31 16:49:11', '2024-02-03 00:55:06', 41, 11, 5, 3, 14, '2024-01-23 12:00:00', '2024-01-23 12:00:00', '2024-01-23 12:00:00', '2024-01-23 12:00:00', 'CONDUCTED', 'Turmeric', 'https://us06web.zoom.us/j/2318232507?pwd=ckx2MEhVNG9GQnlkNWJmMm1KZEIvZz09&omn=86061916338', NULL, NULL, NULL, '"[]"', '[]', NULL, NULL, NULL, 90, 0, 60000, 60000),
	(10, '2024-01-31 17:08:33', '2024-02-03 00:55:06', 33, 11, 14, 4, 15, '2024-01-10 12:00:00', '2024-01-10 12:00:00', '2024-01-10 12:00:00', '2024-01-10 12:00:00', 'CONDUCTED', 'Introduction', 'https://us06web.zoom.us/j/2318232507?pwd=ckx2MEhVNG9GQnlkNWJmMm1KZEIvZz09&omn=86061916338', NULL, NULL, NULL, '"[]"', '[]', NULL, NULL, NULL, 30, 1, 60000, 60000),
	(11, '2024-01-31 17:11:21', '2024-02-03 00:55:06', 33, 11, 14, 4, 16, '2024-01-19 12:00:00', '2024-01-19 12:00:00', '2024-01-19 12:00:00', '2024-01-19 12:00:00', 'CONDUCTED', 'Suffixes', 'https://us06web.zoom.us/j/2318232507?pwd=ckx2MEhVNG9GQnlkNWJmMm1KZEIvZz09&omn=86061916338', NULL, NULL, NULL, '"[]"', '[]', NULL, NULL, NULL, 60, 0, 60000, 60000),
	(12, '2024-01-31 17:21:01', '2024-02-03 00:55:06', 34, 11, 19, 8, 17, '2024-01-17 12:00:00', '2024-01-17 12:00:00', '2024-01-17 12:00:00', '2024-01-17 12:00:00', 'CONDUCTED', 'SIMOC P4', 'https://us06web.zoom.us/j/2318232507?pwd=ckx2MEhVNG9GQnlkNWJmMm1KZEIvZz09&omn=86061916338', NULL, NULL, NULL, '"[]"', '[]', NULL, NULL, NULL, 60, 0, 60000, 60000),
	(13, '2024-01-31 17:21:45', '2024-02-03 00:55:06', 34, 11, 19, 8, 18, '2024-01-19 12:00:00', NULL, '2024-01-19 12:00:00', '2024-01-19 12:00:00', 'BURNED', '-', 'https://us06web.zoom.us/j/2318232507?pwd=ckx2MEhVNG9GQnlkNWJmMm1KZEIvZz09&omn=86061916338', NULL, 'Murid tidak hadir sesuai jadwal pelaksanaan', NULL, '"[]"', '[]', NULL, NULL, NULL, 60, 0, 60000, 60000),
	(14, '2024-01-31 17:22:26', '2024-02-03 00:55:06', 34, 11, 19, 8, 19, '2024-01-24 12:00:00', '2024-01-24 12:00:00', '2024-01-24 12:00:00', '2024-01-24 12:00:00', 'CONDUCTED', 'SIMOC P4', 'https://us06web.zoom.us/j/2318232507?pwd=ckx2MEhVNG9GQnlkNWJmMm1KZEIvZz09&omn=86061916338', NULL, NULL, NULL, '"[]"', '[]', NULL, NULL, NULL, 60, 0, 60000, 60000),
	(15, '2024-01-31 17:22:49', '2024-02-03 00:55:06', 34, 11, 19, 8, 20, '2024-01-31 12:00:00', '2024-01-31 12:00:00', '2024-01-31 12:00:00', '2024-01-31 12:00:00', 'CONDUCTED', 'SIMOC P5 + SASMO 2020', 'https://us06web.zoom.us/j/2318232507?pwd=ckx2MEhVNG9GQnlkNWJmMm1KZEIvZz09&omn=86061916338', NULL, NULL, NULL, '"[]"', '[]', NULL, NULL, NULL, 60, 0, 60000, 60000),
	(16, '2024-01-31 17:47:20', '2024-02-03 00:55:09', 46, 13, 2, 10, 30, '2024-01-23 12:00:00', '2024-01-23 12:00:00', '2024-01-23 12:00:00', '2024-01-23 12:00:00', 'CONDUCTED', 'Perbandingan', 'https://us06web.zoom.us/j/2318232507?pwd=ckx2MEhVNG9GQnlkNWJmMm1KZEIvZz09&omn=86061916338', NULL, NULL, NULL, '"[]"', '[]', NULL, NULL, NULL, 60, 0, 60000, 60000),
	(17, '2024-01-31 17:49:25', '2024-02-03 00:55:09', 46, 13, 2, 10, 31, '2024-01-29 12:00:00', '2024-01-29 12:00:00', '2024-01-29 12:00:00', '2024-01-29 12:00:00', 'CONDUCTED', 'Perbandingan', 'https://us06web.zoom.us/j/2318232507?pwd=ckx2MEhVNG9GQnlkNWJmMm1KZEIvZz09&omn=86061916338', NULL, NULL, NULL, '"[]"', '[]', NULL, NULL, NULL, 60, 0, 60000, 60000),
	(18, '2024-01-31 17:51:52', '2024-02-03 00:55:09', 51, 13, 2, 12, 32, '2024-01-30 12:00:00', '2024-01-30 12:00:00', '2024-01-30 12:00:00', '2024-01-30 12:00:00', 'CONDUCTED', 'Himpunan', 'https://us06web.zoom.us/j/2318232507?pwd=ckx2MEhVNG9GQnlkNWJmMm1KZEIvZz09&omn=86061916338', NULL, NULL, NULL, '"[]"', '[]', NULL, NULL, NULL, 60, 0, 60000, 60000),
	(19, '2024-01-31 17:54:58', '2024-02-03 00:55:09', 52, 13, 20, 11, 33, '2024-01-30 12:00:00', '2024-01-30 12:00:00', '2024-01-30 12:00:00', '2024-01-30 12:00:00', 'CONDUCTED', 'Fraction', 'https://us06web.zoom.us/j/2318232507?pwd=ckx2MEhVNG9GQnlkNWJmMm1KZEIvZz09&omn=86061916338', NULL, NULL, NULL, '"[]"', '[]', NULL, NULL, NULL, 60, 0, 70000, 70000),
	(20, '2024-01-31 17:59:15', '2024-02-02 04:45:05', 44, 9, 21, 13, 1, '2024-01-10 12:00:00', '2024-01-10 12:00:00', '2024-01-10 12:00:00', '2024-01-10 12:00:00', 'CONDUCTED', 'P5 Unit 6 Discussion: Poetic License', 'https://us06web.zoom.us/j/2318232507?pwd=ckx2MEhVNG9GQnlkNWJmMm1KZEIvZz09&omn=86061916338', NULL, NULL, NULL, '"[]"', '[]', NULL, NULL, NULL, 60, 0, 60000, 60000),
	(21, '2024-01-31 17:59:39', '2024-02-02 04:45:05', 44, 9, 21, 13, 2, '2024-01-17 12:00:00', '2024-01-17 12:00:00', '2024-01-17 12:00:00', '2024-01-17 12:00:00', 'CONDUCTED', 'P5 Unit 6 Discussion: Cinquain Poem, Spelling Bee', 'https://us06web.zoom.us/j/2318232507?pwd=ckx2MEhVNG9GQnlkNWJmMm1KZEIvZz09&omn=86061916338', NULL, NULL, NULL, '"[]"', '[]', NULL, NULL, NULL, 60, 0, 60000, 60000),
	(22, '2024-01-31 18:00:21', '2024-02-02 04:45:05', 44, 9, 21, 13, 3, '2024-01-24 12:00:00', '2024-01-24 12:00:00', '2024-01-24 12:00:00', '2024-01-24 12:00:00', 'CONDUCTED', 'P5 Unit 6 Test Review: Limericks, Cinquain Poems, Poetic License, Homophones and Homonyms', 'https://us06web.zoom.us/j/2318232507?pwd=ckx2MEhVNG9GQnlkNWJmMm1KZEIvZz09&omn=86061916338', NULL, NULL, NULL, '"[]"', '[]', NULL, NULL, NULL, 60, 0, 60000, 60000),
	(23, '2024-02-01 00:09:04', '2024-02-02 04:45:05', 54, 9, 4, 14, 4, '2024-01-11 12:00:00', '2024-01-11 12:00:00', '2024-01-11 12:00:00', '2024-01-11 12:00:00', 'CONDUCTED', 'General English Kids Beginner Lesson 11 - My House', 'https://us06web.zoom.us/j/2318232507?pwd=ckx2MEhVNG9GQnlkNWJmMm1KZEIvZz09&omn=86061916338', NULL, NULL, NULL, '"[]"', '[]', NULL, NULL, NULL, 60, 0, 50000, 50000),
	(24, '2024-02-01 00:09:45', '2024-02-02 04:45:05', 54, 9, 4, 14, 5, '2024-01-20 12:00:00', '2024-01-20 12:00:00', '2024-01-20 12:00:00', '2024-01-20 12:00:00', 'CONDUCTED', 'General English Kids Beginner Lesson 11 - My House', 'https://us06web.zoom.us/j/2318232507?pwd=ckx2MEhVNG9GQnlkNWJmMm1KZEIvZz09&omn=86061916338', NULL, NULL, NULL, '"[]"', '[]', NULL, NULL, NULL, 30, 0, 50000, 50000),
	(25, '2024-02-01 00:10:17', '2024-02-02 04:45:05', 54, 9, 4, 14, 6, '2024-01-25 12:00:00', '2024-01-25 12:00:00', '2024-01-25 12:00:00', '2024-01-25 12:00:00', 'CONDUCTED', 'General English Kids Beginner Lesson 11 - My House', 'https://us06web.zoom.us/j/2318232507?pwd=ckx2MEhVNG9GQnlkNWJmMm1KZEIvZz09&omn=86061916338', NULL, NULL, NULL, '"[]"', '[]', NULL, NULL, NULL, 60, 0, 50000, 50000),
	(26, '2024-02-01 00:12:34', '2024-02-02 04:45:05', 53, 9, 17, 15, 7, '2024-01-18 12:00:00', '2024-01-18 12:00:00', '2024-01-18 12:00:00', '2024-01-18 12:00:00', 'CONDUCTED', 'Free Conversation: Investments, Master\'s Degree, International and Korean Age', 'https://us06web.zoom.us/j/2318232507?pwd=ckx2MEhVNG9GQnlkNWJmMm1KZEIvZz09&omn=86061916338', NULL, NULL, NULL, '"[]"', '[]', NULL, NULL, NULL, 60, 0, 12000, 85000),
	(27, '2024-02-01 00:17:22', '2024-02-03 00:55:10', 42, 15, 14, 16, 42, '2024-01-13 12:00:00', '2024-01-13 12:00:00', '2024-01-13 12:00:00', '2024-01-13 12:00:00', 'CONDUCTED', 'Conversation Skills: Discussing about New Year', 'https://us06web.zoom.us/j/2318232507?pwd=ckx2MEhVNG9GQnlkNWJmMm1KZEIvZz09&omn=86061916338', NULL, NULL, NULL, '"[]"', '[]', NULL, NULL, NULL, 60, 0, 85000, 85000),
	(28, '2024-02-01 00:17:58', '2024-02-03 00:55:10', 42, 15, 14, 16, 43, '2024-01-27 12:00:00', '2024-01-27 12:00:00', '2024-01-27 12:00:00', '2024-01-27 12:00:00', 'CONDUCTED', 'Conversation Skills: Discussing about University Policies and Systems', 'https://us06web.zoom.us/j/2318232507?pwd=ckx2MEhVNG9GQnlkNWJmMm1KZEIvZz09&omn=86061916338', NULL, NULL, NULL, '"[]"', '[]', NULL, NULL, NULL, 60, 0, 85000, 85000),
	(29, '2024-02-01 00:19:30', '2024-02-03 00:55:10', 43, 15, 14, 17, 44, '2024-01-13 12:00:00', '2024-01-13 12:00:00', '2024-01-13 12:00:00', '2024-01-13 12:00:00', 'CONDUCTED', 'Discussing Concerns for the Tutoring', 'https://us06web.zoom.us/j/2318232507?pwd=ckx2MEhVNG9GQnlkNWJmMm1KZEIvZz09&omn=86061916338', NULL, NULL, NULL, '"[]"', '[]', NULL, NULL, NULL, 60, 0, 85000, 85000),
	(30, '2024-02-01 00:24:15', '2024-02-03 00:55:10', 43, 15, 14, 17, 45, '2024-01-20 12:00:00', '2024-01-20 12:00:00', '2024-01-20 12:00:00', '2024-01-20 12:00:00', 'CONDUCTED', 'Practicing English Grammar: Multiple Choice and Fill in the Blanks', 'https://us06web.zoom.us/j/2318232507?pwd=ckx2MEhVNG9GQnlkNWJmMm1KZEIvZz09&omn=86061916338', NULL, NULL, NULL, '"[]"', '[]', NULL, NULL, NULL, 60, 0, 85000, 85000),
	(31, '2024-02-01 00:24:42', '2024-02-03 00:55:10', 43, 15, 14, 17, 46, '2024-01-27 12:00:00', '2024-01-27 12:00:00', '2024-01-27 12:00:00', '2024-01-27 12:00:00', 'CONDUCTED', 'Practicing English Grammar: Fill in the Blanks', 'https://us06web.zoom.us/j/2318232507?pwd=ckx2MEhVNG9GQnlkNWJmMm1KZEIvZz09&omn=86061916338', NULL, NULL, NULL, '"[]"', '[]', NULL, NULL, NULL, 60, 0, 85000, 85000),
	(32, '2024-02-01 00:25:01', '2024-02-03 00:55:10', 43, 15, 14, 17, 47, '2024-01-28 12:00:00', '2024-01-28 12:00:00', '2024-01-28 12:00:00', '2024-01-28 12:00:00', 'CONDUCTED', 'Practicing English Grammar: Fill in the Blanks', 'https://us06web.zoom.us/j/2318232507?pwd=ckx2MEhVNG9GQnlkNWJmMm1KZEIvZz09&omn=86061916338', NULL, NULL, NULL, '"[]"', '[]', NULL, NULL, NULL, 60, 0, 85000, 85000),
	(33, '2024-02-01 00:30:58', '2024-02-03 00:55:08', 50, 12, 5, 19, 21, '2024-01-22 12:00:00', '2024-01-22 12:00:00', '2024-01-22 12:00:00', '2024-01-22 12:00:00', 'CONDUCTED', 'Present Perfect Tense', 'https://us06web.zoom.us/j/2318232507?pwd=ckx2MEhVNG9GQnlkNWJmMm1KZEIvZz09&omn=86061916338', NULL, NULL, NULL, '"[]"', '[]', NULL, NULL, NULL, 60, 0, 60000, 60000),
	(34, '2024-02-01 00:34:49', '2024-02-03 00:55:08', 45, 12, 4, 20, 22, '2024-01-18 12:00:00', '2024-01-18 12:00:00', '2024-01-18 12:00:00', '2024-01-18 12:00:00', 'CONDUCTED', 'Answering the Writing Test', 'https://us06web.zoom.us/j/2318232507?pwd=ckx2MEhVNG9GQnlkNWJmMm1KZEIvZz09&omn=86061916338', NULL, NULL, NULL, '"[]"', '[]', NULL, NULL, NULL, 30, 0, 50000, 50000),
	(35, '2024-02-01 00:35:12', '2024-02-03 00:55:08', 45, 12, 4, 20, 23, '2024-01-23 12:00:00', '2024-01-23 12:00:00', '2024-01-23 12:00:00', '2024-01-23 12:00:00', 'CONDUCTED', 'Practice : Speaking', 'https://us06web.zoom.us/j/2318232507?pwd=ckx2MEhVNG9GQnlkNWJmMm1KZEIvZz09&omn=86061916338', NULL, NULL, NULL, '"[]"', '[]', NULL, NULL, NULL, 30, 0, 50000, 50000),
	(36, '2024-02-01 00:36:43', '2024-02-03 00:55:08', 45, 12, 4, 20, 24, '2024-01-25 12:00:00', '2024-01-25 12:00:00', '2024-01-25 12:00:00', '2024-01-25 12:00:00', 'CONDUCTED', 'Practice : Simple Past Tense', 'https://us06web.zoom.us/j/2318232507?pwd=ckx2MEhVNG9GQnlkNWJmMm1KZEIvZz09&omn=86061916338', NULL, NULL, NULL, '"[]"', '[]', NULL, NULL, NULL, 30, 0, 50000, 50000),
	(37, '2024-02-01 00:40:13', '2024-02-03 00:55:08', 35, 12, 5, 21, 25, '2024-01-16 12:00:00', '2024-01-16 12:00:00', '2024-01-16 12:00:00', '2024-01-16 12:00:00', 'CONDUCTED', 'Practice speaking + writing Positive Degree', 'https://us06web.zoom.us/j/2318232507?pwd=ckx2MEhVNG9GQnlkNWJmMm1KZEIvZz09&omn=86061916338', NULL, NULL, NULL, '"[]"', '[]', NULL, NULL, NULL, 60, 0, 60000, 60000),
	(38, '2024-02-01 00:40:34', '2024-02-03 00:55:08', 35, 12, 5, 21, 26, '2024-01-18 12:00:00', '2024-01-18 12:00:00', '2024-01-18 12:00:00', '2024-01-18 12:00:00', 'CONDUCTED', 'Practice writing and speaking Positive degree and Comparative degree', 'https://us06web.zoom.us/j/2318232507?pwd=ckx2MEhVNG9GQnlkNWJmMm1KZEIvZz09&omn=86061916338', NULL, NULL, NULL, '"[]"', '[]', NULL, NULL, NULL, 60, 0, 60000, 60000),
	(39, '2024-02-01 00:40:57', '2024-02-03 00:55:08', 35, 12, 5, 21, 27, '2024-01-23 12:00:00', '2024-01-23 12:00:00', '2024-01-23 12:00:00', '2024-01-23 12:00:00', 'CONDUCTED', 'Practice writing positive degree + comparative degree', 'https://us06web.zoom.us/j/2318232507?pwd=ckx2MEhVNG9GQnlkNWJmMm1KZEIvZz09&omn=86061916338', NULL, NULL, NULL, '"[]"', '[]', NULL, NULL, NULL, 60, 0, 60000, 60000),
	(40, '2024-02-01 00:41:34', '2024-02-03 00:55:08', 35, 12, 5, 21, 28, '2024-01-27 12:00:00', '2024-01-27 12:00:00', '2024-01-27 12:00:00', '2024-01-27 12:00:00', 'CONDUCTED', 'Practice writing comparative degree', 'https://us06web.zoom.us/j/2318232507?pwd=ckx2MEhVNG9GQnlkNWJmMm1KZEIvZz09&omn=86061916338', NULL, NULL, NULL, '"[]"', '[]', NULL, NULL, NULL, 30, 0, 60000, 60000),
	(41, '2024-02-01 00:42:01', '2024-02-03 00:55:08', 35, 12, 5, 21, 29, '2024-01-30 12:00:00', '2024-01-30 12:00:00', '2024-01-30 12:00:00', '2024-01-30 12:00:00', 'CONDUCTED', 'Practice writing comparative degree', 'https://us06web.zoom.us/j/2318232507?pwd=ckx2MEhVNG9GQnlkNWJmMm1KZEIvZz09&omn=86061916338', NULL, NULL, NULL, '"[]"', '[]', NULL, NULL, NULL, 30, 0, 60000, 60000),
	(42, '2024-02-01 00:46:30', '2024-02-03 00:55:09', 40, 14, 2, 22, 34, '2024-01-07 12:00:00', '2024-01-07 12:00:00', '2024-01-07 12:00:00', '2024-01-07 12:00:00', 'CONDUCTED', 'Persamaan Garis Lurus (PGL)', 'https://us06web.zoom.us/j/2318232507?pwd=ckx2MEhVNG9GQnlkNWJmMm1KZEIvZz09&omn=86061916338', NULL, NULL, NULL, '"[]"', '[]', NULL, NULL, NULL, 60, 0, 60000, 60000),
	(43, '2024-02-01 00:47:18', '2024-02-03 00:55:09', 40, 14, 2, 22, 35, '2024-01-12 12:00:00', NULL, '2024-01-12 12:00:00', '2024-01-12 12:00:00', 'BURNED', 'Murid tidak hadir sesuai jadwal yang telah disepakati', 'https://us06web.zoom.us/j/2318232507?pwd=ckx2MEhVNG9GQnlkNWJmMm1KZEIvZz09&omn=86061916338', NULL, NULL, NULL, '"[]"', '[]', NULL, NULL, NULL, 60, 0, 60000, 60000),
	(44, '2024-02-01 00:48:35', '2024-02-03 00:55:09', 40, 14, 2, 22, 36, '2024-01-13 12:00:00', '2024-01-13 12:00:00', '2024-01-13 12:00:00', '2024-01-13 12:00:00', 'CONDUCTED', 'Persamaan Garis Lurus (PGL)', 'https://us06web.zoom.us/j/2318232507?pwd=ckx2MEhVNG9GQnlkNWJmMm1KZEIvZz09&omn=86061916338', NULL, NULL, NULL, '"[]"', '[]', NULL, NULL, NULL, 60, 0, 60000, 60000),
	(45, '2024-02-01 00:49:01', '2024-02-03 00:55:09', 40, 14, 2, 22, 37, '2024-01-21 12:00:00', '2024-01-21 12:00:00', '2024-01-21 12:00:00', '2024-01-21 12:00:00', 'CONDUCTED', 'Persamaan Garis Lurus (PGL)', 'https://us06web.zoom.us/j/2318232507?pwd=ckx2MEhVNG9GQnlkNWJmMm1KZEIvZz09&omn=86061916338', NULL, NULL, NULL, '"[]"', '[]', NULL, NULL, NULL, 60, 0, 60000, 60000),
	(46, '2024-02-01 00:51:17', '2024-02-03 00:55:09', 40, 14, 2, 22, 38, '2024-01-25 12:00:00', '2024-01-25 12:00:00', '2024-01-25 12:00:00', '2024-01-25 12:00:00', 'CONDUCTED', 'Persamaan Garis Lurus (PGL)', 'https://us06web.zoom.us/j/2318232507?pwd=ckx2MEhVNG9GQnlkNWJmMm1KZEIvZz09&omn=86061916338', NULL, NULL, NULL, '"[]"', '[]', NULL, NULL, NULL, 60, 0, 60000, 60000),
	(47, '2024-02-01 00:53:46', '2024-02-03 00:55:10', 50, 14, 2, 19, 39, '2024-01-18 12:00:00', '2024-01-18 12:00:00', '2024-01-18 12:00:00', '2024-01-18 12:00:00', 'CONDUCTED', 'Kekongruenan dan Kesebangunan', 'https://us06web.zoom.us/j/2318232507?pwd=ckx2MEhVNG9GQnlkNWJmMm1KZEIvZz09&omn=86061916338', NULL, NULL, NULL, '"[]"', '[]', NULL, NULL, NULL, 60, 0, 60000, 60000),
	(48, '2024-02-01 00:54:06', '2024-02-03 00:55:10', 50, 14, 2, 19, 40, '2024-01-25 12:00:00', '2024-01-25 12:00:00', '2024-01-25 12:00:00', '2024-01-25 12:00:00', 'CONDUCTED', 'Kekongruenan dan Kesebangunan', 'https://us06web.zoom.us/j/2318232507?pwd=ckx2MEhVNG9GQnlkNWJmMm1KZEIvZz09&omn=86061916338', NULL, NULL, NULL, '"[]"', '[]', NULL, NULL, NULL, 60, 0, 60000, 60000),
	(49, '2024-02-01 01:40:58', '2024-02-02 03:05:05', 34, 11, 19, NULL, NULL, '2024-02-01 15:00:00', '2024-02-01 15:06:17', '2024-02-01 14:58:10', '2024-02-01 16:02:17', 'CONDUCTED', 'SASMO G3 2020', 'https://us06web.zoom.us/j/2318232507?pwd=ckx2MEhVNG9GQnlkNWJmMm1KZEIvZz09&omn=86061916338', '', NULL, '- Abam perlu lebih fokus dan mendengarkan, jangan terburu-buru skip atau menebak-nebak ketika ada soal yang perlu ketelitian (ex: menghitung jumlah bangun pada gambar)\n- Ada kesalahan teknis sedikit sehingga mengganggu konsentrasi abam tadi', '"[\\"https:\\\\/\\\\/drive.google.com\\\\/file\\\\/d\\\\/1wLYmRYzRVwRVZTn6-U1TkG8crWsfu-K1\\\\/view?usp=drive_link\\"]"', '[]', NULL, NULL, 'Meeting-00049', 60, 0, 60000, 60000),
	(50, '2024-02-01 01:41:26', '2024-02-03 00:55:50', 33, 11, 14, NULL, NULL, '2024-02-02 19:00:00', NULL, '2024-02-02 18:37:06', '2024-02-02 19:35:12', 'CONDUCTED', 'TOEFL Listening Practice', 'https://us06web.zoom.us/j/2318232507?pwd=ckx2MEhVNG9GQnlkNWJmMm1KZEIvZz09&omn=86061916338', NULL, NULL, 'murid hadir, tapi tidak bisa mark attendance', '"[\\"https:\\\\/\\\\/www.youtube.com\\\\/watch?v=vv1zBJQjl3k\\",\\"https:\\\\/\\\\/www.examenglish.com\\\\/TOEFL\\\\/toefl_listening.html#google_vignette\\"]"', '[]', NULL, NULL, NULL, 60, 0, 85000, 85000),
	(51, '2024-02-01 05:10:50', '2024-02-03 00:55:10', 40, 14, 2, 22, 41, '2024-01-28 12:00:00', '2024-01-28 12:00:00', '2024-01-28 12:00:00', '2024-01-28 12:00:00', 'CONDUCTED', 'Persamaan Garis Lurus (PGL)', 'https://us06web.zoom.us/j/2318232507?pwd=ckx2MEhVNG9GQnlkNWJmMm1KZEIvZz09&omn=86061916338', NULL, NULL, NULL, '"[]"', '[]', NULL, NULL, NULL, 60, 0, 60000, 60000),
	(52, '2024-02-01 05:14:01', '2024-02-07 12:47:42', 46, 13, 2, NULL, NULL, '2024-02-07 18:00:00', NULL, '2024-02-07 18:03:33', '2024-02-07 19:05:00', 'CONDUCTED', 'Perbandingan', 'https://us06web.zoom.us/j/2318232507?pwd=ckx2MEhVNG9GQnlkNWJmMm1KZEIvZz09&omn=86061916338', '<ul>\n<li>Pembahasan latihan soal</li>\n<li>Pembahasan penulisan perbandingan berbeda satuan</li>\n<li>Pembahasan mengenai aritmatika sosial</li>\n</ul>', 'Lebih teliti dalam membaca soal, terkadang ada angka yang terlewat atau tidak ditulis, sehingga mengakibatkan pengerjaan soal menjadi tidak tepat karena ketidaktelitian', NULL, '"[]"', '[]', NULL, NULL, 'Meeting-00052', 60, 0, 60000, 60000),
	(53, '2024-02-01 05:14:51', '2024-02-06 12:50:05', 51, 13, 2, NULL, NULL, '2024-02-06 17:30:00', NULL, '2024-02-06 17:30:32', '2024-02-06 18:45:43', 'CONDUCTED', 'Himpunan - Mengerjakan PR', 'https://us06web.zoom.us/j/2318232507?pwd=ckx2MEhVNG9GQnlkNWJmMm1KZEIvZz09&omn=86061916338', '<ul>\n<li>Cara penulisan himpunan dalam matematika</li>\n<li>Cara menulis &lt; dan &gt; dalam matematika</li>\n<li>Cara menghubungkan 2 fungsi dalam himpunan matematika</li>\n</ul>', 'Matahari sudah bisa menangkap materi dengan baik, namun sebaiknya saat mereview simbol-simbol matematika agar bisa menjawab soal matematika dengan lebih cepat.', NULL, '"[\\"https:\\\\/\\\\/brainly.co.id\\\\/jawaban-buku\\\\/q-f-fungsi-himpunan-a-2-3-4-2ryx2k?source=qa-qp-match#q-f-fungsi-himpunan-a-2-3-4-abkj4q\\"]"', '[]', NULL, NULL, 'Meeting-00053', 60, 0, 60000, 60000),
	(54, '2024-02-01 05:15:39', '2024-02-06 11:15:40', 52, 13, 20, NULL, NULL, '2024-02-06 18:30:00', NULL, NULL, NULL, 'CANCELLED', NULL, 'https://us06web.zoom.us/j/2318232507?pwd=ckx2MEhVNG9GQnlkNWJmMm1KZEIvZz09&omn=86061916338', NULL, NULL, NULL, '"[]"', '[]', NULL, NULL, NULL, 60, 0, 70000, 70000),
	(55, '2024-02-01 05:16:52', '2024-02-02 04:46:51', 54, 9, 4, NULL, NULL, '2024-02-01 19:00:00', NULL, '2024-02-01 19:07:37', NULL, 'CANCELLED', NULL, 'https://us06web.zoom.us/j/2318232507?pwd=ckx2MEhVNG9GQnlkNWJmMm1KZEIvZz09&omn=86061916338', NULL, NULL, NULL, '"[]"', '[]', NULL, NULL, NULL, 60, 0, 50000, 50000),
	(56, '2024-02-01 05:17:34', '2024-02-04 00:19:38', 44, 9, 21, NULL, NULL, '2024-02-03 20:00:00', NULL, NULL, NULL, 'CANCELLED', NULL, 'https://us06web.zoom.us/j/2318232507?pwd=ckx2MEhVNG9GQnlkNWJmMm1KZEIvZz09&omn=86061916338', NULL, NULL, NULL, '"[]"', '[]', NULL, NULL, NULL, 60, 0, 60000, 60000),
	(57, '2024-02-01 05:18:09', '2024-02-06 13:43:56', 54, 9, 4, NULL, NULL, '2024-02-06 19:00:00', NULL, '2024-02-06 19:19:47', '2024-02-06 19:55:56', 'CONDUCTED', 'Lesson 12 - Where I Live Project', 'https://us06web.zoom.us/j/2318232507?pwd=ckx2MEhVNG9GQnlkNWJmMm1KZEIvZz09&omn=86061916338', '<p><a href="https://drive.google.com/file/d/1a-2bC6KfSjTke4VD1fRAXLgp7ElgFyxg/view?usp=drive_link">https://drive.google.com/file/d/1a-2bC6KfSjTke4VD1fRAXLgp7ElgFyxg/view?usp=drive_link</a> (MODIFIED)</p>', 'Practice making sentences!', 'Kelas telat dijalankan (mulai sekitar jam 7.10 WIB)', '"[]"', '[]', NULL, NULL, 'Meeting-00057', 60, 0, 50000, 50000),
	(58, '2024-02-01 05:18:33', '2024-02-09 00:29:56', 44, 9, 21, NULL, NULL, '2024-02-08 20:00:00', NULL, '2024-02-08 20:14:21', '2024-02-08 21:37:40', 'CONDUCTED', 'P5 English Listening Test Practice', 'https://us06web.zoom.us/j/2318232507?pwd=ckx2MEhVNG9GQnlkNWJmMm1KZEIvZz09&omn=86061916338', '', 'Practice listening more, especially with longer conversations. I\'ll send you a link for listening exercises here: https://learnenglishteens.britishcouncil.org/skills/listening/b2-listening/high-achieving-teenagers\nhttps://learnenglishteens.britishcouncil.org/skills/listening/b1-listening/my-favourite-film\nhttps://learnenglishteens.britishcouncil.org/skills/listening/b2-listening/whats-name', 'Kamera video dimatikan karena masalah sinyal internet (sudah disetujui sebelum kelas)', '"[]"', '[]', 'https://drive.google.com/file/d/1XGqETWKCNFhZbnCGYZr9ITjCBNW2yJSu/view?usp=drive_link', NULL, 'Meeting-00058', 60, 0, 60000, 60000),
	(59, '2024-02-01 05:19:11', '2024-02-02 04:36:50', 40, 14, 2, NULL, NULL, '2024-02-01 14:00:00', NULL, '2024-02-01 14:31:19', '2024-02-01 15:17:36', 'CONDUCTED', 'Persamaan Garis Lurus (PGL)', 'https://us06web.zoom.us/j/2318232507?pwd=ckx2MEhVNG9GQnlkNWJmMm1KZEIvZz09&omn=86061916338', '<p>Latihan soal PGL mengenai:</p>\n<ol>\n<li>cara mencari gradien dari persamaan garis</li>\n<li>cara mencari gradien dari grafik</li>\n<li>cara mencari gradien apabila diketahui 2 titik yang dilalui garis</li>\n<li>cara menentukan persamaan garis yang melalui 2 titik</li>\n<li>cara menentukan persamaan garis yang diketahui gradien dan melalui 1 titik</li>\n</ol>', 'Progres minggu ini, Chris sudah bisa mengerjakan soal dengan lebih baik dan lebih cepat. Chris juga bisa mengingat rumus untuk setiap jenis soal yang dikerjakan. Hanya saja Chris harus lebih teliti lagi dalam melakukan operasi matematika.', 'Kelas berlangsung selama 60 menit.\nKelas dimulai pukul 14.00 WIB dan berakhir pukul 15.02 WIB', '"[]"', '[]', NULL, NULL, 'Meeting-00059', 60, 0, 60000, 60000),
	(60, '2024-02-01 05:20:27', '2024-02-01 09:50:03', 50, 14, 2, NULL, NULL, '2024-02-01 16:30:00', NULL, '2024-02-01 16:32:18', NULL, 'CANCELLED', NULL, 'https://us06web.zoom.us/j/2318232507?pwd=ckx2MEhVNG9GQnlkNWJmMm1KZEIvZz09&omn=86061916338', NULL, NULL, NULL, '"[]"', '[]', NULL, NULL, NULL, 60, 0, 60000, 60000),
	(61, '2024-02-01 05:20:54', '2024-02-03 02:14:12', 40, 14, 2, NULL, NULL, '2024-02-04 14:00:00', NULL, NULL, NULL, 'CANCELLED', NULL, 'https://us06web.zoom.us/j/2318232507?pwd=ckx2MEhVNG9GQnlkNWJmMm1KZEIvZz09&omn=86061916338', NULL, NULL, NULL, '"[]"', '[]', NULL, NULL, NULL, 60, 0, 60000, 60000),
	(62, '2024-02-01 07:58:29', '2024-02-04 14:27:39', 45, 12, 4, NULL, NULL, '2024-02-01 17:00:00', NULL, '2024-02-04 16:12:17', '2024-02-04 16:12:53', 'CONDUCTED', 'Simple Past Tense', 'https://us06web.zoom.us/j/2318232507?pwd=ckx2MEhVNG9GQnlkNWJmMm1KZEIvZz09&omn=86061916338', '<p>Simple Past Tense&nbsp;</p>\n<p>S + V2 + C&nbsp;</p>\n<p>Regular verb 2 = ....+ED</p>\n<p>Irregular verb 2 = Sleep, slept, slept</p>', 'William understands the material', NULL, '"[]"', '[]', 'https://drive.google.com/file/d/1b1348iBYJmnNHT44XogRQXF63tkDodTu/view?usp=drive_link', NULL, 'Meeting-00062', 60, 0, 50000, 50000),
	(63, '2024-02-01 07:59:05', '2024-02-04 14:24:18', 35, 12, 5, NULL, NULL, '2024-02-01 20:00:00', NULL, '2024-02-04 18:57:06', '2024-02-04 20:13:25', 'CONDUCTED', 'Comparative degree ', 'https://us06web.zoom.us/j/2318232507?pwd=ckx2MEhVNG9GQnlkNWJmMm1KZEIvZz09&omn=86061916338', '<p>Rumus Comparative degree adjective one syllable&nbsp;</p>\n<p>adjective +er</p>\n<p>adjective more than one syllable&nbsp;</p>\n<p>more + adjective&nbsp;</p>', 'keep spirit for studying', 'Kelas berlangsung selama 45 menit. Dimulai pukul 20.00-20.45', '"[]"', '[]', NULL, NULL, NULL, 45, 0, 60000, 60000),
	(64, '2024-02-01 07:59:37', '2024-02-04 14:24:12', 50, 12, 5, NULL, NULL, '2024-02-04 18:00:00', NULL, '2024-02-04 20:15:24', '2024-02-04 20:27:48', 'CONDUCTED', 'Present Perfect Tense and Report Text (Reading Comprehension)', 'https://us06web.zoom.us/j/2318232507?pwd=ckx2MEhVNG9GQnlkNWJmMm1KZEIvZz09&omn=86061916338', '<p>Review writing structure of present perfect tense&nbsp;</p>\n<p>speaking present perfect tense&nbsp;</p>\n<p>reading comprehension</p>', NULL, 'Kelas dilaksanakan selama 60 menit. dimulai pukul 19.00 - 20.00', '"[]"', '[]', 'https://drive.google.com/file/d/1fyf1witYVT0DeyBv4u_ULDwG-fpLOlPq/view?usp=drive_link', NULL, 'Meeting-00064', 60, 0, 60000, 60000),
	(65, '2024-02-03 02:12:06', '2024-02-04 02:31:08', 42, 15, 14, NULL, NULL, '2024-02-03 10:00:00', NULL, NULL, NULL, 'CANCELLED', NULL, 'https://us06web.zoom.us/j/2318232507?pwd=ckx2MEhVNG9GQnlkNWJmMm1KZEIvZz09&omn=86061916338', NULL, NULL, NULL, '"[]"', '[]', NULL, NULL, NULL, 60, 0, 85000, NULL),
	(66, '2024-02-03 02:35:44', '2024-02-10 03:08:42', 43, 15, 14, NULL, NULL, '2024-02-10 12:00:00', NULL, NULL, NULL, 'CANCELLED', NULL, 'https://us06web.zoom.us/j/2318232507?pwd=ckx2MEhVNG9GQnlkNWJmMm1KZEIvZz09&omn=86061916338', NULL, NULL, NULL, '"[]"', '[]', NULL, NULL, NULL, 60, 0, 85000, NULL),
	(67, '2024-02-03 02:39:55', '2024-02-11 13:53:06', 43, 15, 14, NULL, NULL, '2024-02-11 10:00:00', NULL, NULL, NULL, 'CANCELLED', NULL, 'https://us06web.zoom.us/j/2318232507?pwd=ckx2MEhVNG9GQnlkNWJmMm1KZEIvZz09&omn=86061916338', NULL, NULL, NULL, '"[]"', '[]', NULL, NULL, NULL, 60, 0, 85000, NULL),
	(69, '2024-02-04 14:25:10', '2024-02-13 04:41:17', 35, 12, 5, NULL, NULL, '2024-02-06 20:00:00', NULL, '2024-02-06 21:06:50', '2024-02-06 21:07:02', 'CONDUCTED', 'Superlative Degree', 'https://us06web.zoom.us/j/2318232507?pwd=ckx2MEhVNG9GQnlkNWJmMm1KZEIvZz09&omn=86061916338', '<p>1 syllable adjective+est&nbsp;</p>\n<p>&gt;1 syllable most + adjective</p>', NULL, NULL, '"[]"', '[]', NULL, NULL, NULL, 30, 0, 60000, NULL),
	(70, '2024-02-04 14:26:29', '2024-02-13 04:39:11', 50, 12, 5, NULL, NULL, '2024-02-06 19:00:00', NULL, '2024-02-06 19:02:53', '2024-02-06 20:02:39', 'CONDUCTED', 'Report Text', 'https://us06web.zoom.us/j/2318232507?pwd=ckx2MEhVNG9GQnlkNWJmMm1KZEIvZz09&omn=86061916338', '<p>Joanna is asked to arrange an example of report text</p>', NULL, NULL, '"[]"', '[]', NULL, NULL, NULL, 60, 0, 60000, NULL),
	(71, '2024-02-05 07:50:11', '2024-02-06 03:47:30', 41, 11, 5, NULL, NULL, '2024-02-05 18:00:00', '2024-02-05 18:06:43', '2024-02-05 18:01:32', '2024-02-05 19:01:03', 'CONDUCTED', 'Latihan Presentasi "Turmeric as a Natural Anti-Inflammatory"', 'https://us06web.zoom.us/j/2318232507?pwd=ckx2MEhVNG9GQnlkNWJmMm1KZEIvZz09&omn=86061916338', NULL, NULL, NULL, '"[]"', '"[]"', NULL, NULL, 'Meeting-00071', 60, 0, 60000, NULL),
	(72, '2024-02-05 07:50:47', '2024-02-21 01:49:37', 41, 11, 5, NULL, NULL, '2024-02-07 18:00:00', '2024-02-05 18:05:58', NULL, NULL, 'CONDUCTED', NULL, 'https://us06web.zoom.us/j/2318232507?pwd=ckx2MEhVNG9GQnlkNWJmMm1KZEIvZz09&omn=86061916338', NULL, NULL, NULL, '"[]"', '"[]"', NULL, NULL, NULL, 60, 0, 60000, NULL),
	(73, '2024-02-06 11:17:06', '2024-02-14 00:42:33', 45, 12, 4, NULL, NULL, '2024-02-09 09:00:00', NULL, '2024-02-09 09:40:20', '2024-02-13 11:26:56', 'CONDUCTED', 'Simple Past Tense', 'https://us06web.zoom.us/j/2318232507?pwd=ckx2MEhVNG9GQnlkNWJmMm1KZEIvZz09&omn=86061916338', '<p>Simple Past Tense&nbsp;</p>\n<p>S + v2 + C&nbsp;</p>\n<p>S + didn\'t + V1 + c</p>\n<p>Did + S + V1 + C?</p>', NULL, 'Durasi belajar selama 30 menit dari ppukul 09.00 - 09.30', '"[]"', '"[]"', NULL, NULL, NULL, 30, 0, 50000, NULL),
	(74, '2024-02-06 13:52:13', '2024-02-08 12:33:09', 54, 9, 4, NULL, NULL, '2024-02-08 19:00:00', NULL, '2024-02-08 18:56:59', '2024-02-08 19:25:05', 'CANCELLED', NULL, 'https://us06web.zoom.us/j/2318232507?pwd=ckx2MEhVNG9GQnlkNWJmMm1KZEIvZz09&omn=86061916338', NULL, NULL, NULL, '"[]"', '"[]"', NULL, NULL, NULL, 60, 0, 50000, NULL),
	(75, '2024-02-09 00:28:14', '2024-02-14 03:51:22', 35, 12, 5, NULL, NULL, '2024-02-09 20:00:00', NULL, '2024-02-13 11:41:51', '2024-02-13 11:44:32', 'CONDUCTED', 'Superlative Degree', 'https://us06web.zoom.us/j/2318232507?pwd=ckx2MEhVNG9GQnlkNWJmMm1KZEIvZz09&omn=86061916338', '<p>1 syllable adejective + est&nbsp;</p>\n<p>&gt;1 syllable most + adjective</p>', NULL, NULL, '"[]"', '"[]"', NULL, NULL, NULL, 30, 0, 60000, NULL),
	(76, '2024-02-11 13:53:49', '2024-02-19 01:44:20', 42, 15, 14, NULL, NULL, '2024-02-17 10:00:00', NULL, '2024-02-17 21:10:10', '2024-02-17 21:10:53', 'CONDUCTED', 'General Discussion', 'https://us06web.zoom.us/j/2318232507?pwd=ckx2MEhVNG9GQnlkNWJmMm1KZEIvZz09&omn=86061916338', '<p>Discussion on Architecture field of occupation.&nbsp;</p>', NULL, '- Kelas dimulai pukul 10.30 - 11.15. \n- Materi kelas yang dibawakan adalah general discussion dengan topic seputar pekerjaan yang dilakukan sebagai arsitektur. ', '"[]"', '"[]"', NULL, NULL, NULL, 45, 0, 85000, NULL),
	(77, '2024-02-11 13:54:25', '2024-02-19 01:42:05', 43, 15, 14, NULL, NULL, '2024-02-17 12:00:00', NULL, '2024-02-17 21:11:13', '2024-02-18 10:50:31', 'CONDUCTED', 'Preparation for Assessment Test', 'https://us06web.zoom.us/j/2318232507?pwd=ckx2MEhVNG9GQnlkNWJmMm1KZEIvZz09&omn=86061916338', '<ul>\n<li>Explanation of Report Text</li>\n<li>Exercises on Report Test: Making outlines for different topics.&nbsp;</li>\n</ul>', NULL, '- Kelas dimulai pukul 12:00 - 13:00. \n- Materi kelas yang dibahas adalah persiapan Assessment Test Kak Della bagian writing "Report Text" \n- Latihan yang diberikan: membuat outline Report Text untuk beberapa topik yang sudah disediakan, misalnya mengenai gajah. ', '"[]"', '"[]"', NULL, NULL, NULL, 60, 0, 85000, NULL),
	(78, '2024-02-12 10:48:51', '2024-02-13 01:00:37', 44, 9, 21, NULL, NULL, '2024-02-12 20:00:00', NULL, '2024-02-12 20:03:45', '2024-02-12 20:58:51', 'CONDUCTED', 'P5 English Listening Test Practice (2)', 'https://us06web.zoom.us/j/2318232507?pwd=ckx2MEhVNG9GQnlkNWJmMm1KZEIvZz09&omn=86061916338', '<p>Latihan tambahan&nbsp;<br><a href="https://learnenglishteens.britishcouncil.org/skills/listening/b2-listening/high-achieving-teenagers">https://learnenglishteens.britishcouncil.org/skills/listening/b2-listening/high-achieving-teenagers</a><br><a href="https://learnenglishteens.britishcouncil.org/skills/listening/b2-listening/whats-name">https://learnenglishteens.britishcouncil.org/skills/listening/b2-listening/whats-name</a></p>\n<p>&nbsp;</p>', 'Latihan listening yg lebih menantang: https://learnenglishteens.britishcouncil.org/skills/listening/c1-listening/living-online', 'Kelas dimulai agak telat, sekitar 3 menit setelah jam 8WIB', '"[]"', '"[]"', NULL, NULL, 'Meeting-00078', 60, 0, 60000, NULL),
	(79, '2024-02-12 10:49:40', '2024-02-14 00:40:25', 54, 9, 4, NULL, NULL, '2024-02-13 19:00:00', NULL, '2024-02-13 19:00:02', '2024-02-13 19:24:28', 'CANCELLED', NULL, 'https://us06web.zoom.us/j/2318232507?pwd=ckx2MEhVNG9GQnlkNWJmMm1KZEIvZz09&omn=86061916338', NULL, NULL, 'Murid tidak masuk', '"[]"', '"[]"', NULL, NULL, NULL, 60, 0, 50000, NULL),
	(80, '2024-02-12 10:50:43', '2024-02-17 02:17:38', 54, 9, 4, NULL, NULL, '2024-02-15 19:00:00', NULL, '2024-02-15 18:56:16', '2024-02-15 20:17:47', 'CONDUCTED', 'Lesson 13 - Animals ', 'https://us06web.zoom.us/j/2318232507?pwd=ckx2MEhVNG9GQnlkNWJmMm1KZEIvZz09&omn=86061916338', '<p>Lesson 13 - Animals (from English for Everyone Junior - Modified)</p>', 'Good progress in sentence and question making. ', 'Dijalankan di WhatsApp', '"[\\"https:\\\\/\\\\/drive.google.com\\\\/file\\\\/d\\\\/1a-2bC6KfSjTke4VD1fRAXLgp7ElgFyxg\\\\/view?usp=sharing\\"]"', '"[]"', NULL, NULL, 'Meeting-00080', 60, 0, 50000, NULL),
	(81, '2024-02-12 12:00:13', '2024-02-13 01:00:06', 46, 13, 2, NULL, NULL, '2024-02-12 19:00:00', NULL, '2024-02-12 19:02:00', '2024-02-12 20:05:51', 'CONDUCTED', 'Aritmatika Sosial', 'https://us06web.zoom.us/j/2318232507?pwd=ckx2MEhVNG9GQnlkNWJmMm1KZEIvZz09&omn=86061916338', '<ul>\n<li>Pembahasan untung, rugi, harga beli, dan harga jual</li>\n<li>Pembahasan latihan soal</li>\n<li>Pembahasan persentase untung dan rugi</li>\n</ul>', 'Berlatih untuk menghitung dengan pembagian bersusun dan berlatih lagi untuk pemahaman persentase', NULL, '"[]"', '"[]"', NULL, NULL, NULL, 60, 0, 60000, NULL),
	(82, '2024-02-12 12:02:37', '2024-02-14 00:41:00', 51, 13, 2, NULL, NULL, '2024-02-13 17:30:00', NULL, '2024-02-13 19:17:39', '2024-02-13 19:21:36', 'CONDUCTED', 'Fungsi', 'https://us06web.zoom.us/j/2318232507?pwd=ckx2MEhVNG9GQnlkNWJmMm1KZEIvZz09&omn=86061916338', '<ul>\n<li>Mempelajari pola f(x)=ax+b</li>\n<li>Mencari tahu f(x) dan x</li>\n<li>Menginput nilai x dan y</li>\n<li>Pembuatan grafik (x,y)</li>\n</ul>', 'Memahami kembali pola fungsi, karena ada beberapa hal yang masih bingung untuk dipahami oleh murid.', NULL, '"[]"', '"[]"', 'https://drive.google.com/file/d/1RxTkKsrX_0uFJrYG7BQpSGOKs-KhuliM/view?usp=drive_link', NULL, 'Meeting-00082', 60, 0, 60000, NULL),
	(83, '2024-02-12 12:03:33', '2024-02-14 00:40:49', 52, 13, 20, NULL, NULL, '2024-02-13 18:30:00', NULL, NULL, NULL, 'CONDUCTED', 'Mengerjakan PR', 'https://us06web.zoom.us/j/2318232507?pwd=ckx2MEhVNG9GQnlkNWJmMm1KZEIvZz09&omn=86061916338', '<ul>\n<li>Sequence</li>\n<li>Perimeter</li>\n<li>Square calculation</li>\n</ul>', 'Reviewing again the material that has been studied before, from the previous material.', NULL, '"[]"', '"[]"', NULL, NULL, 'Meeting-00083', 60, 0, 70000, NULL),
	(84, '2024-02-12 12:04:07', '2024-02-14 00:42:13', 50, 12, 5, NULL, NULL, '2024-02-12 19:00:00', NULL, '2024-02-13 11:46:25', '2024-02-13 11:49:34', 'CONDUCTED', '5 Tenses and Advertisement', 'https://us06web.zoom.us/j/2318232507?pwd=ckx2MEhVNG9GQnlkNWJmMm1KZEIvZz09&omn=86061916338', '<p>Simple Present Tense, Continuous and present perfect tense&nbsp;</p>\n<p>S + have/has + v3</p>\n<p>Simple Past Tense, Continuous&nbsp;</p>\n<p>Advertisement Barang and Jasa&nbsp;</p>\n<p>Tugasnya membuat iklan barang atau Jasa di canva and presentation</p>', NULL, NULL, '"[]"', '"[]"', NULL, NULL, NULL, 60, 0, 60000, NULL),
	(85, '2024-02-12 12:04:31', '2024-02-14 00:41:59', 35, 12, 5, NULL, NULL, '2024-02-12 20:00:00', NULL, '2024-02-13 11:49:56', '2024-02-13 11:51:55', 'CONDUCTED', 'Comparative degree and superlative degree', 'https://us06web.zoom.us/j/2318232507?pwd=ckx2MEhVNG9GQnlkNWJmMm1KZEIvZz09&omn=86061916338', '<p>-</p>', 'Tinggal Speaking practicenya saja ditingkatkan sedikit terkendala di device siswa', 'Durasi selama 30 menit', '"[]"', '"[]"', NULL, NULL, NULL, 30, 0, 60000, NULL),
	(86, '2024-02-14 00:43:14', '2024-02-15 09:09:39', 34, 11, 19, NULL, NULL, '2024-02-15 15:00:00', NULL, '2024-02-15 15:02:53', '2024-02-15 16:00:19', 'CONDUCTED', 'linear equation 3 variables', 'https://us06web.zoom.us/j/2318232507?pwd=ckx2MEhVNG9GQnlkNWJmMm1KZEIvZz09&omn=86061916338', '', NULL, 'kelas dimulai: 15.08\nkelas selesai: 16.00\n\nabam sudah mark attendance, tapi keterangannya tidak muncul di rincian kelas.', '"[\\"https:\\\\/\\\\/www.mathworksheets4kids.com\\\\/equations\\\\/systems\\\\/3-variables\\\\/substitution-method-1.pdf\\"]"', '"[]"', NULL, NULL, 'Meeting-00086', 60, 0, 60000, NULL),
	(87, '2024-02-14 00:43:38', '2024-02-17 02:16:49', 34, 11, 19, NULL, NULL, '2024-02-16 13:00:00', '2024-02-16 13:11:21', '2024-02-16 12:59:14', '2024-02-16 14:11:24', 'CONDUCTED', '1 variable linear equation', 'https://us06web.zoom.us/j/2318232507?pwd=ckx2MEhVNG9GQnlkNWJmMm1KZEIvZz09&omn=86061916338', NULL, NULL, 'kelas dimulai: 13.11\nkelas selesai: 14.10', '"[\\"https:\\\\/\\\\/www.math-only-math.com\\\\/worksheet-on-linear-equation-in-one-variable.html#google_vignette\\"]"', '"[]"', NULL, NULL, NULL, 60, 0, 60000, NULL),
	(88, '2024-02-14 00:44:13', '2024-02-17 09:22:34', 33, 11, 14, NULL, NULL, '2024-02-17 13:00:00', '2024-02-17 13:10:11', '2024-02-17 12:59:16', '2024-02-17 14:06:53', 'CONDUCTED', 'speaking practice: describing a person', 'https://us06web.zoom.us/j/2318232507?pwd=ckx2MEhVNG9GQnlkNWJmMm1KZEIvZz09&omn=86061916338', NULL, NULL, 'kelas dimulai: 13.00\nkelas selesai: 14.06', '"[\\"https:\\\\/\\\\/www.canva.com\\\\/design\\\\/DAFfIY3oAn4\\\\/IkVipbI18s39Nh0OEN9nsQ\\\\/edit\\"]"', '"[]"', NULL, NULL, 'Meeting-00088', 60, 0, 85000, NULL),
	(89, '2024-02-14 02:17:58', '2024-02-21 13:39:43', 45, 12, 4, NULL, NULL, '2024-02-13 17:00:00', NULL, '2024-02-21 07:39:24', '2024-02-21 07:39:30', 'CONDUCTED', 'Simple Past Tense', 'https://us06web.zoom.us/j/2318232507?pwd=ckx2MEhVNG9GQnlkNWJmMm1KZEIvZz09&omn=86061916338', '<p>Reading comprehension of fable story</p>', NULL, NULL, '"[]"', '"[]"', NULL, NULL, NULL, 30, 0, 50000, NULL),
	(90, '2024-02-15 01:47:39', '2024-02-17 02:17:20', 53, 9, 17, NULL, NULL, '2024-02-15 20:00:00', NULL, '2024-02-15 20:21:27', '2024-02-15 20:21:33', 'CANCELLED', NULL, 'https://us06web.zoom.us/j/2318232507?pwd=ckx2MEhVNG9GQnlkNWJmMm1KZEIvZz09&omn=86061916338', NULL, NULL, 'Murid tidak bisa datang', '"[]"', '"[]"', NULL, NULL, NULL, 60, 0, 12000, NULL),
	(91, '2024-02-15 07:10:56', '2024-02-15 08:51:14', 40, 14, 2, NULL, NULL, '2024-02-15 14:30:00', NULL, '2024-02-15 14:36:38', '2024-02-15 15:37:04', 'CONDUCTED', 'Persamaan Garis Lurus (PGL)', 'https://us06web.zoom.us/j/2318232507?pwd=ckx2MEhVNG9GQnlkNWJmMm1KZEIvZz09&omn=86061916338', '<p>Pada pertemuan hari ini, kami membahas latihan soal materi PGL yang mencakup cara mencari gradien sebuah garis, cara menentukan persamaan garis yang saling sejajar, dan cara menentukan PGL apabila diketahui sebuah titik yang dilaluinya dan gradien dari garis lain yang tegak lurus dengan garis yang dicari.</p>', 'Tetap semangat belajarnya meskipun di sekolah belum ada kegiatan pembelajaran! Keep up the good work, Chris! ', 'Kelas hari ini berlangsung selama 1 jam.', '"[]"', '"[]"', NULL, NULL, 'Meeting-00091', 60, 0, 60000, NULL),
	(92, '2024-02-15 07:16:12', '2024-02-19 01:42:54', 50, 14, 2, NULL, NULL, '2024-02-15 16:30:00', NULL, '2024-02-15 16:34:24', '2024-02-15 18:03:49', 'CONDUCTED', 'Kekongruenan dan Kesebangunan', 'https://us06web.zoom.us/j/2318232507?pwd=ckx2MEhVNG9GQnlkNWJmMm1KZEIvZz09&omn=86061916338', '<p>Hari ini kami membahas materi kekongruen dan kesebangunan, dimana materinya berfokus pada syarat 2 segitiga sebangun dan syarat 2 segitiga kongruen. Selain materi, kami juga membahas 1 latihan soal terkait syarat 2 segitiga yang kongruen.</p>', 'Jika ada materi yang hari ini belum jelas (belum dipahami) bisa kita ulas kembali di pertemuan selanjutnya. Terima kasih untuk hari ini, Joanna. Tetap semangat, ya!', 'Pembelajaran dilaksanakan selama 90 menit.', '"[]"', '"[]"', NULL, NULL, 'Meeting-00092', 90, 0, 60000, NULL),
	(93, '2024-02-15 08:34:06', '2024-02-21 01:49:22', 45, 12, 4, NULL, NULL, '2024-02-15 17:00:00', NULL, '2024-02-15 17:52:20', '2024-02-21 08:42:57', 'CONDUCTED', 'Simple Past Tense', 'https://us06web.zoom.us/j/2318232507?pwd=ckx2MEhVNG9GQnlkNWJmMm1KZEIvZz09&omn=86061916338', '<p>Reading comprehension</p>', NULL, NULL, '"[]"', '"[]"', NULL, NULL, NULL, 30, 0, 50000, NULL),
	(94, '2024-02-15 08:34:28', '2024-02-19 01:47:00', 35, 12, 5, NULL, NULL, '2024-02-15 20:00:00', NULL, NULL, NULL, 'CANCELLED', NULL, 'https://us06web.zoom.us/j/2318232507?pwd=ckx2MEhVNG9GQnlkNWJmMm1KZEIvZz09&omn=86061916338', NULL, NULL, NULL, '"[]"', '"[]"', NULL, NULL, NULL, 60, 0, 60000, NULL),
	(95, '2024-02-17 09:22:06', '2024-02-19 01:41:53', 43, 15, 14, NULL, NULL, '2024-02-18 10:00:00', NULL, '2024-02-18 10:53:23', '2024-02-18 11:39:52', 'CONDUCTED', 'Preparation for Assessment Test', 'https://us06web.zoom.us/j/2318232507?pwd=ckx2MEhVNG9GQnlkNWJmMm1KZEIvZz09&omn=86061916338', '<p>Part two of exercises on Report Text:&nbsp;</p>\n<p>1. Making Outlines with topics:</p>\n<ul>\n<li>Transportation</li>\n<li>Ways to have a healthy body</li>\n<li>Benefits of social media</li>\n</ul>\n<p>2. Practicing making the report text from the chosen topic.&nbsp;</p>', '', '- Kelas dimulai pukul 10.30 - 11.30 \n- Materi kelas yang dibahas adalah persiapan untuk assessment test Kak Della  yang berfokus pada bagian menuliskan Report Text.\n- Sejauh ini, Kak Della sudah mulai mampu menguasai outline report text', '"[]"', '"[]"', NULL, NULL, NULL, 60, 0, 85000, NULL),
	(96, '2024-02-19 01:41:00', '2024-02-19 15:51:28', 50, 12, 5, NULL, NULL, '2024-02-19 19:00:00', NULL, '2024-02-19 19:00:15', '2024-02-19 20:24:31', 'CONDUCTED', 'Advertisement', 'https://us06web.zoom.us/j/2318232507?pwd=ckx2MEhVNG9GQnlkNWJmMm1KZEIvZz09&omn=86061916338', '<p>Promoting a product&nbsp;</p>\n<p>Telling about&nbsp;</p>\n<p>the name of product, the function of product, the price and the way to order.</p>', NULL, NULL, '"[]"', '"[]"', NULL, NULL, NULL, 60, 0, 60000, NULL),
	(97, '2024-02-19 01:45:41', '2024-02-20 05:09:56', 51, 13, 2, NULL, NULL, '2024-02-19 17:30:00', '2024-02-19 17:30:00', '2024-02-19 17:30:00', '2024-02-19 18:30:00', 'CONDUCTED', 'Membahas Kisi-Kisi Ulangan', 'https://us06web.zoom.us/j/2318232507?pwd=ckx2MEhVNG9GQnlkNWJmMm1KZEIvZz09&omn=86061916338', '<ul>\n<li>Himpunan dan penulisan matematika untuk himpunan</li>\n<li>Pembahasan soal dan kisi-kisi ulangan</li>\n<li>Relasi dan fungsi</li>\n<li>Menggambar grafik fungsi</li>\n</ul>', 'Murid dapat mereview ulang materi agar tidak lupa dengan materi yang telah dipelajari, karena banyak materi sudah dibahas sebelumnya', NULL, '"[]"', '"[]"', NULL, NULL, 'Meeting-00097', 60, 0, 60000, NULL),
	(98, '2024-02-19 01:46:16', '2024-02-20 05:12:04', 46, 13, 2, NULL, NULL, '2024-02-19 19:00:00', NULL, '2024-02-19 18:55:06', '2024-02-19 20:52:09', 'CONDUCTED', 'Aritmatika Sosial', 'https://us06web.zoom.us/j/2318232507?pwd=ckx2MEhVNG9GQnlkNWJmMm1KZEIvZz09&omn=86061916338', '<ul>\n<li>Membahas tugas yang sudah dikerjakan</li>\n<li>Membahas konsep diskon atau potongan harga</li>\n<li>Membahas perbedaan bruto, neto, dan tara</li>\n</ul>', 'Murid diharapkan dapat meriview ulang materi dan berlatih soal kembali. Kemudian, dapat belajar memahami perbedaan konsep matematika, seperti potongan harga, harga jual, harga beli, dan persentasi, karena sering tertukar-tukar.', NULL, '"[]"', '"[]"', NULL, NULL, 'Meeting-00098', 60, 0, 60000, NULL),
	(99, '2024-02-20 12:39:31', '2024-02-20 15:09:54', 54, 9, 4, NULL, NULL, '2024-02-20 19:00:00', NULL, '2024-02-20 19:45:41', '2024-02-20 20:19:49', 'CONDUCTED', 'Lesson 14 - Sports Part 1', 'https://us06web.zoom.us/j/2318232507?pwd=ckx2MEhVNG9GQnlkNWJmMm1KZEIvZz09&omn=86061916338', '<p>English for Everyone Junior - Modified</p>', 'Practice using "go" to talk about sports.', 'Mulai jam 7:30 WIB, selesai jam 8:05 WIB atas permintaan murid', '"[]"', '"[]"', NULL, NULL, 'Meeting-00099', 45, 0, 50000, NULL),
	(100, '2024-02-20 12:40:10', '2024-02-22 08:16:40', 44, 9, 21, NULL, NULL, '2024-02-21 20:00:00', NULL, NULL, NULL, 'CANCELLED', NULL, 'https://us06web.zoom.us/j/2318232507?pwd=ckx2MEhVNG9GQnlkNWJmMm1KZEIvZz09&omn=86061916338', NULL, NULL, NULL, '"[]"', '"[]"', NULL, NULL, NULL, 60, 0, 60000, NULL),
	(101, '2024-02-20 12:40:38', '2024-02-23 01:55:10', 54, 9, 4, NULL, NULL, '2024-02-22 19:00:00', NULL, '2024-02-22 19:25:18', '2024-02-22 19:55:25', 'CONDUCTED', NULL, 'https://us06web.zoom.us/j/2318232507?pwd=ckx2MEhVNG9GQnlkNWJmMm1KZEIvZz09&omn=86061916338', NULL, NULL, NULL, '"[]"', '"[]"', NULL, NULL, NULL, 60, 0, 50000, NULL),
	(102, '2024-02-20 12:41:05', '2024-02-27 01:50:44', 44, 9, 21, NULL, NULL, '2024-02-24 16:00:00', NULL, '2024-02-24 15:57:49', '2024-02-24 16:54:25', 'CONDUCTED', 'P5 Unit 7 Discussion (Making a Narrative of a Comic Strip)', 'https://us06web.zoom.us/j/2318232507?pwd=ckx2MEhVNG9GQnlkNWJmMm1KZEIvZz09&omn=86061916338', '<p>Cambridge P6 Learner\'s Book Unit 7</p>', 'All good. ', 'Kelas selesai pada jam 16:53 WIB', '"[]"', '"[]"', NULL, NULL, 'Meeting-00102', 60, 0, 60000, NULL),
	(103, '2024-02-20 14:11:31', '2024-02-21 01:49:14', 45, 12, 4, NULL, NULL, '2024-02-20 17:00:00', NULL, '2024-02-21 08:25:09', '2024-02-21 08:27:59', 'CONDUCTED', NULL, 'https://us06web.zoom.us/j/2318232507?pwd=ckx2MEhVNG9GQnlkNWJmMm1KZEIvZz09&omn=86061916338', NULL, NULL, NULL, '"[]"', '"[]"', NULL, NULL, NULL, 45, 0, 50000, NULL),
	(104, '2024-02-21 01:50:45', '2024-02-22 14:08:08', 45, 12, 4, NULL, NULL, '2024-02-27 17:00:00', NULL, NULL, NULL, 'WAITING', NULL, 'https://us06web.zoom.us/j/2318232507?pwd=ckx2MEhVNG9GQnlkNWJmMm1KZEIvZz09&omn=86061916338', NULL, NULL, NULL, '"[]"', '"[]"', NULL, NULL, NULL, 30, 0, 50000, NULL),
	(105, '2024-02-21 04:33:06', '2024-02-21 13:38:57', 41, 11, 5, NULL, NULL, '2024-02-21 18:00:00', '2024-02-21 18:05:43', '2024-02-21 18:04:07', '2024-02-21 19:01:37', 'CONDUCTED', 'rules, obligation, and permission', 'https://us06web.zoom.us/j/2318232507?pwd=ckx2MEhVNG9GQnlkNWJmMm1KZEIvZz09&omn=86061916338', NULL, NULL, 'kelas dimulai: 18.06\nkelas selesai: 19.00', '"[]"', '"[]"', NULL, NULL, NULL, 60, 0, 60000, NULL),
	(106, '2024-02-21 04:42:01', '2024-02-23 01:56:44', 34, 11, 19, NULL, NULL, '2024-02-22 15:00:00', '2024-02-22 14:58:33', '2024-02-22 15:00:09', '2024-02-22 15:57:33', 'CONDUCTED', '1 variable linear equation', 'https://us06web.zoom.us/j/2318232507?pwd=ckx2MEhVNG9GQnlkNWJmMm1KZEIvZz09&omn=86061916338', NULL, NULL, 'kelas dimulai: 15.04\nkelas selesai: 15.55', '"[\\"https:\\\\/\\\\/www.math-only-math.com\\\\/worksheet-on-linear-equation-in-one-variable.html#google_vignette\\"]"', '"[]"', NULL, NULL, NULL, 60, 0, 60000, NULL),
	(107, '2024-02-21 04:42:25', '2024-02-27 01:45:51', 34, 11, 19, NULL, NULL, '2024-02-24 09:00:00', '2024-02-24 09:11:21', '2024-02-24 09:09:46', '2024-02-24 10:44:47', 'CONDUCTED', '1 variable linear equation', 'https://us06web.zoom.us/j/2318232507?pwd=ckx2MEhVNG9GQnlkNWJmMm1KZEIvZz09&omn=86061916338', NULL, NULL, 'kelas dimulai: 09.10\nkelas selesai: 10.00', '"[\\"https:\\\\/\\\\/www.math-only-math.com\\\\/worksheet-on-linear-equation-in-one-variable.html#google_vignette\\"]"', '"[]"', NULL, NULL, NULL, 60, 0, 60000, NULL),
	(108, '2024-02-21 13:38:38', '2024-02-23 01:54:56', 35, 12, 5, NULL, NULL, '2024-02-22 20:00:00', NULL, '2024-02-22 20:03:51', '2024-02-22 21:14:07', 'CONDUCTED', 'Identify the feeling of characters in the story', 'https://us06web.zoom.us/j/2318232507?pwd=ckx2MEhVNG9GQnlkNWJmMm1KZEIvZz09&omn=86061916338', '<p>was/were+ adjective</p>\n<p>felt + adjective</p>\n<p>became + adjective</p>', NULL, NULL, '"[]"', '"[]"', NULL, NULL, 'Meeting-00108', 60, 0, 60000, NULL),
	(109, '2024-02-22 08:14:35', '2024-02-23 01:57:16', 40, 14, 2, NULL, NULL, '2024-02-22 14:00:00', NULL, '2024-02-22 16:29:00', '2024-02-22 16:29:24', 'CONDUCTED', 'Sistem Persamaan Linier Dua Variabel (SPLDV)', 'https://us06web.zoom.us/j/2318232507?pwd=ckx2MEhVNG9GQnlkNWJmMm1KZEIvZz09&omn=86061916338', '<ul>\n<li>Persamaan Linier Satu Variabel</li>\n<li>Persamaan Linier Dua Variabel</li>\n<li>Sistem Persamaan Linier Dua Variabel</li>\n<li>Latihan Soal SPLDV</li>\n</ul>', 'Tetap semangat belajarnya! Semoga semakin paham dengan materi yang kita review ulang hari ini.', 'Konfirmasi terlalu mepet dengan jadwal les sehingga entri setelah kelas selesai. Kelas hari ini berdurasi 70 menit.', '"[]"', '"[]"', NULL, NULL, 'Meeting-00109', 75, 0, 60000, NULL),
	(110, '2024-02-22 08:15:18', '2024-02-23 01:56:31', 50, 14, 2, NULL, NULL, '2024-02-22 16:30:00', NULL, '2024-02-22 16:34:17', '2024-02-22 18:18:30', 'CONDUCTED', 'Bangun Ruang Sisi Lengkung', 'https://us06web.zoom.us/j/2318232507?pwd=ckx2MEhVNG9GQnlkNWJmMm1KZEIvZz09&omn=86061916338', '<ul>\n<li>Jenis-jenis bangung ruang sisi lengkung</li>\n<li>Volume tabung + latihan soal</li>\n<li>Luas permukaan tabung + latihan soal</li>\n<li>Volume kerucut + latihan soal</li>\n<li>Luas selimut kerucut</li>\n<li>Luas permukaan kerucut</li>\n</ul>', 'Terima kasih telah belajar dengan serius dan disiplin. Semoga hasil belajarnya bisa lebih baik secara bertahap. Tetap semangat, Joanna!', 'Kelas hari ini berdurasi 94 menit (berdasarkan video rekaman Zoom)', '"[]"', '"[]"', NULL, NULL, 'Meeting-00110', 90, 0, 60000, NULL),
	(111, '2024-02-23 16:43:06', '2024-02-27 01:48:45', 33, 11, 14, NULL, NULL, '2024-02-24 13:00:00', '2024-02-24 13:01:42', '2024-02-24 12:59:54', '2024-02-24 15:20:30', 'CONDUCTED', 'describe a person ', 'https://us06web.zoom.us/j/2318232507?pwd=ckx2MEhVNG9GQnlkNWJmMm1KZEIvZz09&omn=86061916338', NULL, NULL, 'Kelas dimulai: 13.00\nkelas selesai: 14.04\n', '"[]"', '"[]"', NULL, NULL, NULL, 60, 0, 85000, NULL),
	(112, '2024-02-24 00:35:55', '2024-02-27 01:47:21', 42, 15, 14, NULL, NULL, '2024-02-24 10:00:00', NULL, '2024-02-24 11:03:14', '2024-02-24 11:06:22', 'CONDUCTED', 'General Discussion', 'https://us06web.zoom.us/j/2318232507?pwd=ckx2MEhVNG9GQnlkNWJmMm1KZEIvZz09&omn=86061916338', '<p>Practicing sharing opinions on topics related to places and and learning.&nbsp;</p>', NULL, 'Our topic for today\'s tutoring is about expressing opinions. Kak Gloria has shown remarkable improvements in explaining her answers. She knows what to say, how to say it, and how to add more information to make her opinions more reliable. She just needs a bit more practice on some grammar usage. Other than that, she is continuously improving.', '"[]"', '"[]"', 'https://drive.google.com/file/d/1r92EgKAxRFEr6lbIdtG_M2Kn20gtyKi1/view?usp=drive_link ', NULL, 'Meeting-00112', 60, 0, 85000, NULL),
	(113, '2024-02-24 00:36:20', '2024-02-27 01:48:24', 43, 15, 14, NULL, NULL, '2024-02-24 12:00:00', NULL, NULL, NULL, 'CANCELLED', 'Preparation for Assessment Test', 'https://us06web.zoom.us/j/2318232507?pwd=ckx2MEhVNG9GQnlkNWJmMm1KZEIvZz09&omn=86061916338', '<p>Practicing brainstorming and writing report text based on topics:&nbsp;</p>\n<ul>\n<li>The Importance of Mental Health</li>\n<li>Things to do during Holidays</li>\n<li>Stress Management</li>\n</ul>\n<p>&nbsp;</p>', NULL, NULL, '"[]"', '"[]"', NULL, NULL, NULL, 60, 0, 85000, NULL),
	(114, '2024-02-24 00:36:53', '2024-02-27 01:51:13', 43, 15, 14, NULL, NULL, '2024-02-25 10:00:00', NULL, '2024-02-25 10:28:46', '2024-02-25 11:37:31', 'CONDUCTED', 'Preparation for Assessment Test', 'https://us06web.zoom.us/j/2318232507?pwd=ckx2MEhVNG9GQnlkNWJmMm1KZEIvZz09&omn=86061916338', '<p>Outlining Assessment Test in March with topic "Several Ways to Make an Exciting and Interesting Teaching and Learning Process".&nbsp;</p>', NULL, '-Class starts at 10.30 - 11.30.\n-Kak Della outlines her topic. \n-For the description, she only made 1 point. However, we discussed together more points to add up to her outline. ', '"[]"', '"[]"', 'https://drive.google.com/file/d/1WnDv0P8h9BvdgAATsiqLuqLd5jekN0AW/view?usp=drive_link', NULL, NULL, 60, 0, 85000, NULL),
	(115, '2024-02-25 06:12:04', '2024-02-27 01:51:32', 40, 14, 2, NULL, NULL, '2024-02-25 14:00:00', NULL, '2024-02-25 14:00:48', '2024-02-25 15:04:05', 'CONDUCTED', 'Persamaan Linier Dua Variabel (PLDV)', 'https://us06web.zoom.us/j/2318232507?pwd=ckx2MEhVNG9GQnlkNWJmMm1KZEIvZz09&omn=86061916338', '<ul>\n<li>Menentukan KPK dari 2 bilangan yang berbeda</li>\n<li>Bentuk penyelesaian dari PLDV</li>\n<li>Menentukan penyelesaian dari PLDV</li>\n</ul>', 'Terima kasih sudah hadir di pertemuan hari ini. Meskipun tidak banyak yang kita pelajari hari ini, semoga ilmu yang sedikit tersebut bisa bermanfaat di kemudian hari. Tetap semangat, Chris!', 'Kelas hari ini berlangsung sekitar 60 menit.', '"[]"', '"[]"', NULL, NULL, NULL, 60, 0, 60000, NULL),
	(116, '2024-02-26 06:26:57', '2024-02-27 01:53:54', 41, 11, 5, NULL, NULL, '2024-02-26 18:00:00', '2024-02-26 18:20:00', '2024-02-26 18:13:36', '2024-02-26 19:06:24', 'CONDUCTED', 'Debate: should students wear uniform?', 'https://us06web.zoom.us/j/2318232507?pwd=ckx2MEhVNG9GQnlkNWJmMm1KZEIvZz09&omn=86061916338', NULL, NULL, 'Kelas dimulai: 18.15\nkelas selesai: 19.05', '"[]"', '"[]"', NULL, NULL, NULL, 60, 0, 60000, NULL),
	(117, '2024-02-26 06:27:35', '2024-02-26 06:27:35', 41, 11, 5, NULL, NULL, '2024-02-28 18:00:00', NULL, NULL, NULL, 'WAITING', NULL, 'https://us06web.zoom.us/j/2318232507?pwd=ckx2MEhVNG9GQnlkNWJmMm1KZEIvZz09&omn=86061916338', NULL, NULL, NULL, '"[]"', '"[]"', NULL, NULL, NULL, 60, 0, 60000, NULL),
	(118, '2024-02-26 06:28:07', '2024-02-26 06:28:07', 54, 9, 4, NULL, NULL, '2024-02-27 19:00:00', NULL, NULL, NULL, 'WAITING', NULL, 'https://us06web.zoom.us/j/2318232507?pwd=ckx2MEhVNG9GQnlkNWJmMm1KZEIvZz09&omn=86061916338', NULL, NULL, NULL, '"[]"', '"[]"', NULL, NULL, NULL, 60, 0, 50000, NULL),
	(119, '2024-02-26 06:28:35', '2024-02-26 06:28:35', 54, 9, 4, NULL, NULL, '2024-02-29 19:00:00', NULL, NULL, NULL, 'WAITING', NULL, 'https://us06web.zoom.us/j/2318232507?pwd=ckx2MEhVNG9GQnlkNWJmMm1KZEIvZz09&omn=86061916338', NULL, NULL, NULL, '"[]"', '"[]"', NULL, NULL, NULL, 60, 0, 50000, NULL),
	(120, '2024-02-26 06:29:07', '2024-02-26 06:29:07', 44, 9, 21, NULL, NULL, '2024-02-28 20:00:00', NULL, NULL, NULL, 'WAITING', NULL, 'https://us06web.zoom.us/j/2318232507?pwd=ckx2MEhVNG9GQnlkNWJmMm1KZEIvZz09&omn=86061916338', NULL, NULL, NULL, '"[]"', '"[]"', NULL, NULL, NULL, 60, 0, 60000, NULL),
	(121, '2024-02-26 06:29:31', '2024-02-26 06:29:31', 44, 9, 21, NULL, NULL, '2024-03-02 16:00:00', NULL, NULL, NULL, 'WAITING', NULL, 'https://us06web.zoom.us/j/2318232507?pwd=ckx2MEhVNG9GQnlkNWJmMm1KZEIvZz09&omn=86061916338', NULL, NULL, NULL, '"[]"', '"[]"', NULL, NULL, NULL, 60, 0, 60000, NULL),
	(122, '2024-02-27 01:44:56', '2024-02-27 01:44:56', 46, 13, 2, NULL, NULL, '2024-02-28 18:00:00', NULL, NULL, NULL, 'WAITING', NULL, 'https://us06web.zoom.us/j/2318232507?pwd=ckx2MEhVNG9GQnlkNWJmMm1KZEIvZz09&omn=86061916338', NULL, NULL, NULL, '"[]"', '"[]"', NULL, NULL, NULL, 60, 0, 60000, NULL);

-- Dumping structure for table kasi_edu.expenses
CREATE TABLE IF NOT EXISTS `expenses` (
  `id` bigint(20) unsigned NOT NULL AUTO_INCREMENT,
  `created_at` timestamp NOT NULL,
  `updated_at` timestamp NOT NULL,
  `spent_date` datetime DEFAULT NULL,
  `due_date` date DEFAULT NULL,
  `information` varchar(1024) NOT NULL,
  `pay_method` enum('cash','bank_transfer','flip','gopay','ovo','other') NOT NULL DEFAULT 'bank_transfer',
  `amount` decimal(20,6) NOT NULL,
  `additional_info` mediumtext,
  `payment_file` varchar(512) DEFAULT NULL,
  `tutor_id` bigint(20) unsigned DEFAULT NULL,
  `billing_id` bigint(20) unsigned DEFAULT NULL,
  PRIMARY KEY (`id`),
  KEY `FK_expense_tutors` (`tutor_id`),
  KEY `FK_expenses_billings` (`billing_id`),
  CONSTRAINT `FK_expense_tutors` FOREIGN KEY (`tutor_id`) REFERENCES `tutors` (`id`) ON DELETE NO ACTION ON UPDATE NO ACTION,
  CONSTRAINT `FK_expenses_billings` FOREIGN KEY (`billing_id`) REFERENCES `billings` (`id`) ON DELETE NO ACTION ON UPDATE NO ACTION
) ENGINE=InnoDB DEFAULT CHARSET=utf8mb4;

-- Dumping data for table kasi_edu.expenses: ~0 rows (approximately)

-- Dumping structure for table kasi_edu.failed_jobs
CREATE TABLE IF NOT EXISTS `failed_jobs` (
  `id` bigint(20) unsigned NOT NULL AUTO_INCREMENT,
  `uuid` varchar(255) COLLATE utf8mb4_unicode_ci NOT NULL,
  `connection` text COLLATE utf8mb4_unicode_ci NOT NULL,
  `queue` text COLLATE utf8mb4_unicode_ci NOT NULL,
  `payload` longtext COLLATE utf8mb4_unicode_ci NOT NULL,
  `exception` longtext COLLATE utf8mb4_unicode_ci NOT NULL,
  `failed_at` timestamp NOT NULL DEFAULT CURRENT_TIMESTAMP,
  PRIMARY KEY (`id`),
  UNIQUE KEY `failed_jobs_uuid_unique` (`uuid`)
) ENGINE=InnoDB DEFAULT CHARSET=utf8mb4 COLLATE=utf8mb4_unicode_ci;

-- Dumping data for table kasi_edu.failed_jobs: ~0 rows (approximately)

-- Dumping structure for table kasi_edu.guardians
CREATE TABLE IF NOT EXISTS `guardians` (
  `id` bigint(20) unsigned NOT NULL AUTO_INCREMENT,
  `created_at` timestamp NULL DEFAULT NULL,
  `updated_at` timestamp NULL DEFAULT NULL,
  `user_id` bigint(20) unsigned NOT NULL,
  `edu_status` int(11) DEFAULT NULL,
  `address` text COLLATE utf8mb4_unicode_ci,
  `religion` varchar(255) COLLATE utf8mb4_unicode_ci DEFAULT NULL,
  `edu_level` varchar(255) COLLATE utf8mb4_unicode_ci DEFAULT NULL,
  `edu_site` varchar(255) COLLATE utf8mb4_unicode_ci DEFAULT NULL,
  `edu_major` varchar(255) COLLATE utf8mb4_unicode_ci DEFAULT NULL,
  `work_site` varchar(255) COLLATE utf8mb4_unicode_ci DEFAULT NULL,
  `work_title` varchar(255) COLLATE utf8mb4_unicode_ci DEFAULT NULL,
  PRIMARY KEY (`id`) USING BTREE,
  KEY `base_user_student` (`user_id`) USING BTREE,
  CONSTRAINT `guardians_ibfk_1` FOREIGN KEY (`user_id`) REFERENCES `users` (`id`) ON DELETE CASCADE ON UPDATE NO ACTION
) ENGINE=InnoDB AUTO_INCREMENT=36 DEFAULT CHARSET=utf8mb4 COLLATE=utf8mb4_unicode_ci ROW_FORMAT=DYNAMIC;

-- Dumping data for table kasi_edu.guardians: ~0 rows (approximately)
INSERT INTO `guardians` (`id`, `created_at`, `updated_at`, `user_id`, `edu_status`, `address`, `religion`, `edu_level`, `edu_site`, `edu_major`, `work_site`, `work_title`) VALUES
	(34, '2024-01-26 09:14:37', '2024-01-29 02:51:03', 71, 1, NULL, NULL, 'Sekolah Menengah Atas/Ekuivalen', '(menunggu pembaruan data)', NULL, NULL, 'unemployed'),
	(35, '2024-01-30 03:39:54', '2024-01-30 03:39:54', 84, 1, NULL, 'Kristen', 's1', NULL, NULL, NULL, 'unemployed');

-- Dumping structure for table kasi_edu.jobs
CREATE TABLE IF NOT EXISTS `jobs` (
  `id` bigint(20) unsigned NOT NULL AUTO_INCREMENT,
  `queue` varchar(255) COLLATE utf8mb4_unicode_ci NOT NULL,
  `payload` longtext COLLATE utf8mb4_unicode_ci NOT NULL,
  `attempts` tinyint(3) unsigned NOT NULL,
  `reserved_at` int(10) unsigned DEFAULT NULL,
  `available_at` int(10) unsigned NOT NULL,
  `created_at` int(10) unsigned NOT NULL,
  PRIMARY KEY (`id`),
  KEY `jobs_queue_index` (`queue`)
) ENGINE=InnoDB DEFAULT CHARSET=utf8mb4 COLLATE=utf8mb4_unicode_ci;

-- Dumping data for table kasi_edu.jobs: ~0 rows (approximately)

-- Dumping structure for table kasi_edu.migrations
CREATE TABLE IF NOT EXISTS `migrations` (
  `id` int(10) unsigned NOT NULL AUTO_INCREMENT,
  `migration` varchar(255) COLLATE utf8mb4_unicode_ci NOT NULL,
  `batch` int(11) NOT NULL,
  PRIMARY KEY (`id`)
) ENGINE=InnoDB AUTO_INCREMENT=14 DEFAULT CHARSET=utf8mb4 COLLATE=utf8mb4_unicode_ci;

-- Dumping data for table kasi_edu.migrations: ~9 rows (approximately)
INSERT INTO `migrations` (`id`, `migration`, `batch`) VALUES
	(5, '2014_10_12_000000_create_users_table', 1),
	(6, '2014_10_12_100000_create_password_reset_tokens_table', 1),
	(7, '2014_10_12_200000_add_two_factor_columns_to_users_table', 1),
	(8, '2019_08_19_000000_create_failed_jobs_table', 1),
	(9, '2019_12_14_000001_create_personal_access_tokens_table', 1),
	(10, '2023_11_09_071958_create_sessions_table', 1),
	(11, '2023_11_09_172008_create_students_table', 2),
	(12, '2023_12_12_174647_add_welcome_valid_until_field_to_users_table', 3),
	(13, '2024_01_16_221418_create_jobs_table', 4);

-- Dumping structure for table kasi_edu.packages
CREATE TABLE IF NOT EXISTS `packages` (
  `id` bigint(20) unsigned NOT NULL AUTO_INCREMENT,
  `created_at` timestamp NULL DEFAULT NULL,
  `updated_at` timestamp NULL DEFAULT NULL,
  `student_id` bigint(20) unsigned NOT NULL DEFAULT '0',
  `bought_at` timestamp NOT NULL,
  `duration` mediumint(8) unsigned NOT NULL DEFAULT '0',
  `remaining` mediumint(8) unsigned NOT NULL DEFAULT '0',
  `price_per_unit` decimal(20,6) NOT NULL,
  `expire_at` timestamp NOT NULL,
  PRIMARY KEY (`id`),
  KEY `FK_packages_students` (`student_id`),
  CONSTRAINT `FK_packages_students` FOREIGN KEY (`student_id`) REFERENCES `students` (`id`) ON DELETE CASCADE ON UPDATE NO ACTION
) ENGINE=InnoDB DEFAULT CHARSET=utf8mb4;

-- Dumping data for table kasi_edu.packages: ~0 rows (approximately)

-- Dumping structure for table kasi_edu.password_reset_tokens
CREATE TABLE IF NOT EXISTS `password_reset_tokens` (
  `email` varchar(255) COLLATE utf8mb4_unicode_ci NOT NULL,
  `token` varchar(255) COLLATE utf8mb4_unicode_ci NOT NULL,
  `created_at` timestamp NULL DEFAULT NULL,
  PRIMARY KEY (`email`)
) ENGINE=InnoDB DEFAULT CHARSET=utf8mb4 COLLATE=utf8mb4_unicode_ci;

-- Dumping data for table kasi_edu.password_reset_tokens: ~0 rows (approximately)

-- Dumping structure for table kasi_edu.payments
CREATE TABLE IF NOT EXISTS `payments` (
  `id` bigint(20) unsigned NOT NULL AUTO_INCREMENT,
  `created_at` timestamp NULL DEFAULT NULL,
  `updated_at` timestamp NULL DEFAULT NULL,
  `billing_id` bigint(20) unsigned NOT NULL DEFAULT '0',
  `confirmed_by` bigint(20) unsigned DEFAULT NULL,
  `pay_date` datetime NOT NULL,
  `confirm_date` datetime DEFAULT NULL,
  `payment_file` varchar(512) DEFAULT NULL,
  `amount` decimal(20,6) unsigned DEFAULT '0.000000',
  `penalty` decimal(20,6) unsigned DEFAULT '0.000000',
  `pay_method` enum('package','bank_transfer','other') NOT NULL DEFAULT 'bank_transfer',
  `package_id` bigint(20) unsigned DEFAULT NULL,
  PRIMARY KEY (`id`),
  KEY `FK__billings` (`billing_id`),
  CONSTRAINT `FK__billings` FOREIGN KEY (`billing_id`) REFERENCES `billings` (`id`) ON DELETE NO ACTION ON UPDATE NO ACTION
) ENGINE=InnoDB AUTO_INCREMENT=17 DEFAULT CHARSET=utf8mb4;

-- Dumping data for table kasi_edu.payments: ~15 rows (approximately)
INSERT INTO `payments` (`id`, `created_at`, `updated_at`, `billing_id`, `confirmed_by`, `pay_date`, `confirm_date`, `payment_file`, `amount`, `penalty`, `pay_method`, `package_id`) VALUES
	(1, '2024-02-01 08:11:43', '2024-02-01 08:12:35', 22, 1, '2024-02-01 15:11:43', '2024-02-01 15:12:35', '2024010007/00016-20240201 151143.jpg', 333000.000000, 0.000000, 'bank_transfer', NULL),
	(2, '2024-02-01 14:16:43', '2024-02-02 00:28:01', 17, 1, '2024-02-01 21:16:43', '2024-02-02 07:28:01', '2024010010/00012-20240201 211643.jpg', 306000.000000, 0.000000, 'bank_transfer', NULL),
	(3, '2024-02-02 05:40:36', '2024-02-02 05:41:53', 3, 1, '2024-02-02 12:40:36', '2024-02-02 12:41:53', '2024010008/00002-20240202 124036.jpg', 297000.000000, 0.000000, 'bank_transfer', NULL),
	(4, '2024-02-02 14:31:42', '2024-02-03 00:51:29', 13, 1, '2024-02-02 21:31:42', '2024-02-03 07:51:29', '2024010011/00008-20240202 213142.jpg', 162000.000000, 0.000000, 'bank_transfer', NULL),
	(5, '2024-02-03 05:14:31', '2024-02-03 09:57:16', 8, 1, '2024-02-03 12:14:31', '2024-02-03 16:57:16', '2024010004/00004-20240203 121431.jpg', 216000.000000, 0.000000, 'bank_transfer', NULL),
	(6, '2024-02-06 11:19:55', '2024-02-06 11:20:43', 21, 1, '2024-02-06 18:19:55', '2024-02-06 18:20:43', '2024010005/00015-20240206 181955.jpg', 216000.000000, 0.000000, 'bank_transfer', NULL),
	(7, '2024-02-07 14:20:13', '2024-02-07 14:20:34', 10, 1, '2024-02-07 21:20:13', '2024-02-07 21:20:34', '2024010013/00005-20240207 212013.jpg', 108000.000000, 0.000000, 'bank_transfer', NULL),
	(8, '2024-02-07 14:21:04', '2024-02-07 14:21:30', 19, 1, '2024-02-07 21:21:04', '2024-02-07 21:21:30', '2024010014/00013-20240207 212104.jpg', 162000.000000, 0.000000, 'bank_transfer', NULL),
	(9, '2024-02-07 14:21:52', '2024-02-07 14:22:03', 20, 1, '2024-02-07 21:21:52', '2024-02-07 21:22:03', '2024010012/00014-20240207 212152.jpg', 67500.000000, 0.000000, 'bank_transfer', NULL),
	(10, '2024-02-09 11:19:20', '2024-02-09 12:47:40', 14, 1, '2024-02-09 18:19:20', '2024-02-09 19:47:40', '2024010018/00009-20240209 181920.jpg', 112500.000000, 0.000000, 'bank_transfer', NULL),
	(11, '2024-02-09 12:46:35', '2024-02-09 12:47:04', 4, 1, '2024-02-09 19:46:35', '2024-02-09 19:47:04', '2024010003/00003-20240209 194635.jpg', 76500.000000, 0.000000, 'other', NULL),
	(12, '2024-02-11 04:22:58', '2024-02-11 04:23:36', 12, 1, '2024-02-11 11:22:58', '2024-02-11 11:23:36', '2024010015/00007-20240211 112258.jpg', 54000.000000, 0.000000, 'bank_transfer', NULL),
	(13, '2024-02-12 02:44:01', '2024-02-12 02:45:00', 11, 1, '2024-02-12 09:44:01', '2024-02-12 09:45:00', '2024010016/00006-20240212 094401.jpg', 63000.000000, 0.000000, 'bank_transfer', NULL),
	(14, '2024-02-17 09:37:14', '2024-02-17 09:37:32', 1, 1, '2024-02-17 16:37:14', '2024-02-17 16:37:32', '2024010019/00001-20240217 163714.jpg', 12000.000000, 0.000000, 'bank_transfer', NULL),
	(15, '2024-02-17 09:38:23', '2024-02-17 09:38:35', 15, 1, '2024-02-17 16:38:23', '2024-02-17 16:38:35', '2024010017/00010-20240217 163823.jpg', 12000.000000, 0.000000, 'bank_transfer', NULL),
	(16, '2024-02-24 04:14:45', '2024-02-25 01:07:37', 16, 1, '2024-02-24 11:14:45', '2024-02-25 08:07:37', '2024010009/00011-20240224 111445.jpg', 153000.000000, 0.000000, 'bank_transfer', NULL);

-- Dumping structure for table kasi_edu.personal_access_tokens
CREATE TABLE IF NOT EXISTS `personal_access_tokens` (
  `id` bigint(20) unsigned NOT NULL AUTO_INCREMENT,
  `tokenable_type` varchar(255) COLLATE utf8mb4_unicode_ci NOT NULL,
  `tokenable_id` bigint(20) unsigned NOT NULL,
  `name` varchar(255) COLLATE utf8mb4_unicode_ci NOT NULL,
  `token` varchar(64) COLLATE utf8mb4_unicode_ci NOT NULL,
  `abilities` text COLLATE utf8mb4_unicode_ci,
  `last_used_at` timestamp NULL DEFAULT NULL,
  `expires_at` timestamp NULL DEFAULT NULL,
  `created_at` timestamp NULL DEFAULT NULL,
  `updated_at` timestamp NULL DEFAULT NULL,
  PRIMARY KEY (`id`),
  UNIQUE KEY `personal_access_tokens_token_unique` (`token`),
  KEY `personal_access_tokens_tokenable_type_tokenable_id_index` (`tokenable_type`,`tokenable_id`)
) ENGINE=InnoDB DEFAULT CHARSET=utf8mb4 COLLATE=utf8mb4_unicode_ci;

-- Dumping data for table kasi_edu.personal_access_tokens: ~0 rows (approximately)

-- Dumping structure for table kasi_edu.prices
CREATE TABLE IF NOT EXISTS `prices` (
  `id` bigint(20) unsigned NOT NULL AUTO_INCREMENT,
  `created_at` timestamp NULL DEFAULT NULL,
  `updated_at` timestamp NULL DEFAULT NULL,
  `course_id` bigint(20) unsigned NOT NULL DEFAULT '0',
  `price` decimal(20,6) unsigned DEFAULT NULL,
  `duration` tinyint(4) unsigned DEFAULT NULL,
  `type` enum('single','package') NOT NULL DEFAULT 'single',
  PRIMARY KEY (`id`),
  KEY `FK_price_tutor_skills` (`course_id`),
  CONSTRAINT `FK_price_tutor_skills` FOREIGN KEY (`course_id`) REFERENCES `tutor_skills` (`id`) ON DELETE NO ACTION ON UPDATE NO ACTION
) ENGINE=InnoDB AUTO_INCREMENT=3 DEFAULT CHARSET=utf8mb4;

-- Dumping data for table kasi_edu.prices: ~2 rows (approximately)
INSERT INTO `prices` (`id`, `created_at`, `updated_at`, `course_id`, `price`, `duration`, `type`) VALUES
	(1, NULL, NULL, 5, 60000.000000, 60, 'single'),
	(2, NULL, NULL, 4, 50000.000000, 60, 'single');

-- Dumping structure for table kasi_edu.promos
CREATE TABLE IF NOT EXISTS `promos` (
  `id` bigint(20) unsigned NOT NULL AUTO_INCREMENT,
  `created_at` timestamp NULL DEFAULT NULL,
  `updated_at` timestamp NULL DEFAULT NULL,
  `code` varchar(50) NOT NULL,
  `start_date` datetime NOT NULL,
  `end_date` datetime NOT NULL,
  `type` enum('flat','percentage') NOT NULL DEFAULT 'percentage',
  `quota` tinyint(3) unsigned DEFAULT NULL,
  `amount` decimal(20,6) unsigned DEFAULT '0.000000',
  `description` varchar(1024) DEFAULT NULL,
  PRIMARY KEY (`id`) USING BTREE
) ENGINE=InnoDB AUTO_INCREMENT=38 DEFAULT CHARSET=utf8mb4 ROW_FORMAT=DYNAMIC;

-- Dumping data for table kasi_edu.promos: ~0 rows (approximately)
INSERT INTO `promos` (`id`, `created_at`, `updated_at`, `code`, `start_date`, `end_date`, `type`, `quota`, `amount`, `description`) VALUES
	(37, NULL, NULL, '10UNTUK10', '2024-01-01 00:00:00', '2024-02-01 23:59:59', 'percentage', NULL, 10.000000, 'Diskon awal tahun, 10% dari harga kelas untuk seluruh murid KASI. Berlaku untuk semua murid.');

-- Dumping structure for table kasi_edu.sessions
CREATE TABLE IF NOT EXISTS `sessions` (
  `id` varchar(255) COLLATE utf8mb4_unicode_ci NOT NULL,
  `user_id` bigint(20) unsigned DEFAULT NULL,
  `ip_address` varchar(45) COLLATE utf8mb4_unicode_ci DEFAULT NULL,
  `user_agent` text COLLATE utf8mb4_unicode_ci,
  `payload` longtext COLLATE utf8mb4_unicode_ci NOT NULL,
  `last_activity` int(11) NOT NULL,
  PRIMARY KEY (`id`),
  KEY `sessions_user_id_index` (`user_id`),
  KEY `sessions_last_activity_index` (`last_activity`)
) ENGINE=InnoDB DEFAULT CHARSET=utf8mb4 COLLATE=utf8mb4_unicode_ci;

-- Dumping data for table kasi_edu.sessions: ~306 rows (approximately)
INSERT INTO `sessions` (`id`, `user_id`, `ip_address`, `user_agent`, `payload`, `last_activity`) VALUES
	('0lBYNRxqGoraT6gSX56ZEx06ACTbGsd8qWIFCqkM', NULL, '198.41.242.142', 'Mozilla/5.0 (Macintosh; Intel Mac OS X 10_12_3) AppleWebKit/537.36 (KHTML, like Gecko) Chrome/56.0.2924.87 Safari/537.36', 'YTozOntzOjY6Il90b2tlbiI7czo0MDoiSkFqNGRpS2g0SWlKeGpDQ0RQWlFJN3JYQVFxc3MyZHRPbXBrSkN4aCI7czo5OiJfcHJldmlvdXMiO2E6MTp7czozOiJ1cmwiO3M6Mzk6Imh0dHA6Ly9lZHUua2FzaS53ZWIuaWQvcHVibGljL2luZGV4LnBocCI7fXM6NjoiX2ZsYXNoIjthOjI6e3M6Mzoib2xkIjthOjA6e31zOjM6Im5ldyI7YTowOnt9fX0=', 1707091974),
	('0ogrN6kBBnu6aZFyb8UpUHrOYuMGVrOZMDTKGZoh', NULL, '172.70.114.66', 'Mozilla/5.0 (Windows NT 6.1) AppleWebKit/537.36 (KHTML, like Gecko) Chrome/109.0.0.0 Safari/537.36 Edg/109.0.1518.78', 'YTozOntzOjY6Il90b2tlbiI7czo0MDoiSjNra2pid3ZzQXNVR2NrTXY3dE5aVVhTZ3FWNDJPc0pYNm53T05YaSI7czo5OiJfcHJldmlvdXMiO2E6MTp7czozOiJ1cmwiO3M6MjM6Imh0dHBzOi8vZWR1Lmthc2kud2ViLmlkIjt9czo2OiJfZmxhc2giO2E6Mjp7czozOiJvbGQiO2E6MDp7fXM6MzoibmV3IjthOjA6e319fQ==', 1707944514),
	('0YASzzfQ3wi93P4ZNGNNSZ3O8CTknBxVoqSsd9v5', NULL, '172.69.71.69', 'Mediapartners-Google', 'YTozOntzOjY6Il90b2tlbiI7czo0MDoibk9kMWhLMFNsREViMUd0RFdWZTVVNGtZNEFxb1JTUVBCRHppYTF1QyI7czo5OiJfcHJldmlvdXMiO2E6MTp7czozOiJ1cmwiO3M6Mjk6Imh0dHBzOi8vZWR1Lmthc2kud2ViLmlkL2xvZ2luIjt9czo2OiJfZmxhc2giO2E6Mjp7czozOiJvbGQiO2E6MDp7fXM6MzoibmV3IjthOjA6e319fQ==', 1707439521),
	('1BKBO3UVz6osXhjWvl2vZATVSJSolCCdFXVsymQv', NULL, '172.70.114.121', 'Mozilla/5.0 (X11; Linux x86_64) AppleWebKit/537.36 (KHTML, like Gecko) Chrome/119.0.0.0 Safari/537.36', 'YTozOntzOjY6Il90b2tlbiI7czo0MDoiMDFhcmlmeVJzTjdSZ1lPMzdpbzhYWFFEMlJhWldFMHl3SDJVNDlxTyI7czo5OiJfcHJldmlvdXMiO2E6MTp7czozOiJ1cmwiO3M6MjM6Imh0dHBzOi8vZWR1Lmthc2kud2ViLmlkIjt9czo2OiJfZmxhc2giO2E6Mjp7czozOiJvbGQiO2E6MDp7fXM6MzoibmV3IjthOjA6e319fQ==', 1707944538),
	('1eKWNY3WpfdEi3ckoIbeA33wQc0rLI67KcLX0M29', NULL, '172.70.100.37', 'Mozilla/5.0 (Linux; Android 6.0.1; Nexus 5X Build/MMB29P) AppleWebKit/537.36 (KHTML, like Gecko) Chrome/121.0.6167.139 Mobile Safari/537.36 (compatible; Googlebot/2.1; +http://www.google.com/bot.html)', 'YTozOntzOjY6Il90b2tlbiI7czo0MDoiQTF6YzJabklUSDA1SjQwbTdOUnQ5SUE4WVVoTlBhaDZhb085S1pyTyI7czo5OiJfcHJldmlvdXMiO2E6MTp7czozOiJ1cmwiO3M6MjM6Imh0dHBzOi8vZWR1Lmthc2kud2ViLmlkIjt9czo2OiJfZmxhc2giO2E6Mjp7czozOiJvbGQiO2E6MDp7fXM6MzoibmV3IjthOjA6e319fQ==', 1708059737),
	('1fX8RR91iKxa5zBzdAJRfdm9jm1Ecd6yJKdVENaC', 68, '172.71.210.128', 'Mozilla/5.0 (Windows NT 10.0; Win64; x64) AppleWebKit/537.36 (KHTML, like Gecko) Chrome/109.0.0.0 Safari/537.36', 'YTo1OntzOjY6Il90b2tlbiI7czo0MDoiR3VnUllwYXp4R0tBSHdqRURMT0tzaFN6TDhGcGNxRnJwQTFSc3J0diI7czo2OiJfZmxhc2giO2E6Mjp7czozOiJvbGQiO2E6MDp7fXM6MzoibmV3IjthOjA6e319czo5OiJfcHJldmlvdXMiO2E6MTp7czozOiJ1cmwiO3M6NDY6Imh0dHBzOi8vZWR1Lmthc2kud2ViLmlkL3R1dG9yL2tlbGFzL2RldGFpbC8xMTMiO31zOjUwOiJsb2dpbl93ZWJfNTliYTM2YWRkYzJiMmY5NDAxNTgwZjAxNGM3ZjU4ZWE0ZTMwOTg5ZCI7aTo2ODtzOjIxOiJwYXNzd29yZF9oYXNoX3NhbmN0dW0iO3M6NjA6IiQyeSQxMiRrSnJWWGNMZ2VraWFYZVdvZ1VBN3QuenJObHhLbVBrS0dNUEFwUzJ4RElqY2phUm1qYklDUyI7fQ==', 1708747610),
	('1FxGYrpVdnxtaB3Px2Ql3Nn5p6dSx1aq3yX98jKG', NULL, '162.158.154.51', 'Mozilla/5.0 (Windows NT 10.0; WOW64; x64; rv:102.0) Gecko/20100101 Firefox/102.0/OF6rk2lFZ1ATUMlf', 'YTozOntzOjY6Il90b2tlbiI7czo0MDoiNjNkbDNTMldxWmZubk5Xc2thOThCeUZyMGM1YVFBOUJTRm1Rc2dCYSI7czo5OiJfcHJldmlvdXMiO2E6MTp7czozOiJ1cmwiO3M6MjM6Imh0dHBzOi8vZWR1Lmthc2kud2ViLmlkIjt9czo2OiJfZmxhc2giO2E6Mjp7czozOiJvbGQiO2E6MDp7fXM6MzoibmV3IjthOjA6e319fQ==', 1707944549),
	('1VAvdFcePo58QuTo5L1GMOEgfT0QVeZak2beHnlz', NULL, '172.70.114.252', 'Mozilla/5.0 (Windows NT 10.0; Win64; x64; rv:109.0) Gecko/20100101 Firefox/117.03.22', 'YTozOntzOjY6Il90b2tlbiI7czo0MDoiU0M2Z3B5c1E4R2J3ajB2WVVFVEdoQ1kzcGdWMExXNlN1d0NJaVB2UyI7czo5OiJfcHJldmlvdXMiO2E6MTp7czozOiJ1cmwiO3M6MjM6Imh0dHBzOi8vZWR1Lmthc2kud2ViLmlkIjt9czo2OiJfZmxhc2giO2E6Mjp7czozOiJvbGQiO2E6MDp7fXM6MzoibmV3IjthOjA6e319fQ==', 1707944562),
	('1xC6GS5cmRTlcxwBA1agDKza2NJq4SAyNRIQurGv', NULL, '162.158.155.144', 'Mozilla/5.0 (Macintosh; Intel Mac OS X 10_15_7) AppleWebKit/605.1.15 (KHTML, like Gecko) Version/15.0 Safari/605.1.15', 'YTozOntzOjY6Il90b2tlbiI7czo0MDoiM21VdUdWT2tGbVdVU3ZKQUhnUmxHZldyb3Q5YXRpOUZ5eGFWMFQ2OCI7czo5OiJfcHJldmlvdXMiO2E6MTp7czozOiJ1cmwiO3M6MjM6Imh0dHBzOi8vZWR1Lmthc2kud2ViLmlkIjt9czo2OiJfZmxhc2giO2E6Mjp7czozOiJvbGQiO2E6MDp7fXM6MzoibmV3IjthOjA6e319fQ==', 1707944533),
	('2K0sleVXWNpD820lmYNVnGPqbyLlfoNAnZmKeTGY', NULL, '172.69.6.79', '', 'YTozOntzOjY6Il90b2tlbiI7czo0MDoiVURaUDhGSkxWZkE3Mzh1MVBWeExXOEFUWkEyRnNFTzFoaTE0N0QwUyI7czo5OiJfcHJldmlvdXMiO2E6MTp7czozOiJ1cmwiO3M6MjI6Imh0dHA6Ly9lZHUua2FzaS53ZWIuaWQiO31zOjY6Il9mbGFzaCI7YToyOntzOjM6Im9sZCI7YTowOnt9czozOiJuZXciO2E6MDp7fX19', 1708746387),
	('2s9COMr48xmPPXQpeXYZpaqZgDeoE7lmAabQb9S4', NULL, '162.158.155.117', 'Mozilla/5.0 (iPad; CPU OS 15_4_1 like Mac OS X) AppleWebKit/605.1.15 (KHTML, like Gecko) Version/15.4 Mobile/15E148 Safari/604.1', 'YTozOntzOjY6Il90b2tlbiI7czo0MDoiN25SRU91ZnJVTHExTTJoSmJUVUY0WktDVkd0cG9lNzdBSDR6bXVFOCI7czo5OiJfcHJldmlvdXMiO2E6MTp7czozOiJ1cmwiO3M6MjM6Imh0dHBzOi8vZWR1Lmthc2kud2ViLmlkIjt9czo2OiJfZmxhc2giO2E6Mjp7czozOiJvbGQiO2E6MDp7fXM6MzoibmV3IjthOjA6e319fQ==', 1707890632),
	('2yfDhkulaBVotIYZlEzGfozjVudygxY1paYKcxcr', NULL, '172.70.126.79', 'Mediapartners-Google', 'YTozOntzOjY6Il90b2tlbiI7czo0MDoib0xBQUh3dFNOcGFuR2luUXZlV25ob0lPUGlkbkpjaGdJYjJ1SElKZCI7czo5OiJfcHJldmlvdXMiO2E6MTp7czozOiJ1cmwiO3M6Mjk6Imh0dHBzOi8vZWR1Lmthc2kud2ViLmlkL2xvZ2luIjt9czo2OiJfZmxhc2giO2E6Mjp7czozOiJvbGQiO2E6MDp7fXM6MzoibmV3IjthOjA6e319fQ==', 1708050258),
	('3bSfAGksCeqIzgEn1SDj9trNDGM90r7yqrJ0Hz5W', NULL, '162.158.158.220', 'Mozilla/5.0 (Macintosh; Intel Mac OS X 10_15_6) AppleWebKit/605.1.15 (KHTML, like Gecko) Version/15.6.1 Safari/605.1.15', 'YTozOntzOjY6Il90b2tlbiI7czo0MDoiOUJ0U0VZcTU1a2hFUU9MNWQ1dFdaZWxadU50OVFVZzIzZklQSEJ3QiI7czo5OiJfcHJldmlvdXMiO2E6MTp7czozOiJ1cmwiO3M6MjM6Imh0dHBzOi8vZWR1Lmthc2kud2ViLmlkIjt9czo2OiJfZmxhc2giO2E6Mjp7czozOiJvbGQiO2E6MDp7fXM6MzoibmV3IjthOjA6e319fQ==', 1707944517),
	('3HwaLvV37djA6GxI0gzZ8PzJNPu8oJWFwNvF3la0', NULL, '162.158.189.161', 'Mozilla/5.0 (Macintosh; Intel Mac OS X 10_15_7) AppleWebKit/537.36 (KHTML, like Gecko) Chrome/121.0.0.0 Safari/537.36', 'YToyOntzOjY6Il90b2tlbiI7czo0MDoib0JpN01EVzdqTmdXOWdUNGs1TWhEb0UycUw2Z3cyTXMwR2wySVJlOCI7czo2OiJfZmxhc2giO2E6Mjp7czozOiJvbGQiO2E6MDp7fXM6MzoibmV3IjthOjA6e319fQ==', 1708588543),
	('3LXjuKcH4UpWe1yjTXckfzo2nAjPl0Jb4jZBBcM2', NULL, '172.71.175.56', 'facebookexternalhit/1.1 (+http://www.facebook.com/externalhit_uatext.php)', 'YTozOntzOjY6Il90b2tlbiI7czo0MDoiZlFGRElEdWltTlhROXpDckczdnoyQVJIT210bVdIZng2UVB6R05XcCI7czo5OiJfcHJldmlvdXMiO2E6MTp7czozOiJ1cmwiO3M6MjM6Imh0dHBzOi8vZWR1Lmthc2kud2ViLmlkIjt9czo2OiJfZmxhc2giO2E6Mjp7czozOiJvbGQiO2E6MDp7fXM6MzoibmV3IjthOjA6e319fQ==', 1707445200),
	('3VPWKr0GFsSDdQYPW2WVfNy5a4wRW3N09ZfNsfHR', NULL, '162.158.63.159', 'Mozilla/5.0 (Windows NT 10.0; Win64; x64) AppleWebKit/537.36 (KHTML, like Gecko) Chrome/80.0.3987.16 Safari/537.36 Edg/80.0.361.9', 'YTozOntzOjY6Il90b2tlbiI7czo0MDoia3QyZkY3bFBRSUh1UFJCcFFiaFV5QVQ3NWhFcHBsNU5Idzg5STh1ViI7czo5OiJfcHJldmlvdXMiO2E6MTp7czozOiJ1cmwiO3M6Nzk6Imh0dHBzOi8vZWR1Lmthc2kud2ViLmlkL3B1YmxpYy9pbmRleC5waHA/c2VydmljZS1jbWRzLXBlZm9ybT0lN0MlN0N3aG9hbWklN0MlN0MiO31zOjY6Il9mbGFzaCI7YToyOntzOjM6Im9sZCI7YTowOnt9czozOiJuZXciO2E6MDp7fX19', 1707912498),
	('43eH58GArB1vKzcU41JvA4dNdZsHkUlepyjLN9yJ', NULL, '172.70.82.238', 'Mozilla/5.0 (Linux; U; Android 1.5; en-gb; T-Mobile_G2_Touch Build/CUPCAKE) AppleWebKit/528.5  (KHTML, like Gecko) Version/3.1.2 Mobile Safari/525.20.1', 'YTozOntzOjY6Il90b2tlbiI7czo0MDoiZlZtOEFxaWwzVThmWko3UXBzSVNsOFZVZnhsdUowZ3JaeVRxNGc0MCI7czo5OiJfcHJldmlvdXMiO2E6MTp7czozOiJ1cmwiO3M6MjM6Imh0dHBzOi8vZWR1Lmthc2kud2ViLmlkIjt9czo2OiJfZmxhc2giO2E6Mjp7czozOiJvbGQiO2E6MDp7fXM6MzoibmV3IjthOjA6e319fQ==', 1707175777),
	('4C7YVOI1PzydGL0QzNzuAx9XHL12LWEPoO8ce44J', NULL, '172.70.231.48', 'Mozilla/5.0 (X11; Linux x86_64; en-US) Gecko/20071419 Firefox/99.0', 'YTozOntzOjY6Il90b2tlbiI7czo0MDoiWEFPbWJVV0IxWXUzZFYydVVmM205RkdHdWFjeVZubVRPVXV1YmFLaSI7czo5OiJfcHJldmlvdXMiO2E6MTp7czozOiJ1cmwiO3M6MjM6Imh0dHBzOi8vZWR1Lmthc2kud2ViLmlkIjt9czo2OiJfZmxhc2giO2E6Mjp7czozOiJvbGQiO2E6MDp7fXM6MzoibmV3IjthOjA6e319fQ==', 1707944503),
	('4dw0YKa1GHyUtbgRbdR7V5nglTGl2JFtqff3XyDl', 81, '162.158.178.175', 'Mozilla/5.0 (Windows NT 10.0; Win64; x64) AppleWebKit/537.36 (KHTML, like Gecko) Chrome/121.0.0.0 Safari/537.36', 'YTo2OntzOjY6Il90b2tlbiI7czo0MDoib09uY0N3cFQ2OEgxcmtjenBGMUlhejlTNWtLRm1jcDVES3JBaUFvYSI7czozOiJ1cmwiO2E6MDp7fXM6OToiX3ByZXZpb3VzIjthOjE6e3M6MzoidXJsIjtzOjQ4OiJodHRwczovL2VkdS5rYXNpLndlYi5pZC9tdXJpZC9rZXVhbmdhbi9zdGF0dXMvMTYiO31zOjY6Il9mbGFzaCI7YToyOntzOjM6Im9sZCI7YToxOntpOjA7czo1OiJmYWlsMCI7fXM6MzoibmV3IjthOjA6e319czo1MDoibG9naW5fd2ViXzU5YmEzNmFkZGMyYjJmOTQwMTU4MGYwMTRjN2Y1OGVhNGUzMDk4OWQiO2k6ODE7czoyMToicGFzc3dvcmRfaGFzaF9zYW5jdHVtIjtzOjYwOiIkMnkkMTIkcjhJMUcvdjc1cmsuSU5WTzBtU2JyLk9lRXVINWtiZFFrUDlIRndNNmxSMjVjU2EwLlJFWXUiO30=', 1707722927),
	('4h9j944ohTWDlmH36PJNU6aLsHjffGtr4zZBtNgq', NULL, '172.70.110.186', 'Mozilla/5.0 (Macintosh; Intel Mac OS X 10_15_7) AppleWebKit/605.1.15 (KHTML, like Gecko) Version/16.5.1 Safari/605.1.15', 'YTozOntzOjY6Il90b2tlbiI7czo0MDoiSUs0RlBBTDRvYWJ3Y0hieURpQnBLa2tlQ2FxY2pFOW5sMVkyeFk4OCI7czo5OiJfcHJldmlvdXMiO2E6MTp7czozOiJ1cmwiO3M6MjM6Imh0dHBzOi8vZWR1Lmthc2kud2ViLmlkIjt9czo2OiJfZmxhc2giO2E6Mjp7czozOiJvbGQiO2E6MDp7fXM6MzoibmV3IjthOjA6e319fQ==', 1707944562),
	('4KIUYC57vXzvOymp8QHLD5ca0Vmwg5AfupJ1cOcB', NULL, '205.210.31.27', '', 'YTozOntzOjY6Il90b2tlbiI7czo0MDoiWmRFanhEa21weTZUeHJaS21Jbm5MazhmN2RmNFpKMnYxcWNGWlFyRCI7czo5OiJfcHJldmlvdXMiO2E6MTp7czozOiJ1cmwiO3M6MjM6Imh0dHBzOi8vZWR1Lmthc2kud2ViLmlkIjt9czo2OiJfZmxhc2giO2E6Mjp7czozOiJvbGQiO2E6MDp7fXM6MzoibmV3IjthOjA6e319fQ==', 1707102670),
	('4nae1iPzVerMINIm0idUn7Za74p5vVdRipuebYvv', NULL, '162.158.155.105', 'Mozilla/5.0 (Macintosh; Intel Mac OS X 10_14_5) AppleWebKit/603.2.4 (KHTML, like Gecko) Version/9.1.2 Safari/603.2.4', 'YTozOntzOjY6Il90b2tlbiI7czo0MDoiOXZiWGZsVTZESVI1dXl2am90cm9nSkd1b21zenNKNFJPRjNZYkFobSI7czo5OiJfcHJldmlvdXMiO2E6MTp7czozOiJ1cmwiO3M6MjM6Imh0dHBzOi8vZWR1Lmthc2kud2ViLmlkIjt9czo2OiJfZmxhc2giO2E6Mjp7czozOiJvbGQiO2E6MDp7fXM6MzoibmV3IjthOjA6e319fQ==', 1707944544),
	('5kgPvQmTKCntsR8nK5fZB4BPo0Ui9Ur8cIxq38cM', NULL, '162.158.154.26', 'Mozilla/5.0 (X11; Linux x86_64) AppleWebKit/537.36 (KHTML, like Gecko) Chrome/118.0.0.0 Safari/537.36', 'YTozOntzOjY6Il90b2tlbiI7czo0MDoiUWtQOGcwRnFaVVNEdTJvZ3hReWRIYnZBYzJhMXB0RDZiTFN0U0VFOSI7czo5OiJfcHJldmlvdXMiO2E6MTp7czozOiJ1cmwiO3M6MjA2OiJodHRwczovL2VkdS5rYXNpLndlYi5pZC8/Y2xhc3MubW9kdWxlLmNsYXNzTG9hZGVyLnJlc291cmNlcy5jb250ZXh0LmNvbmZpZ0ZpbGU9aHR0cHMlM0ElMkYlMkZjbjY2cXRuam9pcXY3dWFjZmg2Z283bzUxc3pkenptaXEub2FzdC5saXZlJmNsYXNzLm1vZHVsZS5jbGFzc0xvYWRlci5yZXNvdXJjZXMuY29udGV4dC5jb25maWdGaWxlLmNvbnRlbnQuYWFhPXh4eCI7fXM6NjoiX2ZsYXNoIjthOjI6e3M6Mzoib2xkIjthOjA6e31zOjM6Im5ldyI7YTowOnt9fX0=', 1707925846),
	('5qkMlG03EPW0eLzWbij3XLiti6ypE63MeUgEbIcF', NULL, '172.70.114.253', 'Mozilla/5.0 (Windows NT 6.1; rv:109.0) Gecko/20100101 Firefox/115.0', 'YTozOntzOjY6Il90b2tlbiI7czo0MDoiTHYxbk9lY084eXE2WjdnRWRnbEk4OWZ0a3pvcUs1Y2JEdzlvTHdxRyI7czo5OiJfcHJldmlvdXMiO2E6MTp7czozOiJ1cmwiO3M6MjM6Imh0dHBzOi8vZWR1Lmthc2kud2ViLmlkIjt9czo2OiJfZmxhc2giO2E6Mjp7czozOiJvbGQiO2E6MDp7fXM6MzoibmV3IjthOjA6e319fQ==', 1707944538),
	('5RhQHh0WhaNMWlrxM7dKTf8aM6GPbVXKK28tDJYz', NULL, '172.70.115.174', 'Mozilla/5.0 (Windows NT 10.0; Win64; x64) AppleWebKit/537.36 (KHTML, like Gecko) Chrome/118.0.0.0 Safari/537.36 Edg/118.0.2088.61 OS/10.0.22621', 'YTozOntzOjY6Il90b2tlbiI7czo0MDoiUE5NQ0pRN2E0ZFE5WXlIYkhKRGtqVUpOTWNlUGlaUTN4aUMxNHJVcSI7czo5OiJfcHJldmlvdXMiO2E6MTp7czozOiJ1cmwiO3M6MjM6Imh0dHBzOi8vZWR1Lmthc2kud2ViLmlkIjt9czo2OiJfZmxhc2giO2E6Mjp7czozOiJvbGQiO2E6MDp7fXM6MzoibmV3IjthOjA6e319fQ==', 1707944512),
	('5soBcCobNClg5z31q6gEqe7Ou8lQFBrRdMaIhulQ', NULL, '162.158.189.160', 'Mozila/5.0', 'YTozOntzOjY6Il90b2tlbiI7czo0MDoiTUVld0lTZmg5Wk1MbnRWTWxWVkFTd3Y0OXh3TWVpdlVma3lyV2hJaCI7czo5OiJfcHJldmlvdXMiO2E6MTp7czozOiJ1cmwiO3M6MjI6Imh0dHA6Ly9lZHUua2FzaS53ZWIuaWQiO31zOjY6Il9mbGFzaCI7YToyOntzOjM6Im9sZCI7YTowOnt9czozOiJuZXciO2E6MDp7fX19', 1706900839),
	('5uffQU89id6mZxFzE7uC2b8N8r9dGjE8HZ5j10UI', NULL, '172.70.174.122', '', 'YTozOntzOjY6Il90b2tlbiI7czo0MDoidG5KM2ZkdXdUTFk4a0swdHZiT3lCZFdnN2oySjI3Q1B5S2JoNXNCUCI7czo5OiJfcHJldmlvdXMiO2E6MTp7czozOiJ1cmwiO3M6MjI6Imh0dHA6Ly9lZHUua2FzaS53ZWIuaWQiO31zOjY6Il9mbGFzaCI7YToyOntzOjM6Im9sZCI7YTowOnt9czozOiJuZXciO2E6MDp7fX19', 1707021501),
	('5z7EepPkXMk8uSVCO4f6d1A47CIIPaqMy66DKMTM', NULL, '162.158.158.83', 'Mozilla/5.0 (Windows NT 10.0; Win64; x64) AppleWebKit/537.36 (KHTML, like Gecko) Chrome/143.0.6573.47 Safari/537.36 Edg/23.0.8022.58', 'YTozOntzOjY6Il90b2tlbiI7czo0MDoibkxzdGxWRG1DM3hVYlh5UmpsSVVRdjdJc1NmeEx4ZmVYQkFmd3lISiI7czo5OiJfcHJldmlvdXMiO2E6MTp7czozOiJ1cmwiO3M6MjM6Imh0dHBzOi8vZWR1Lmthc2kud2ViLmlkIjt9czo2OiJfZmxhc2giO2E6Mjp7czozOiJvbGQiO2E6MDp7fXM6MzoibmV3IjthOjA6e319fQ==', 1707944512),
	('6cAs5Ek0dsuXgYO5JjTT5ubNhRwm791D2mjFj6LU', NULL, '172.70.46.183', 'facebookexternalhit/1.1 (+http://www.facebook.com/externalhit_uatext.php)', 'YTozOntzOjY6Il90b2tlbiI7czo0MDoid3hUTXowb2NtSUhMYTY5S0xzSUFPVklEMDU0a0xKbmNLQUc0TWdmWSI7czo5OiJfcHJldmlvdXMiO2E6MTp7czozOiJ1cmwiO3M6MjM6Imh0dHBzOi8vZWR1Lmthc2kud2ViLmlkIjt9czo2OiJfZmxhc2giO2E6Mjp7czozOiJvbGQiO2E6MDp7fXM6MzoibmV3IjthOjA6e319fQ==', 1707445201),
	('6cz5iE9kSV8TjYCCLMf2WqVbvrsYPukrY6NXKsUz', NULL, '172.70.142.80', 'Mozilla/5.0 (Windows NT 10.0; Win64; x64) AppleWebKit/537.36 (KHTML, like Gecko) Chrome/120.0.0.0 Safari/537.36', 'YTo0OntzOjY6Il90b2tlbiI7czo0MDoicnhYTVlIZ3JuemlYRTdXdkQyZGMzNEdzS0JlcmowZ21SU2V3ZTJVZCI7czozOiJ1cmwiO2E6MTp7czo4OiJpbnRlbmRlZCI7czozOToiaHR0cHM6Ly9lZHUua2FzaS53ZWIuaWQva2VsYXMvZGV0YWlsLzY0Ijt9czo5OiJfcHJldmlvdXMiO2E6MTp7czozOiJ1cmwiO3M6Mjk6Imh0dHBzOi8vZWR1Lmthc2kud2ViLmlkL2xvZ2luIjt9czo2OiJfZmxhc2giO2E6Mjp7czozOiJvbGQiO2E6MDp7fXM6MzoibmV3IjthOjA6e319fQ==', 1707056894),
	('6u9konCQMXiZTrxZ94Xy2V91EcqpeqTPinruh0EX', NULL, '162.158.158.9', 'Mozilla/5.0 (Macintosh; U; PPC Mac OS X; en) AppleWebKit/125.5 (KHTML, like Gecko) Safari/125.9', 'YTozOntzOjY6Il90b2tlbiI7czo0MDoiOXpOZDdVcXE3V0xNOE5UUVQzME55Y083cEYzS0RmbllZUHpyR0N3RSI7czo5OiJfcHJldmlvdXMiO2E6MTp7czozOiJ1cmwiO3M6MjM6Imh0dHBzOi8vZWR1Lmthc2kud2ViLmlkIjt9czo2OiJfZmxhc2giO2E6Mjp7czozOiJvbGQiO2E6MDp7fXM6MzoibmV3IjthOjA6e319fQ==', 1707944530),
	('6uGEWiX8ebsWjW7xifv1vOCbqwdELYaLRRtzodAf', 64, '172.70.188.26', 'Mozilla/5.0 (Windows NT 10.0; Win64; x64) AppleWebKit/537.36 (KHTML, like Gecko) Chrome/122.0.0.0 Safari/537.36 Edg/122.0.0.0', 'YTo2OntzOjY6Il90b2tlbiI7czo0MDoiQjB2VkQ2VWE3djdXcFRuQkJwaVhIQ0ppR2FVS1hWcEU1QzVDZURXUiI7czozOiJ1cmwiO2E6MDp7fXM6OToiX3ByZXZpb3VzIjthOjE6e3M6MzoidXJsIjtzOjQwOiJodHRwczovL2VkdS5rYXNpLndlYi5pZC90dXRvci9rZWxhcy9saXN0Ijt9czo2OiJfZmxhc2giO2E6Mjp7czozOiJvbGQiO2E6MDp7fXM6MzoibmV3IjthOjA6e319czo1MDoibG9naW5fd2ViXzU5YmEzNmFkZGMyYjJmOTQwMTU4MGYwMTRjN2Y1OGVhNGUzMDk4OWQiO2k6NjQ7czoyMToicGFzc3dvcmRfaGFzaF9zYW5jdHVtIjtzOjYwOiIkMnkkMTIkVno5dWk0VnhxMGVpNEtHUGdWZnAyZWtWMTZDcXRsV0JhS3IyRTBzVGFaU1pGVUdkRXguRTYiO30=', 1708853244),
	('6vWX0yYx7B8hTTcivMQ0V95jWv09S8lfvy3QbWAU', NULL, '172.71.122.50', 'Expanse, a Palo Alto Networks company, searches across the global IPv4 space multiple times per day to identify customers&#39; presences on the Internet. If you would like to be excluded from our scans, please send IP addresses/domains to: scaninfo@paloaltonetworks.com', 'YTozOntzOjY6Il90b2tlbiI7czo0MDoibnMwcWlBTmJuZFIyckN4d1hOQmlkWDZTNWhZUERrUFlFS1ZneDR2bSI7czo5OiJfcHJldmlvdXMiO2E6MTp7czozOiJ1cmwiO3M6MjM6Imh0dHBzOi8vZWR1Lmthc2kud2ViLmlkIjt9czo2OiJfZmxhc2giO2E6Mjp7czozOiJvbGQiO2E6MDp7fXM6MzoibmV3IjthOjA6e319fQ==', 1708421129),
	('71ke4d3mc9GxWTjCGIa8RxiBgNe4sYxXNr4y6WoU', NULL, '172.70.114.58', 'Mozilla/5.0 (Windows NT 10.0; Win64; x64) AppleWebKit/537.36 (KHTML, like Gecko) Chrome/77.0.3865.75 Safari/537.36', 'YTozOntzOjY6Il90b2tlbiI7czo0MDoiWllqQW90TUR0dUZFM3FhMVVLS08xVmU2cTFWUWJ2ZmZvMnRDZmMybCI7czo5OiJfcHJldmlvdXMiO2E6MTp7czozOiJ1cmwiO3M6MjM6Imh0dHBzOi8vZWR1Lmthc2kud2ViLmlkIjt9czo2OiJfZmxhc2giO2E6Mjp7czozOiJvbGQiO2E6MDp7fXM6MzoibmV3IjthOjA6e319fQ==', 1707944525),
	('74q3k2LoPM2TXBBt4B96L2Ytx73v8v9Bg4hcCBi6', NULL, '172.71.218.94', 'Mozilla/5.0 (Linux; Android 11; SAMSUNG SM-A505F) AppleWebKit/537.36 (KHTML, like Gecko) SamsungBrowser/23.0 Chrome/115.0.0.0 Mobile Safari/537.36', 'YTozOntzOjY6Il90b2tlbiI7czo0MDoiTmppZDlaeDBPaXRlYXFOTlJSUjRtOXBmaTd5dkQ1OW5Ua1VETkdNUSI7czo5OiJfcHJldmlvdXMiO2E6MTp7czozOiJ1cmwiO3M6MjM6Imh0dHBzOi8vZWR1Lmthc2kud2ViLmlkIjt9czo2OiJfZmxhc2giO2E6Mjp7czozOiJvbGQiO2E6MDp7fXM6MzoibmV3IjthOjA6e319fQ==', 1707125199),
	('7cfpR4Cb0KglR5OtMHp396zGzxAxq3P9A6qQ77Fw', NULL, '172.70.174.177', '', 'YTozOntzOjY6Il90b2tlbiI7czo0MDoiZE9PYTZkRXBrMzBiUTZ6VENwZUlFQXpNejRvUllJQ0N2bXBJd2dZZiI7czo5OiJfcHJldmlvdXMiO2E6MTp7czozOiJ1cmwiO3M6MjM6Imh0dHBzOi8vZWR1Lmthc2kud2ViLmlkIjt9czo2OiJfZmxhc2giO2E6Mjp7czozOiJvbGQiO2E6MDp7fXM6MzoibmV3IjthOjA6e319fQ==', 1708971660),
	('7e3IHJbsUIMCkhKWni9OKTc5ISuuLXpA8ixLZSh5', NULL, '162.158.155.66', 'Mozilla/5.0 (Macintosh; Intel Mac OS X 10_15_7) AppleWebKit/605.1.15 (KHTML, like Gecko) Version/16.5 Safari/605.1.15 Ddg/15.6', 'YTozOntzOjY6Il90b2tlbiI7czo0MDoiY0NlamtEdUE3NTJsNnRkUjFNTjducWxqVkRJN0NralB0bG1GQm9zUCI7czo5OiJfcHJldmlvdXMiO2E6MTp7czozOiJ1cmwiO3M6MjM6Imh0dHBzOi8vZWR1Lmthc2kud2ViLmlkIjt9czo2OiJfZmxhc2giO2E6Mjp7czozOiJvbGQiO2E6MDp7fXM6MzoibmV3IjthOjA6e319fQ==', 1707944514),
	('7EV10MrGhJRguZukBiB4QcHWmPP6DLj9mIWD4Lje', NULL, '172.70.114.23', 'Mozilla/5.0 (Windows NT 6.1; WOW64; rv:38.0) Gecko/20100101 Firefox/38.0', 'YTozOntzOjY6Il90b2tlbiI7czo0MDoiNjNQSHluY01XaHJncmkxMkNkbjZKblZwS0ZUVDU2T0dtTlNmbjd3NyI7czo5OiJfcHJldmlvdXMiO2E6MTp7czozOiJ1cmwiO3M6MjM6Imh0dHBzOi8vZWR1Lmthc2kud2ViLmlkIjt9czo2OiJfZmxhc2giO2E6Mjp7czozOiJvbGQiO2E6MDp7fXM6MzoibmV3IjthOjA6e319fQ==', 1707928908),
	('7lTprLG2m0XDzi8WCngfb7ORJ3Lp5LOCBiEU041X', NULL, '162.158.158.234', 'Mozilla/5.0 (Windows NT 10.0; Win64; x64) AppleWebKit/537.36 (KHTML, like Gecko) Chrome/86.0.4240.111 Safari/537.36', 'YTozOntzOjY6Il90b2tlbiI7czo0MDoidXZvMUczQVBERjZpOEZySnJIRUxDcDB6RzMyMWpyVjAyQXo3bkdCYSI7czo5OiJfcHJldmlvdXMiO2E6MTp7czozOiJ1cmwiO3M6MjM6Imh0dHBzOi8vZWR1Lmthc2kud2ViLmlkIjt9czo2OiJfZmxhc2giO2E6Mjp7czozOiJvbGQiO2E6MDp7fXM6MzoibmV3IjthOjA6e319fQ==', 1707944549),
	('7qcEo4Zs0DiiiKUV1f8O4Ol9pCsaC6wgreZSPhXi', 65, '172.68.225.237', 'Mozilla/5.0 (Linux; Android 10; K) AppleWebKit/537.36 (KHTML, like Gecko) Chrome/121.0.0.0 Mobile Safari/537.36', 'YTo2OntzOjY6Il90b2tlbiI7czo0MDoiNHJPWVZ0VkpWQ0VqZHJJY3h4Y1FpYmNwNzU0d1pISjRGdXhDUUh0cyI7czozOiJ1cmwiO2E6MDp7fXM6OToiX3ByZXZpb3VzIjthOjE6e3M6MzoidXJsIjtzOjQ5OiJodHRwczovL2VkdS5rYXNpLndlYi5pZC90dXRvci9rZXVhbmdhbi9wZW5nZ2FqaWFuIjt9czo2OiJfZmxhc2giO2E6Mjp7czozOiJvbGQiO2E6MDp7fXM6MzoibmV3IjthOjA6e319czo1MDoibG9naW5fd2ViXzU5YmEzNmFkZGMyYjJmOTQwMTU4MGYwMTRjN2Y1OGVhNGUzMDk4OWQiO2k6NjU7czoyMToicGFzc3dvcmRfaGFzaF9zYW5jdHVtIjtzOjYwOiIkMnkkMTIkM3BVcVAweUlOazFMcENwcVU0aXZRZXJrUlNzV3lvOVliVW0wSVc1Z0VEc25TRjBubmd1WUMiO30=', 1706970576),
	('7tss0AF6Jb8m6KfaqukuWrXtRLcRXLJQZZuAGVmR', NULL, '172.70.143.46', 'Mozilla/5.0 (Linux; Android 12; SAMSUNG SM-A325F) AppleWebKit/537.36 (KHTML, like Gecko) SamsungBrowser/23.0 Chrome/115.0.0.0 Mobile Safari/537.36', 'YToyOntzOjY6Il90b2tlbiI7czo0MDoiRTBMVm50VldZcVRJVTNNVFBiOHNUd3BPYTJXbUNnZ2pMVFhid3FSQiI7czo2OiJfZmxhc2giO2E6Mjp7czozOiJvbGQiO2E6MDp7fXM6MzoibmV3IjthOjA6e319fQ==', 1707313210),
	('7Vap93wSt1SeBplP7nkeeJJZHQTMSME7UlpDS1of', NULL, '141.101.76.98', 'Mozilla/5.0 (compatible; InternetMeasurement/1.0; +https://internet-measurement.com/)', 'YTozOntzOjY6Il90b2tlbiI7czo0MDoiZHk0d2hWZHBOeVBXTzNJeHo3V0lqNjlkbG9nZm1NcjZzNzB1MEZBMSI7czo5OiJfcHJldmlvdXMiO2E6MTp7czozOiJ1cmwiO3M6MjI6Imh0dHA6Ly9lZHUua2FzaS53ZWIuaWQiO31zOjY6Il9mbGFzaCI7YToyOntzOjM6Im9sZCI7YTowOnt9czozOiJuZXciO2E6MDp7fX19', 1706946605),
	('7YqGy31jUCD9Ye6Jif1R1Sp5C3KAda5yXcbyQpCo', NULL, '162.158.155.105', 'Mozilla/5.0 (Windows NT 10.0; rv:69.0 ) Gecko/20100101 Firefox/69.0', 'YTozOntzOjY6Il90b2tlbiI7czo0MDoiTmV6bFppN2lPS1phb0x6ZXEzcWV2b1I5dzJMeTNDRnNvN2x4dldMZSI7czo5OiJfcHJldmlvdXMiO2E6MTp7czozOiJ1cmwiO3M6MjM6Imh0dHBzOi8vZWR1Lmthc2kud2ViLmlkIjt9czo2OiJfZmxhc2giO2E6Mjp7czozOiJvbGQiO2E6MDp7fXM6MzoibmV3IjthOjA6e319fQ==', 1707944541),
	('86CDE3zNGPXBK0zf9qPvul4JAAHpoHAsOiBbiV0D', NULL, '162.158.158.8', 'Mozilla/5.0 (Macintosh; Intel Mac OS X 10_15_7) AppleWebKit/605.1.15 (KHTML, like Gecko) Version/16.5 Safari/605.1.15 Ddg/16.2', 'YTozOntzOjY6Il90b2tlbiI7czo0MDoidXVTZ2RJRjliVmJxRFdHUjlKdUdNRmg5SW1jUU1PY3lCUjl3Y1YxNyI7czo5OiJfcHJldmlvdXMiO2E6MTp7czozOiJ1cmwiO3M6MjM6Imh0dHBzOi8vZWR1Lmthc2kud2ViLmlkIjt9czo2OiJfZmxhc2giO2E6Mjp7czozOiJvbGQiO2E6MDp7fXM6MzoibmV3IjthOjA6e319fQ==', 1707944552),
	('8iScz1JWvm681u0Utq2glmdM7OvlvaWuufFlmezp', NULL, '162.158.158.124', 'Mozilla/5.0 (Windows NT 10.0; Win64; x64) AppleWebKit/537.36 (KHTML, like Gecko) Chrome/117.0.0.0 Safari/537.36 Edg/117.0.2045.43', 'YTozOntzOjY6Il90b2tlbiI7czo0MDoibUZ6NnVSTkl0YXlIS0FLaUo1c0t4dEJIZkRGMHVYUmpYNVdMOWc0eCI7czo5OiJfcHJldmlvdXMiO2E6MTp7czozOiJ1cmwiO3M6MjM6Imh0dHBzOi8vZWR1Lmthc2kud2ViLmlkIjt9czo2OiJfZmxhc2giO2E6Mjp7czozOiJvbGQiO2E6MDp7fXM6MzoibmV3IjthOjA6e319fQ==', 1707898874),
	('8M3F2yBft6BabQFZtXCrNtob9m5vmxL1XN2iLOOS', NULL, '172.70.114.15', 'Mozilla/5.0 (Windows; U; Windows NT 5.1; en-US; rv:1.8.1.13) Gecko/20100101 Firefox/91.0', 'YTozOntzOjY6Il90b2tlbiI7czo0MDoibG55VG02R3VWcm9oYk41cXpqNjZWTnhWNHBOYzd1OWkyeGVFMXhVQSI7czo5OiJfcHJldmlvdXMiO2E6MTp7czozOiJ1cmwiO3M6MjM6Imh0dHBzOi8vZWR1Lmthc2kud2ViLmlkIjt9czo2OiJfZmxhc2giO2E6Mjp7czozOiJvbGQiO2E6MDp7fXM6MzoibmV3IjthOjA6e319fQ==', 1707944533),
	('8t8ApF2gVpBibov5LuU6KaRxTDRkXkYEt4SjQ8y2', NULL, '172.69.214.104', 'Mozilla/5.0 (Windows NT 6.1; WOW64; rv:33.0) Gecko/20100101 Firefox/33.0', 'YTozOntzOjY6Il90b2tlbiI7czo0MDoiaDFtVk9wT1JkSkk3T1dEVnI2VlRZTkQyT0ZtMjl5OXVPS0JINmxxRyI7czo5OiJfcHJldmlvdXMiO2E6MTp7czozOiJ1cmwiO3M6MjM6Imh0dHBzOi8vZWR1Lmthc2kud2ViLmlkIjt9czo2OiJfZmxhc2giO2E6Mjp7czozOiJvbGQiO2E6MDp7fXM6MzoibmV3IjthOjA6e319fQ==', 1708853248),
	('8xLJ3ryH9Tby7iPgBHteXZyUYKLxPgvABLBZHRWB', NULL, '162.158.155.187', 'Mozilla/5.0 (X11; CrOS aarch64 14989.85.0) AppleWebKit/537.36 (KHTML, like Gecko) Chrome/105.0.0.0 Safari/537.36', 'YTozOntzOjY6Il90b2tlbiI7czo0MDoiTzhkbFZsd2RCRkhESzJKWDAyNGY0elN4SnJtbnhvMWlDbHdXQ29JaiI7czo5OiJfcHJldmlvdXMiO2E6MTp7czozOiJ1cmwiO3M6MjM6Imh0dHBzOi8vZWR1Lmthc2kud2ViLmlkIjt9czo2OiJfZmxhc2giO2E6Mjp7czozOiJvbGQiO2E6MDp7fXM6MzoibmV3IjthOjA6e319fQ==', 1707944567),
	('95IjXYnApQl8fGJFfP7CgO34JLta4PF0uw8wQJJZ', NULL, '172.70.135.160', 'Mozilla/5.0 (Linux; Android 6.0.1; Nexus 5X Build/MMB29P) AppleWebKit/537.36 (KHTML, like Gecko) Chrome/121.0.6167.85 Mobile Safari/537.36 (compatible; Googlebot/2.1; +http://www.google.com/bot.html)', 'YTozOntzOjY6Il90b2tlbiI7czo0MDoidzBqNTJrc0N0bVhhNTNiQ0FsbDU1MnRIUGI2SXlnYnVnOXdianpvQiI7czo5OiJfcHJldmlvdXMiO2E6MTp7czozOiJ1cmwiO3M6MjI6Imh0dHA6Ly9lZHUua2FzaS53ZWIuaWQiO31zOjY6Il9mbGFzaCI7YToyOntzOjM6Im9sZCI7YTowOnt9czozOiJuZXciO2E6MDp7fX19', 1708366826),
	('95NFxt1yXhUewwlHfszLbYGuRZiUFMn9YBg8NBTd', NULL, '172.69.194.3', 'Mozilla/5.0 (compatible; GrapeshotCrawler/2.0; +http://www.grapeshot.co.uk/crawler.php)', 'YTozOntzOjY6Il90b2tlbiI7czo0MDoiTkJTR0V1dTRXRk81SE1wNVc0b2FoSHN4QWhMM3hrdzUwZFB2YTVkUSI7czo5OiJfcHJldmlvdXMiO2E6MTp7czozOiJ1cmwiO3M6MjI6Imh0dHA6Ly9lZHUua2FzaS53ZWIuaWQiO31zOjY6Il9mbGFzaCI7YToyOntzOjM6Im9sZCI7YTowOnt9czozOiJuZXciO2E6MDp7fX19', 1707125692),
	('9Q48iN2In9wGOXVjjhXTbsdidjQpTZUdTUZBvfYL', 68, '162.158.114.2', 'Mozilla/5.0 (Windows NT 10.0; Win64; x64) AppleWebKit/537.36 (KHTML, like Gecko) Chrome/121.0.0.0 Safari/537.36', 'YTo0OntzOjY6Il90b2tlbiI7czo0MDoiYlRhdHBQWk9kZ0lsNzlzRHpVNDJ0dkhVaG91bTRMSHA1WGNFQ3JBdCI7czo5OiJfcHJldmlvdXMiO2E6MTp7czozOiJ1cmwiO3M6Mjk6Imh0dHBzOi8vZWR1Lmthc2kud2ViLmlkL2xvZ2luIjt9czo2OiJfZmxhc2giO2E6Mjp7czozOiJvbGQiO2E6MDp7fXM6MzoibmV3IjthOjA6e319czo1MDoibG9naW5fd2ViXzU5YmEzNmFkZGMyYjJmOTQwMTU4MGYwMTRjN2Y1OGVhNGUzMDk4OWQiO2k6Njg7fQ==', 1708227982),
	('9UTMbhrAXMUfH5H4FHoWJxsSuh5N38bk1Tv0VadN', 80, '162.158.163.221', 'Mozilla/5.0 (iPhone; CPU iPhone OS 17_3 like Mac OS X) AppleWebKit/605.1.15 (KHTML, like Gecko) Version/17.3 Mobile/15E148 Safari/604.1', 'YTo0OntzOjY6Il90b2tlbiI7czo0MDoiekpxeTJlbk9iRm5RcWhHSUVIUmNncTN3NGdVbnlQZm85N3FwbkQxcCI7czo2OiJfZmxhc2giO2E6Mjp7czozOiJvbGQiO2E6MDp7fXM6MzoibmV3IjthOjA6e319czo5OiJfcHJldmlvdXMiO2E6MTp7czozOiJ1cmwiO3M6Mjk6Imh0dHBzOi8vZWR1Lmthc2kud2ViLmlkL2xvZ2luIjt9czo1MDoibG9naW5fd2ViXzU5YmEzNmFkZGMyYjJmOTQwMTU4MGYwMTRjN2Y1OGVhNGUzMDk4OWQiO2k6ODA7fQ==', 1706848698),
	('9wMngfTbsmpKuRsMc8WTuLjovw51Chis17NNLzAJ', NULL, '172.70.42.9', 'Mozilla/5.0 AppleWebKit/537.36 (KHTML, like Gecko; compatible; bingbot/2.0; +http://www.bing.com/bingbot.htm) Chrome/116.0.1938.76 Safari/537.36', 'YTozOntzOjY6Il90b2tlbiI7czo0MDoiTU5SRzFOdzhDdXNkODFoWUFqMUZFWjBkdWRSZXJXUFRkYWlET0JOdyI7czo5OiJfcHJldmlvdXMiO2E6MTp7czozOiJ1cmwiO3M6Mjk6Imh0dHBzOi8vZWR1Lmthc2kud2ViLmlkL2xvZ2luIjt9czo2OiJfZmxhc2giO2E6Mjp7czozOiJvbGQiO2E6MDp7fXM6MzoibmV3IjthOjA6e319fQ==', 1708492293),
	('AbSe6DBz6yrKigHrGg2zqOrpSwBeSR8u6QMff3pN', NULL, '172.71.254.87', 'Mozilla/5.0 (Windows NT 10.0; Win64; x64) AppleWebKit/537.36 (KHTML, like Gecko) Chrome/52.0.2743.82 Safari/537.36', 'YTozOntzOjY6Il90b2tlbiI7czo0MDoiaEtYWk9acEdWN2xiR3lVd1lic3RvOEMyTTdid3lzY0RwbnVWeEd1aiI7czo5OiJfcHJldmlvdXMiO2E6MTp7czozOiJ1cmwiO3M6MjM6Imh0dHBzOi8vZWR1Lmthc2kud2ViLmlkIjt9czo2OiJfZmxhc2giO2E6Mjp7czozOiJvbGQiO2E6MDp7fXM6MzoibmV3IjthOjA6e319fQ==', 1707779798),
	('aoWY0vqDQzmBTaGcKteDaRvyLg4ZZrkZEQnuJprL', NULL, '172.70.111.93', 'Mozilla/5.0 (Windows NT 10.0; Win64; x64) AppleWebKit/537.36 (KHTML, like Gecko) Chrome/110.0.0.0 Safari/537.36 Edg/110.0.1587.46', 'YTozOntzOjY6Il90b2tlbiI7czo0MDoiOXNsQUNRd1paOGgwU0psRURkc1c2RjU4cnM2cHlpOHJZU1E1cVhBUCI7czo5OiJfcHJldmlvdXMiO2E6MTp7czozOiJ1cmwiO3M6MjM6Imh0dHBzOi8vZWR1Lmthc2kud2ViLmlkIjt9czo2OiJfZmxhc2giO2E6Mjp7czozOiJvbGQiO2E6MDp7fXM6MzoibmV3IjthOjA6e319fQ==', 1707944520),
	('argXTq5qHHb0O4jboM9rnhQNA60gS8WhmUgVXvrd', NULL, '172.71.98.143', 'Mozilla/5.0 (compatible; InternetMeasurement/1.0; +https://internet-measurement.com/)', 'YTozOntzOjY6Il90b2tlbiI7czo0MDoiVWJUZFk3RG42aDM5VnNUSVVEUmxnanB6OGtOZ1NpaWowbkxGM21IciI7czo5OiJfcHJldmlvdXMiO2E6MTp7czozOiJ1cmwiO3M6MjM6Imh0dHBzOi8vZWR1Lmthc2kud2ViLmlkIjt9czo2OiJfZmxhc2giO2E6Mjp7czozOiJvbGQiO2E6MDp7fXM6MzoibmV3IjthOjA6e319fQ==', 1706976144),
	('aXC7O42PKkEAjrTxiH0EhxA8kMjDw0FVcD25taQR', NULL, '172.70.110.163', 'Mozilla/5.0 (Macintosh; Intel Mac OS X 10_14_3) AppleWebKit/537.36 (KHTML, like Gecko) Chrome/72.0.3626.121 Safari/537.36', 'YTozOntzOjY6Il90b2tlbiI7czo0MDoiRUxXU1VaWEJlemVVZ3F5TFhsUkd1R1ZrOG04akxwUU9BUE5sdEFJYiI7czo5OiJfcHJldmlvdXMiO2E6MTp7czozOiJ1cmwiO3M6MjM6Imh0dHBzOi8vZWR1Lmthc2kud2ViLmlkIjt9czo2OiJfZmxhc2giO2E6Mjp7czozOiJvbGQiO2E6MDp7fXM6MzoibmV3IjthOjA6e319fQ==', 1707944527),
	('b2VYUZ4ebt8xjo2Ghc9da5Wc3j4WyTvtoihaFG2o', NULL, '172.70.231.39', 'Mozilla/5.0 (Macintosh; Intel Mac OS X 10_15_7) AppleWebKit/605.1.15 (KHTML, like Gecko) Version/16.5 Safari/605.1.15 Ddg/15.2', 'YToyOntzOjY6Il90b2tlbiI7czo0MDoic3dBRzdiczlKdDd6T293S2x1ZWEzbHJJWlFIRWlmZHBWaTl5clY2RSI7czo2OiJfZmxhc2giO2E6Mjp7czozOiJvbGQiO2E6MDp7fXM6MzoibmV3IjthOjA6e319fQ==', 1707971564),
	('B4yGEGKzBPO061MCwXu1efjk1IjIk5KyXRZfLeGi', NULL, '162.158.155.117', 'Mozilla/5.0 (X11; CrOS x86_64 14541.0.0) AppleWebKit/537.36 (KHTML, like Gecko) Chrome/117.0.0.0 Safari/537.36', 'YTozOntzOjY6Il90b2tlbiI7czo0MDoiakJTS1pWbmNhdXhYT2UwTE1tVG9ZblhrQklMaTRvbUw1UktZRWo4MyI7czo5OiJfcHJldmlvdXMiO2E6MTp7czozOiJ1cmwiO3M6MjM6Imh0dHBzOi8vZWR1Lmthc2kud2ViLmlkIjt9czo2OiJfZmxhc2giO2E6Mjp7czozOiJvbGQiO2E6MDp7fXM6MzoibmV3IjthOjA6e319fQ==', 1707944554),
	('B75tqPFhnKbRBZ0cbePSsjdIQLvs8MKelJVOZb8F', NULL, '162.158.174.71', 'Mozilla/5.0 (Linux; Android 6.0.1; Nexus 5X Build/MMB29P) AppleWebKit/537.36 (KHTML, like Gecko) Chrome/121.0.6167.85 Mobile Safari/537.36 (compatible; Googlebot/2.1; +http://www.google.com/bot.html)', 'YTozOntzOjY6Il90b2tlbiI7czo0MDoiWWJ3N1BIUDBpQkE0TUpHZGhueXNWRTZabHBPdnlZUDdyMDY2djI1WCI7czo5OiJfcHJldmlvdXMiO2E6MTp7czozOiJ1cmwiO3M6MjM6Imh0dHBzOi8vZWR1Lmthc2kud2ViLmlkIjt9czo2OiJfZmxhc2giO2E6Mjp7czozOiJvbGQiO2E6MDp7fXM6MzoibmV3IjthOjA6e319fQ==', 1707148016),
	('bjXWJkBxgsWrIoCikt8UG4ocY3CjvM3gL29cnntt', NULL, '172.69.71.38', 'Mediapartners-Google', 'YTozOntzOjY6Il90b2tlbiI7czo0MDoieEVSWkxlZXlna1dxMUJqM3hud0xwbUNSSGJIcVFqck1zT2I1cTlqcSI7czo5OiJfcHJldmlvdXMiO2E6MTp7czozOiJ1cmwiO3M6MjM6Imh0dHBzOi8vZWR1Lmthc2kud2ViLmlkIjt9czo2OiJfZmxhc2giO2E6Mjp7czozOiJvbGQiO2E6MDp7fXM6MzoibmV3IjthOjA6e319fQ==', 1707438284),
	('bltQTpwUVz91vCeaukj4grDY32yHWFokRhhgrls7', 63, '162.158.179.18', 'Mozilla/5.0 (Windows NT 10.0; Win64; x64) AppleWebKit/537.36 (KHTML, like Gecko) Chrome/122.0.0.0 Safari/537.36', 'YTo1OntzOjY6Il90b2tlbiI7czo0MDoiUnBhT0JKNVNZOUFJMTBUMUZ5WmlYd0kyZk1ieGxnbUVmdGpweDNxeCI7czo1MDoibG9naW5fd2ViXzU5YmEzNmFkZGMyYjJmOTQwMTU4MGYwMTRjN2Y1OGVhNGUzMDk4OWQiO2k6NjM7czo5OiJfcHJldmlvdXMiO2E6MTp7czozOiJ1cmwiO3M6NDY6Imh0dHBzOi8vZWR1Lmthc2kud2ViLmlkL3R1dG9yL2tlbGFzL2RldGFpbC8xMTYiO31zOjY6Il9mbGFzaCI7YToyOntzOjM6Im9sZCI7YToxOntpOjA7czo3OiJzdWNjZXNzIjt9czozOiJuZXciO2E6MDp7fX1zOjIxOiJwYXNzd29yZF9oYXNoX3NhbmN0dW0iO3M6NjA6IiQyeSQxMiQ1U0ZsY1A4MjBZU3ZhSmZweTR6blF1VktOT2FtU2ZQWW1sSE1Jd0g1bVlGaDJmdWhrSHNLaSI7fQ==', 1708949186),
	('bmLNAtXPZHglQgHl89g0bjJAEAsOk3Scvip4lMXr', NULL, '162.158.159.143', 'Mozilla/5.0 (X11; Linux x86_64; en-US) Gecko/20110909 Firefox/107.0', 'YTozOntzOjY6Il90b2tlbiI7czo0MDoiYUtBbVBGa3EwSDRVUnBZeDhkTkJzRnlqOWhTWFBzbXlZeGZLRjlHZyI7czo5OiJfcHJldmlvdXMiO2E6MTp7czozOiJ1cmwiO3M6MjM6Imh0dHBzOi8vZWR1Lmthc2kud2ViLmlkIjt9czo2OiJfZmxhc2giO2E6Mjp7czozOiJvbGQiO2E6MDp7fXM6MzoibmV3IjthOjA6e319fQ==', 1707944562),
	('bUdZxIbiewSC0bXOYnDwaFoGKfaHjYM3cFAVjSj1', 80, '172.69.166.85', 'Mozilla/5.0 (iPhone; CPU iPhone OS 17_3_1 like Mac OS X) AppleWebKit/605.1.15 (KHTML, like Gecko) Version/17.3.1 Mobile/15E148 Safari/604.1', 'YTo1OntzOjY6Il90b2tlbiI7czo0MDoib0U1ZDBUQ3d0a0NldlpTMDdOeTdjeEJRcE5sZ3hnV3c1Q0pSTUNqSiI7czo5OiJfcHJldmlvdXMiO2E6MTp7czozOiJ1cmwiO3M6MjM6Imh0dHBzOi8vZWR1Lmthc2kud2ViLmlkIjt9czo2OiJfZmxhc2giO2E6Mjp7czozOiJvbGQiO2E6MDp7fXM6MzoibmV3IjthOjA6e319czo1MDoibG9naW5fd2ViXzU5YmEzNmFkZGMyYjJmOTQwMTU4MGYwMTRjN2Y1OGVhNGUzMDk4OWQiO2k6ODA7czoyMToicGFzc3dvcmRfaGFzaF9zYW5jdHVtIjtzOjYwOiIkMnkkMTIkclRNbW11anRha2JES2VIVkE2WTFVZTVFRXBaZnExNkJ2OFNHb04vcXlkNDZzTkVhU04wRFciO30=', 1707702697),
	('CFK4UsrH8iCnt9RxWnF5FRIUB8IhCeYCfLmgEWxW', NULL, '172.70.147.203', 'Mozilla/5.0 (Windows NT 10.0; Win64; x64) AppleWebKit/537.36 (KHTML, like Gecko) Chrome/120.0.0.0 Safari/537.36', 'YTo0OntzOjY6Il90b2tlbiI7czo0MDoidEdpQXRCM3lQdUVLWDZOTktDZ2lZRDZQOHFmRFNCVnZ1VUNzcTI2TCI7czozOiJ1cmwiO2E6MTp7czo4OiJpbnRlbmRlZCI7czo0NToiaHR0cHM6Ly9lZHUua2FzaS53ZWIuaWQvbXVyaWQva2VsYXMvZGV0YWlsLzEwIjt9czo5OiJfcHJldmlvdXMiO2E6MTp7czozOiJ1cmwiO3M6Mjk6Imh0dHBzOi8vZWR1Lmthc2kud2ViLmlkL2xvZ2luIjt9czo2OiJfZmxhc2giO2E6Mjp7czozOiJvbGQiO2E6MDp7fXM6MzoibmV3IjthOjA6e319fQ==', 1706873509),
	('CgjdBZW8LTMsHpUq0CUzqMzuAhVTUBFJPwP7Xl7H', NULL, '162.158.158.82', 'Mozilla/5.0 (X11; U; Linux x86_64; rv:106.0esr) Gecko/20012411 Firefox/106.0esr', 'YTozOntzOjY6Il90b2tlbiI7czo0MDoiOFlIRXE5Zm1yUDFGd2ZtV0tGS3hqaTJGeVZSc0NOZnVYUVBXZFRYTSI7czo5OiJfcHJldmlvdXMiO2E6MTp7czozOiJ1cmwiO3M6MjM6Imh0dHBzOi8vZWR1Lmthc2kud2ViLmlkIjt9czo2OiJfZmxhc2giO2E6Mjp7czozOiJvbGQiO2E6MDp7fXM6MzoibmV3IjthOjA6e319fQ==', 1707944564),
	('CgYqPciEJiiIRfGSYkNDtJXgj1gd2Oetr5CRIuwC', NULL, '162.158.155.229', 'Mozilla/5.0 (X11; U; Linux x86_64; en-US; rv:101.0esr) Gecko/20062614 Firefox/101.0esr', 'YTozOntzOjY6Il90b2tlbiI7czo0MDoiMk02RTJ3VXRuRkJIUjFMc3dEa0RqWDZwY0ljSXBxQTd3QWJxb1RueSI7czo5OiJfcHJldmlvdXMiO2E6MTp7czozOiJ1cmwiO3M6MjM6Imh0dHBzOi8vZWR1Lmthc2kud2ViLmlkIjt9czo2OiJfZmxhc2giO2E6Mjp7czozOiJvbGQiO2E6MDp7fXM6MzoibmV3IjthOjA6e319fQ==', 1707944557),
	('clzPjx6uClatqWlP6tABErF33MwbXY2ZTMw1nIId', NULL, '172.69.33.251', 'Mozilla/5.0 (Macintosh; Intel Mac OS X 9_0_1) AppleWebKit/575.39 (KHTML, like Gecko) Chrome/70.0.1124 Safari/537.36', 'YTozOntzOjY6Il90b2tlbiI7czo0MDoid3VJUk9TcXlRSmZlZU4yenhFYkE2bzhKOFZPVDJ1UWQ2UDRiTnBHdyI7czo5OiJfcHJldmlvdXMiO2E6MTp7czozOiJ1cmwiO3M6MjM6Imh0dHBzOi8vZWR1Lmthc2kud2ViLmlkIjt9czo2OiJfZmxhc2giO2E6Mjp7czozOiJvbGQiO2E6MDp7fXM6MzoibmV3IjthOjA6e319fQ==', 1707429565),
	('CO01McB1ROqying75D4YB8X7WCrjGW7KjNAblcwM', NULL, '172.68.225.195', 'Mozilla/5.0 (Windows NT 9_0_2; Win64; x64) AppleWebKit/601.42 (KHTML, like Gecko) Chrome/92.0.2043 Safari/537.36', 'YTozOntzOjY6Il90b2tlbiI7czo0MDoiaXlDZmg1YnRXTlFsczFhZUFuTlpIYkNjMU5IdzRMczJHSnh1Yk44ZCI7czo5OiJfcHJldmlvdXMiO2E6MTp7czozOiJ1cmwiO3M6MjM6Imh0dHBzOi8vZWR1Lmthc2kud2ViLmlkIjt9czo2OiJfZmxhc2giO2E6Mjp7czozOiJvbGQiO2E6MDp7fXM6MzoibmV3IjthOjA6e319fQ==', 1708034777),
	('CpINaejb2WerRTiwG4IajQmCGZ2VDyXegYwFXFzu', NULL, '162.158.155.205', 'Mozilla/5.0 (Windows NT 10.0; Win64; x64) AppleWebKit/537.36 (KHTML, like Gecko) Chrome/84.0.4137.1 SputnikBrowser/5.6.6280.0 (GOST) Safari/537.36', 'YTozOntzOjY6Il90b2tlbiI7czo0MDoiaFI2YmEzajJVNTdTRWE0c3pIQWREMnBmQzF1VmxmQ1E0TlJuMEYyeCI7czo5OiJfcHJldmlvdXMiO2E6MTp7czozOiJ1cmwiO3M6MjM6Imh0dHBzOi8vZWR1Lmthc2kud2ViLmlkIjt9czo2OiJfZmxhc2giO2E6Mjp7czozOiJvbGQiO2E6MDp7fXM6MzoibmV3IjthOjA6e319fQ==', 1707944552),
	('CQIAt8R5t3gnwJ8UBWcFBztY7Vd4bERMVRhRn46L', NULL, '162.158.62.18', 'Mozilla/5.0 (Macintosh; Intel Mac OS X 11_1; rv:106.0) Gecko/20100101 Firefox/106.0', 'YTozOntzOjY6Il90b2tlbiI7czo0MDoibTZ0UmFWY2owZ1hocFBZMDh0ZWs5a1VLb3gxd1NxQmV6N3daNGU2VCI7czo5OiJfcHJldmlvdXMiO2E6MTp7czozOiJ1cmwiO3M6MjM6Imh0dHBzOi8vZWR1Lmthc2kud2ViLmlkIjt9czo2OiJfZmxhc2giO2E6Mjp7czozOiJvbGQiO2E6MDp7fXM6MzoibmV3IjthOjA6e319fQ==', 1707944552),
	('CsepjhRuYAJ1ONLfNi15dbDOvsxlnDswsu9J7cqp', NULL, '172.70.135.174', 'Mozilla/5.0 AppleWebKit/537.36 (KHTML, like Gecko; compatible; bingbot/2.0; +http://www.bing.com/bingbot.htm) Chrome/116.0.1938.76 Safari/537.36', 'YTozOntzOjY6Il90b2tlbiI7czo0MDoiYU5sZ1hMNEx4ZVYydHNaNmRBMTBqV0RQemxFVFpHUXptUk1zSW5EQSI7czo5OiJfcHJldmlvdXMiO2E6MTp7czozOiJ1cmwiO3M6Mjk6Imh0dHBzOi8vZWR1Lmthc2kud2ViLmlkL2xvZ2luIjt9czo2OiJfZmxhc2giO2E6Mjp7czozOiJvbGQiO2E6MDp7fXM6MzoibmV3IjthOjA6e319fQ==', 1708152442),
	('CTWBjn3RdbM6W7VvJ5a3hxvGkm45IonGPt9BBvwl', NULL, '172.68.27.163', 'Mozilla/5.0 (Linux; Android 6.0.1; Nexus 5X Build/MMB29P) AppleWebKit/537.36 (KHTML, like Gecko) Chrome/121.0.6167.85 Mobile Safari/537.36 (compatible; Googlebot/2.1; +http://www.google.com/bot.html)', 'YTozOntzOjY6Il90b2tlbiI7czo0MDoiZWcwbHNtTTRLQ0t5d3hvcUZ1WDF2eFUxdDdTM21aMGNxdW1aU3RESSI7czo5OiJfcHJldmlvdXMiO2E6MTp7czozOiJ1cmwiO3M6MjM6Imh0dHBzOi8vZWR1Lmthc2kud2ViLmlkIjt9czo2OiJfZmxhc2giO2E6Mjp7czozOiJvbGQiO2E6MDp7fXM6MzoibmV3IjthOjA6e319fQ==', 1706899647),
	('CuQqFLkGMUBol8jqomvsxA6UxWqpxYe2lnvMaYvN', 64, '108.162.226.128', 'Mozilla/5.0 (Windows NT 10.0; Win64; x64) AppleWebKit/537.36 (KHTML, like Gecko) Chrome/121.0.0.0 Safari/537.36 Edg/121.0.0.0', 'YTo2OntzOjY6Il90b2tlbiI7czo0MDoicmxrME9CazA3NXo1NHBNazRTaTd1MXRsWk8zQ1cyd0FDOWRQMFBHbCI7czozOiJ1cmwiO2E6MDp7fXM6OToiX3ByZXZpb3VzIjthOjE6e3M6MzoidXJsIjtzOjQwOiJodHRwczovL2VkdS5rYXNpLndlYi5pZC90dXRvci9rZWxhcy9saXN0Ijt9czo2OiJfZmxhc2giO2E6Mjp7czozOiJvbGQiO2E6MDp7fXM6MzoibmV3IjthOjA6e319czo1MDoibG9naW5fd2ViXzU5YmEzNmFkZGMyYjJmOTQwMTU4MGYwMTRjN2Y1OGVhNGUzMDk4OWQiO2k6NjQ7czoyMToicGFzc3dvcmRfaGFzaF9zYW5jdHVtIjtzOjYwOiIkMnkkMTIkVno5dWk0VnhxMGVpNEtHUGdWZnAyZWtWMTZDcXRsV0JhS3IyRTBzVGFaU1pGVUdkRXguRTYiO30=', 1708479928),
	('CWmDm7cpmZQYAHBDfrG0afJwWRPagY8OPOIj0XjA', NULL, '172.70.230.144', 'Mozilla/5.0 (Windows NT 10.0; Win64; x64) AppleWebKit/537.36 (KHTML, like Gecko) Chrome/97.0.4692.71 Safari/537.36 Edg/97.0.1072.62', 'YTozOntzOjY6Il90b2tlbiI7czo0MDoiTEc1b0xCeVkxbWl2c3dvUjZsV3BxZGNlWDZXNjc0NExzMFFHbmlUWSI7czo5OiJfcHJldmlvdXMiO2E6MTp7czozOiJ1cmwiO3M6MjM6Imh0dHBzOi8vZWR1Lmthc2kud2ViLmlkIjt9czo2OiJfZmxhc2giO2E6Mjp7czozOiJvbGQiO2E6MDp7fXM6MzoibmV3IjthOjA6e319fQ==', 1707944512),
	('cxBbCorC6rEN666I8OJ3H412tqKR7AQaK5adVSiu', NULL, '162.158.106.56', 'Mozilla/5.0 (Windows NT 10.0; Win64; x64) AppleWebKit/537.36 (KHTML, like Gecko) Chrome/109.0.0.0 Safari/537.36', 'YTo0OntzOjY6Il90b2tlbiI7czo0MDoiWUF2cHF1cElGeE9qRDBjQ05sY1ZDaEhNSW55OFpHUW5EVXhiSHVuSyI7czozOiJ1cmwiO2E6MTp7czo4OiJpbnRlbmRlZCI7czo0NToiaHR0cHM6Ly9lZHUua2FzaS53ZWIuaWQvbXVyaWQva2VsYXMvZGV0YWlsLzUwIjt9czo5OiJfcHJldmlvdXMiO2E6MTp7czozOiJ1cmwiO3M6Mjk6Imh0dHBzOi8vZWR1Lmthc2kud2ViLmlkL2xvZ2luIjt9czo2OiJfZmxhc2giO2E6Mjp7czozOiJvbGQiO2E6MDp7fXM6MzoibmV3IjthOjA6e319fQ==', 1706873708),
	('cZQFcBISYD8jbynzWBp5K53htXnQWVyXZcS5TrcU', NULL, '172.70.114.94', 'Mozilla/5.0 (Windows NT 10.0; Win64; x64) AppleWebKit/537.36 (KHTML, like Gecko) Chrome/121.0.0.0 Safari/537.36 Edg/121.0.0.5', 'YTozOntzOjY6Il90b2tlbiI7czo0MDoickZ4ZWZHMFdFczBESHBSZ3ZhTUIwSm5OV0E1S20yOHhOTHR1ZDU4SyI7czo5OiJfcHJldmlvdXMiO2E6MTp7czozOiJ1cmwiO3M6Mjk6Imh0dHBzOi8vZWR1Lmthc2kud2ViLmlkL2xvZ2luIjt9czo2OiJfZmxhc2giO2E6Mjp7czozOiJvbGQiO2E6MDp7fXM6MzoibmV3IjthOjA6e319fQ==', 1707905728),
	('czun5OZlBTgMAJtjPn2iLT7ySZZ3wfRRNNE3sDDO', NULL, '162.158.158.82', 'Mozilla/5.0 (Windows NT 10.0; Win64; x64; rv:102.0) Gecko/20100101 Goanna/6.5 Firefox/102.0 Basilisk/20231209', 'YTozOntzOjY6Il90b2tlbiI7czo0MDoiU01LWlpPdUtVRkdlcmhvVEt5NDk1cXBUek9ObEU2U3NBdDllb2huYiI7czo5OiJfcHJldmlvdXMiO2E6MTp7czozOiJ1cmwiO3M6MjM6Imh0dHBzOi8vZWR1Lmthc2kud2ViLmlkIjt9czo2OiJfZmxhc2giO2E6Mjp7czozOiJvbGQiO2E6MDp7fXM6MzoibmV3IjthOjA6e319fQ==', 1707944567),
	('d0eWiexwOBQt3YlLyMlxRig7G5tkhoppxXtmEYgI', NULL, '141.101.99.165', 'facebookexternalhit/1.1 (+http://www.facebook.com/externalhit_uatext.php)', 'YTozOntzOjY6Il90b2tlbiI7czo0MDoidFJIcU50bElkVjBxM3AyUG5aUFpUdElCT2kxVzRJWW5aQXBlamRXcCI7czo5OiJfcHJldmlvdXMiO2E6MTp7czozOiJ1cmwiO3M6MjM6Imh0dHBzOi8vZWR1Lmthc2kud2ViLmlkIjt9czo2OiJfZmxhc2giO2E6Mjp7czozOiJvbGQiO2E6MDp7fXM6MzoibmV3IjthOjA6e319fQ==', 1707878743),
	('D0sJqMZeJizIBgk6oCsqwLEzTLdk27YcKvbrjQYT', NULL, '162.158.154.84', 'Mozilla/5.0 (X11; CrOS x86_64 15236.66.0) AppleWebKit/537.36 (KHTML, like Gecko) Chrome/109.0.0.0 Safari/537.36', 'YTozOntzOjY6Il90b2tlbiI7czo0MDoiSVdTVnY5RERleUtSYVNmdjFzUDRlTm1pSDJYTkpBOFNSRDFDSGFQayI7czo5OiJfcHJldmlvdXMiO2E6MTp7czozOiJ1cmwiO3M6MjM6Imh0dHBzOi8vZWR1Lmthc2kud2ViLmlkIjt9czo2OiJfZmxhc2giO2E6Mjp7czozOiJvbGQiO2E6MDp7fXM6MzoibmV3IjthOjA6e319fQ==', 1707944525),
	('D7KNXOZ0LetPJLZ8Rlw7dSa2qhw2tz6x6qNcy5qP', NULL, '162.158.163.17', 'Mozilla/5.0 (Windows NT 10.0; Win64; x64) AppleWebKit/537.36 (KHTML, like Gecko) Chrome/120.0.0.0 Safari/537.36', 'YTo0OntzOjY6Il90b2tlbiI7czo0MDoiOVZQUGJZeklGSllrUGU4eXBlT1ZuRTI4cGNSMDU0RTVoQjhUYndJYiI7czozOiJ1cmwiO2E6MTp7czo4OiJpbnRlbmRlZCI7czozOToiaHR0cHM6Ly9lZHUua2FzaS53ZWIuaWQva2VsYXMvZGV0YWlsLzYyIjt9czo5OiJfcHJldmlvdXMiO2E6MTp7czozOiJ1cmwiO3M6Mjk6Imh0dHBzOi8vZWR1Lmthc2kud2ViLmlkL2xvZ2luIjt9czo2OiJfZmxhc2giO2E6Mjp7czozOiJvbGQiO2E6MDp7fXM6MzoibmV3IjthOjA6e319fQ==', 1707056862),
	('d8VVdi7Z28V3jm1YcE8kH7YPzZ99fJWg3PaluOdU', NULL, '172.70.114.26', 'Mozilla/5.0 (Macintosh; Intel Mac OS X 10_14_4) AppleWebKit/605.1.15 (KHTML, like Gecko) Version/9.1.2 Safari/605.1.15', 'YTozOntzOjY6Il90b2tlbiI7czo0MDoidkFFR1ZzMVFHSVNFNjVSTjg4bnpJallGZ3R2UXNrdEhBNUwxdmk2ZCI7czo5OiJfcHJldmlvdXMiO2E6MTp7czozOiJ1cmwiO3M6MjM6Imh0dHBzOi8vZWR1Lmthc2kud2ViLmlkIjt9czo2OiJfZmxhc2giO2E6Mjp7czozOiJvbGQiO2E6MDp7fXM6MzoibmV3IjthOjA6e319fQ==', 1707944568),
	('DdwMUmrTc8o06bI3aVuTZpZC7aleMw72L8yur8Yd', NULL, '162.158.155.65', 'Mozilla/5.0 (Windows NT 10.0; Win64; x64) AppleWebKit/537.36 (KHTML, like Gecko) Chrome/100.0.4896.127 Safari/537.36', 'YTozOntzOjY6Il90b2tlbiI7czo0MDoiWmFONDZiYlFWM3RiQ2NVOFRYdFY4Tkk2aDk3bE9yclJka0M0TGh3YSI7czo5OiJfcHJldmlvdXMiO2E6MTp7czozOiJ1cmwiO3M6MjM6Imh0dHBzOi8vZWR1Lmthc2kud2ViLmlkIjt9czo2OiJfZmxhc2giO2E6Mjp7czozOiJvbGQiO2E6MDp7fXM6MzoibmV3IjthOjA6e319fQ==', 1707944557),
	('devKn3hjJKayjb2hsvPOlQvPUa1R5ojfTNvvWYAF', NULL, '172.70.147.154', 'Mozilla/5.0 (Windows NT 10.0; Win64; x64) AppleWebKit/537.36 (KHTML, like Gecko) Chrome/120.0.0.0 Safari/537.36', 'YTo0OntzOjY6Il90b2tlbiI7czo0MDoiak5hUVp2NGxLMUVkeVZwVllUcmo4TTNuYVdsa21JTFBMVjhSNXcydCI7czozOiJ1cmwiO2E6MTp7czo4OiJpbnRlbmRlZCI7czozOToiaHR0cHM6Ly9lZHUua2FzaS53ZWIuaWQva2VsYXMvZGV0YWlsLzY5Ijt9czo5OiJfcHJldmlvdXMiO2E6MTp7czozOiJ1cmwiO3M6Mjk6Imh0dHBzOi8vZWR1Lmthc2kud2ViLmlkL2xvZ2luIjt9czo2OiJfZmxhc2giO2E6Mjp7czozOiJvbGQiO2E6MDp7fXM6MzoibmV3IjthOjA6e319fQ==', 1707235346),
	('dfISlZEyasGGe96Uc53oveUo1D9452mFro6gJcir', NULL, '172.70.110.60', 'Mozilla/5.0 (Windows NT 10.0; Win64; x64; rv:106.0) Gecko/20100101 Firefox/106.0', 'YTozOntzOjY6Il90b2tlbiI7czo0MDoiQkYyRXhSOHBxd2FTSFBlZzc5ZUVjZzhOV0EwMG5MUXRyVndUbjlGbSI7czo5OiJfcHJldmlvdXMiO2E6MTp7czozOiJ1cmwiO3M6MjM6Imh0dHBzOi8vZWR1Lmthc2kud2ViLmlkIjt9czo2OiJfZmxhc2giO2E6Mjp7czozOiJvbGQiO2E6MDp7fXM6MzoibmV3IjthOjA6e319fQ==', 1707944547),
	('dMxBW15DslDh4Bhqasdl4Vmt60u96jndtJBEOQL0', 83, '172.69.166.120', 'Mozilla/5.0 (Linux; Android 10; K) AppleWebKit/537.36 (KHTML, like Gecko) Chrome/121.0.0.0 Mobile Safari/537.36', 'YTo1OntzOjY6Il90b2tlbiI7czo0MDoiRkFPaDNWZXZjaWN6VXRMZ0oxOVdwbWgxMTh5NjE0QUczN0FqdzJ0WCI7czo5OiJfcHJldmlvdXMiO2E6MTp7czozOiJ1cmwiO3M6NDU6Imh0dHBzOi8vZWR1Lmthc2kud2ViLmlkL211cmlkL2tlbGFzL2RldGFpbC81NiI7fXM6NjoiX2ZsYXNoIjthOjI6e3M6Mzoib2xkIjthOjA6e31zOjM6Im5ldyI7YTowOnt9fXM6NTA6ImxvZ2luX3dlYl81OWJhMzZhZGRjMmIyZjk0MDE1ODBmMDE0YzdmNThlYTRlMzA5ODlkIjtpOjgzO3M6MjE6InBhc3N3b3JkX2hhc2hfc2FuY3R1bSI7czo2MDoiJDJ5JDEyJFplL3NiWXBnVnhaVlVzWnhuZmFXdHVWSUlzN2ZLNmJBd0RNU3JnS0pYUkp5YzJaaS51LkhtIjt9', 1707104273),
	('DNQL3nkH0Sl4nkw0wM13ny7qSXYODLc5LISx1wFK', NULL, '162.158.63.98', 'Mozilla/5.0 (X11; CrOS x86_64 15183.59.0) AppleWebKit/537.36 (KHTML, like Gecko) Chrome/108.0.0.0 Safari/537.36', 'YTozOntzOjY6Il90b2tlbiI7czo0MDoiSG8xbjE3RVpGQVRxWWJvMVFGNEpRelVtZFZ5YnRoSnFtVnR0Q01wNiI7czo5OiJfcHJldmlvdXMiO2E6MTp7czozOiJ1cmwiO3M6MjM6Imh0dHBzOi8vZWR1Lmthc2kud2ViLmlkIjt9czo2OiJfZmxhc2giO2E6Mjp7czozOiJvbGQiO2E6MDp7fXM6MzoibmV3IjthOjA6e319fQ==', 1707944525),
	('DnrbJzBL3Kbfqmpze52Wj6Sr8PgWWgEI5p5Q8PLY', NULL, '162.158.63.87', 'Mozilla/5.0 (Windows NT 6.1; Win64; x64) AppleWebKit/537.36 (KHTML, like Gecko)Chrome/74.0.3729.169 Safari/537.36', 'YTozOntzOjY6Il90b2tlbiI7czo0MDoiczdkaEpnWTlXUERMeWtyVThqQUdvb3dUejY4WDVYdWRxcUNXcHBjcSI7czo5OiJfcHJldmlvdXMiO2E6MTp7czozOiJ1cmwiO3M6MjM6Imh0dHBzOi8vZWR1Lmthc2kud2ViLmlkIjt9czo2OiJfZmxhc2giO2E6Mjp7czozOiJvbGQiO2E6MDp7fXM6MzoibmV3IjthOjA6e319fQ==', 1707944527),
	('Dpnxq7zWhHBDacsbNHrvAKxmy1Mz5sVHu0n4qLUD', NULL, '162.158.154.118', 'Mozilla/5.0 (X11; Linux x86_64) AppleWebKit/537.36 (KHTML, like Gecko) Chrome/117.0.0.0 Safari/537.36 Edg/117.0.2045.31', 'YTozOntzOjY6Il90b2tlbiI7czo0MDoiYkxJMmFkZjhLU1lyd2ZzZjBYTUFXd3Z2MERhRWhHTWpTdVVyZ3lzTiI7czo5OiJfcHJldmlvdXMiO2E6MTp7czozOiJ1cmwiO3M6MjM6Imh0dHBzOi8vZWR1Lmthc2kud2ViLmlkIjt9czo2OiJfZmxhc2giO2E6Mjp7czozOiJvbGQiO2E6MDp7fXM6MzoibmV3IjthOjA6e319fQ==', 1707944560),
	('dqSJygc3yMnWj1owWiCuCq9Saf5sGNOp0fH22cka', NULL, '172.70.135.173', 'Mozilla/5.0 AppleWebKit/537.36 (KHTML, like Gecko; compatible; bingbot/2.0; +http://www.bing.com/bingbot.htm) Chrome/116.0.1938.76 Safari/537.36', 'YTozOntzOjY6Il90b2tlbiI7czo0MDoiR1pqUWwwc3dJVU9zQkFSWlB4UTA2VEEwaVV1eW9uM1lqTTdmUTZuUCI7czo5OiJfcHJldmlvdXMiO2E6MTp7czozOiJ1cmwiO3M6Mjk6Imh0dHBzOi8vZWR1Lmthc2kud2ViLmlkL2xvZ2luIjt9czo2OiJfZmxhc2giO2E6Mjp7czozOiJvbGQiO2E6MDp7fXM6MzoibmV3IjthOjA6e319fQ==', 1708145706),
	('dt59FAhebrIZixvdRvHrMPe67ZAHim2QvbU7jP4j', NULL, '172.71.142.27', 'facebookexternalhit/1.1 (+http://www.facebook.com/externalhit_uatext.php)', 'YTozOntzOjY6Il90b2tlbiI7czo0MDoiMHlTOWNMeUo2MHlrY0VpSWZoUFYxOFVBeUlkY2J0eVZXN25ZM2RHcCI7czo5OiJfcHJldmlvdXMiO2E6MTp7czozOiJ1cmwiO3M6MjM6Imh0dHBzOi8vZWR1Lmthc2kud2ViLmlkIjt9czo2OiJfZmxhc2giO2E6Mjp7czozOiJvbGQiO2E6MDp7fXM6MzoibmV3IjthOjA6e319fQ==', 1707878745),
	('dYaYcrLL239jFUDKtrZRjFIXFNP2vMrlFVzU2JB1', NULL, '172.69.71.37', 'Mozilla/5.0 (compatible; Googlebot/2.1; +http://www.google.com/bot.html)', 'YTozOntzOjY6Il90b2tlbiI7czo0MDoiUzM5M2RxRlJQQ01jN0t1NlM0TmQycTlLN3BGd0tVS1E0M2x2ZUxzZyI7czo5OiJfcHJldmlvdXMiO2E6MTp7czozOiJ1cmwiO3M6MjM6Imh0dHBzOi8vZWR1Lmthc2kud2ViLmlkIjt9czo2OiJfZmxhc2giO2E6Mjp7czozOiJvbGQiO2E6MDp7fXM6MzoibmV3IjthOjA6e319fQ==', 1707439896),
	('E3q4qfyRRYDSZJUFD4IeeLoD2rk5oyEE6f8gZZAo', NULL, '172.70.231.39', 'Mozilla/5.0 (Macintosh; Intel Mac OS X 10_15_7) AppleWebKit/605.1.15 (KHTML, like Gecko) Version/16.0 Safari/605.1.15', 'YTozOntzOjY6Il90b2tlbiI7czo0MDoiT0dqVFdxVXpYVkMxRllzbDVRVmRpQ0pCc01kbVFQSjQ1blNoOEE1WiI7czo5OiJfcHJldmlvdXMiO2E6MTp7czozOiJ1cmwiO3M6NDA6Imh0dHBzOi8vZWR1Lmthc2kud2ViLmlkLz9sb2NhdGlvbj1zZWFyY2giO31zOjY6Il9mbGFzaCI7YToyOntzOjM6Im9sZCI7YTowOnt9czozOiJuZXciO2E6MDp7fX19', 1707924764),
	('EewjU7wFJ2AwdmIJ7EHGkTGskK8CKG59UGzGAnuK', 1, '162.158.114.24', 'Mozilla/5.0 (Windows NT 10.0; Win64; x64) AppleWebKit/537.36 (KHTML, like Gecko) Chrome/121.0.0.0 Safari/537.36', 'YTo1OntzOjY6Il90b2tlbiI7czo0MDoiR2VnY2huYW9qeVRhU25DM3ZFbUlMbVduOFdjUnR6S0R3T0U5VzFQeiI7czo5OiJfcHJldmlvdXMiO2E6MTp7czozOiJ1cmwiO3M6NTA6Imh0dHBzOi8vZWR1Lmthc2kud2ViLmlkL2tldWFuZ2FuL2JpbGxpbmcvc3RhdHVzLzE2Ijt9czo2OiJfZmxhc2giO2E6Mjp7czozOiJvbGQiO2E6MTp7aTowO3M6ODoic3VjY2VzczAiO31zOjM6Im5ldyI7YTowOnt9fXM6NTA6ImxvZ2luX3dlYl81OWJhMzZhZGRjMmIyZjk0MDE1ODBmMDE0YzdmNThlYTRlMzA5ODlkIjtpOjE7czoyMToicGFzc3dvcmRfaGFzaF9zYW5jdHVtIjtzOjYwOiIkMnkkMTIkWTF6d28yeWJCYTB0VzFaYkE1by5BZVM4S0NDd3NxWXhFaXNwaWJMbEhFSTQwUjhjbTJ3akciO30=', 1708823258),
	('egfky8s0Tj1ZB4cILD5Bpnx9O7isqwwkVQ6K0COd', NULL, '172.70.114.120', 'python-requests/2.26.0', 'YTozOntzOjY6Il90b2tlbiI7czo0MDoiUFJaallJN0FwM0JUYmVLSkg1amhCQjRmVFZMU1F2cUw1VWJwZkVTOCI7czo5OiJfcHJldmlvdXMiO2E6MTp7czozOiJ1cmwiO3M6MjM6Imh0dHBzOi8vZWR1Lmthc2kud2ViLmlkIjt9czo2OiJfZmxhc2giO2E6Mjp7czozOiJvbGQiO2E6MDp7fXM6MzoibmV3IjthOjA6e319fQ==', 1707934469),
	('ELkEYu7gzFj99yNu3CWAsb33Iyki9ySyl4m3mR5G', NULL, '172.71.219.12', 'Mozilla/5.0 (compatible; CensysInspect/1.1; +https://about.censys.io/)', 'YTozOntzOjY6Il90b2tlbiI7czo0MDoibGpKN1ZpaDB1dWp6WnYzQWluR3JpWllCbHNJRkVqdW85djdyZmF5WSI7czo5OiJfcHJldmlvdXMiO2E6MTp7czozOiJ1cmwiO3M6MjI6Imh0dHA6Ly9lZHUua2FzaS53ZWIuaWQiO31zOjY6Il9mbGFzaCI7YToyOntzOjM6Im9sZCI7YTowOnt9czozOiJuZXciO2E6MDp7fX19', 1707207416),
	('EMezdPIjrLR0IFDL8GyRW857YfbcglKFIp8so1lR', NULL, '172.70.142.132', 'Mozilla/5.0 (Windows NT 10.0; Win64; x64) AppleWebKit/537.36 (KHTML, like Gecko) Chrome/121.0.0.0 Safari/537.36', 'YTo0OntzOjY6Il90b2tlbiI7czo0MDoiSmV4aWE3Rlo2S0lpWWhxbktWWXhieU55YjNDOXR1c2JKNXllcmh6VyI7czozOiJ1cmwiO2E6MTp7czo4OiJpbnRlbmRlZCI7czo0MDoiaHR0cHM6Ly9lZHUua2FzaS53ZWIuaWQvdHV0b3Iva2VsYXMvbGlzdCI7fXM6OToiX3ByZXZpb3VzIjthOjE6e3M6MzoidXJsIjtzOjQwOiJodHRwczovL2VkdS5rYXNpLndlYi5pZC90dXRvci9rZWxhcy9saXN0Ijt9czo2OiJfZmxhc2giO2E6Mjp7czozOiJvbGQiO2E6MDp7fXM6MzoibmV3IjthOjA6e319fQ==', 1706966478),
	('emMU4ab1KBgemVK7JKtMTsBjIPcFllW79ou6NQI3', NULL, '162.158.154.61', 'Mozilla/5.0 (Windows; U; Windows NT 6.1; pl; rv:1.9.1) Gecko/20090624 Firefox/3.5 (.NET CLR 3.5.30729)', 'YTozOntzOjY6Il90b2tlbiI7czo0MDoiTm52MWw0azJSRnF4UDJPTU84VnBBcWhHTER4VUNGWDRxelp2bXZUSiI7czo5OiJfcHJldmlvdXMiO2E6MTp7czozOiJ1cmwiO3M6MjM6Imh0dHBzOi8vZWR1Lmthc2kud2ViLmlkIjt9czo2OiJfZmxhc2giO2E6Mjp7czozOiJvbGQiO2E6MDp7fXM6MzoibmV3IjthOjA6e319fQ==', 1707901106),
	('EoEOGS2edOskMjNefqeZ4NQxvjf4b1rlfjAyDXod', 73, '172.69.166.19', 'Mozilla/5.0 (Macintosh; Intel Mac OS X 10_15_7) AppleWebKit/537.36 (KHTML, like Gecko) Chrome/121.0.0.0 Safari/537.36', 'YTo1OntzOjY6Il90b2tlbiI7czo0MDoic0ZRd2FlUEJxZVdLQkVWTXlHWEoyc25qNDlLTG5UclZ0SjJuRzVwUyI7czo2OiJfZmxhc2giO2E6Mjp7czozOiJvbGQiO2E6MTp7aTowO3M6Nzoic3VjY2VzcyI7fXM6MzoibmV3IjthOjA6e319czo5OiJfcHJldmlvdXMiO2E6MTp7czozOiJ1cmwiO3M6NDY6Imh0dHBzOi8vZWR1Lmthc2kud2ViLmlkL211cmlkL2tlbGFzL2RldGFpbC8xMDciO31zOjUwOiJsb2dpbl93ZWJfNTliYTM2YWRkYzJiMmY5NDAxNTgwZjAxNGM3ZjU4ZWE0ZTMwOTg5ZCI7aTo3MztzOjIxOiJwYXNzd29yZF9oYXNoX3NhbmN0dW0iO3M6NjA6IiQyeSQxMiRRZVNLUW1NSjRjbkRkOEswcGtTZjd1eDlBMnJ3UFdXcVdMS3kuLlNNTWtkL3lkRXJTNjhtcSI7fQ==', 1708740683),
	('EWVVtQNEUyau7GX7MlszC5EUFHDzCwyQZwRNJA1w', NULL, '172.70.143.169', 'Mozilla/5.0 (Linux; Android 10; K) AppleWebKit/537.36 (KHTML, like Gecko) Chrome/117.0.0.0 Mobile Safari/537.36', 'YTozOntzOjY6Il90b2tlbiI7czo0MDoiU1NUQklkQjhnN2tvU1RNeTJoT3dzQnBkd0FwYUtWc1Y5RmE5cDBYeiI7czo5OiJfcHJldmlvdXMiO2E6MTp7czozOiJ1cmwiO3M6MjM6Imh0dHBzOi8vZWR1Lmthc2kud2ViLmlkIjt9czo2OiJfZmxhc2giO2E6Mjp7czozOiJvbGQiO2E6MDp7fXM6MzoibmV3IjthOjA6e319fQ==', 1708849130),
	('F1uXnUOqodI64K4309JTWwR86mD5Ih73DnjJLIBH', NULL, '172.68.105.133', 'Mozilla/5.0 (Windows NT 10.0; Win64; x64) AppleWebKit/537.36 (KHTML, like Gecko) Chrome/118.0.0.0 Safari/537.36', 'YTozOntzOjY6Il90b2tlbiI7czo0MDoia0lzTFkyWnp5ekFZV3I5QTdOY0RjWElPc3pqSDUybkw3RzROdkE0NSI7czo5OiJfcHJldmlvdXMiO2E6MTp7czozOiJ1cmwiO3M6MjM6Imh0dHBzOi8vZWR1Lmthc2kud2ViLmlkIjt9czo2OiJfZmxhc2giO2E6Mjp7czozOiJvbGQiO2E6MDp7fXM6MzoibmV3IjthOjA6e319fQ==', 1707499933),
	('F2wb62HfhnF0zMj6pQEG9Pzc0urntJTP88yvrKLi', NULL, '162.158.170.5', 'Mozilla/5.0 (Android 13; Mobile; rv:122.0) Gecko/122.0 Firefox/122.0', 'YTozOntzOjY6Il90b2tlbiI7czo0MDoibElwTUZwN1gwYnE4cVZsNnh6bzdBNG5YZTNhRDdHVG9NNzUwc0lYOSI7czo5OiJfcHJldmlvdXMiO2E6MTp7czozOiJ1cmwiO3M6MjI6Imh0dHA6Ly9lZHUua2FzaS53ZWIuaWQiO31zOjY6Il9mbGFzaCI7YToyOntzOjM6Im9sZCI7YTowOnt9czozOiJuZXciO2E6MDp7fX19', 1707392681),
	('F94Ke559SYo0KDSXLniMePo5B9oOrL5eCBcA4Ivs', NULL, '172.70.143.114', 'Go-http-client/1.1', 'YTozOntzOjY6Il90b2tlbiI7czo0MDoiTXJ1U0M5SWt6aXZubFI5eUN2cDdoVlBsMUpSQm9pZjBpWlpGU0VyaCI7czo5OiJfcHJldmlvdXMiO2E6MTp7czozOiJ1cmwiO3M6MjI6Imh0dHA6Ly9lZHUua2FzaS53ZWIuaWQiO31zOjY6Il9mbGFzaCI7YToyOntzOjM6Im9sZCI7YTowOnt9czozOiJuZXciO2E6MDp7fX19', 1706900841),
	('fcNVC84IVDQcwdnPitAQ0TnfjG3m1H6nCcQT1O98', NULL, '162.158.159.209', 'Mozilla/5.0 (Windows NT 6.1; Win64; x64; rv:109.0) Gecko/20100101 Firefox/109.0', 'YTozOntzOjY6Il90b2tlbiI7czo0MDoiQ3hIMmdYTThnQmU1bGhtTmxQZm41NTdjcXIyWWNLT2hkRDI1aHJEdiI7czo5OiJfcHJldmlvdXMiO2E6MTp7czozOiJ1cmwiO3M6MjM6Imh0dHBzOi8vZWR1Lmthc2kud2ViLmlkIjt9czo2OiJfZmxhc2giO2E6Mjp7czozOiJvbGQiO2E6MDp7fXM6MzoibmV3IjthOjA6e319fQ==', 1707901266),
	('fFq7dDuFaH6w6H8TfmlQcsJ0E2XxoQ1q99La6i0S', NULL, '172.70.230.103', 'Mozilla/5.0 (Windows NT 10.0; Win64; x64) AppleWebKit/537.36 (KHTML, like Gecko) Chrome/120.0.0.0 Safari/537.36 Edg/120.0.0.0', 'YTozOntzOjY6Il90b2tlbiI7czo0MDoiRjJmTVl1UTZzUHNXQWJBRVRYRzYwaDE4bG5tVU5QRXJybU80Z1AxQiI7czo5OiJfcHJldmlvdXMiO2E6MTp7czozOiJ1cmwiO3M6MjM6Imh0dHBzOi8vZWR1Lmthc2kud2ViLmlkIjt9czo2OiJfZmxhc2giO2E6Mjp7czozOiJvbGQiO2E6MDp7fXM6MzoibmV3IjthOjA6e319fQ==', 1707944509),
	('fKPHiLJvkYisyZ6cUsy1MqonqGhMu4kE1OGT4dSC', NULL, '205.210.31.24', '', 'YTozOntzOjY6Il90b2tlbiI7czo0MDoiOXZKOEhOZDZTVEdLcTJ2ZWZIUlFYdWVaVmZ0S3hveVM1WDhVOGoyRyI7czo5OiJfcHJldmlvdXMiO2E6MTp7czozOiJ1cmwiO3M6MjI6Imh0dHA6Ly9lZHUua2FzaS53ZWIuaWQiO31zOjY6Il9mbGFzaCI7YToyOntzOjM6Im9sZCI7YTowOnt9czozOiJuZXciO2E6MDp7fX19', 1706981434),
	('Fnyn9uJDhAyFPQC10nEJLMUiaRekd5n01icP8bAV', NULL, '172.70.231.14', 'Mozilla/5.0 (Macintosh; Intel Mac OS X 10_11_2) AppleWebKit/601.3.9 (KHTML, like Gecko) Version/9.1.2 Safari/601.3.9', 'YTozOntzOjY6Il90b2tlbiI7czo0MDoiTWNkMFQ0N0t4UTdCUVkyUU5lcHFWckp1ek9PMTIyV0oxODBhWXBrRCI7czo5OiJfcHJldmlvdXMiO2E6MTp7czozOiJ1cmwiO3M6MjM6Imh0dHBzOi8vZWR1Lmthc2kud2ViLmlkIjt9czo2OiJfZmxhc2giO2E6Mjp7czozOiJvbGQiO2E6MDp7fXM6MzoibmV3IjthOjA6e319fQ==', 1707944530),
	('fodaLvVGVq1QRixRshhgYNzx8WQCNWe5mdFw9ZTH', NULL, '172.70.230.173', 'Mozilla/5.0 (Windows NT 6.2; Win64; x64; rv:109.0) Gecko/20100101 Firefox/110.0', 'YTozOntzOjY6Il90b2tlbiI7czo0MDoiUlF0ZG9tUWZsSnlQSUNkNGJWZDFhMFp1TEM0eGo2cVZtM3I1WFZvdyI7czo5OiJfcHJldmlvdXMiO2E6MTp7czozOiJ1cmwiO3M6NzU6Imh0dHBzOi8vZWR1Lmthc2kud2ViLmlkL3B1YmxpYy9pbmRleC5waHA/YXBwPW1haW4maW5jPWNvcmVfYXV0aCZyb3V0ZT1sb2dpbiI7fXM6NjoiX2ZsYXNoIjthOjI6e3M6Mzoib2xkIjthOjA6e31zOjM6Im5ldyI7YTowOnt9fX0=', 1707914166),
	('G0T33eufZVBW2u0URAcYOqEKsWkM4lnkPDj9T0o4', NULL, '162.158.155.206', 'Mozilla/5.0 (Macintosh; Intel Mac OS X 11_3_1) AppleWebKit/605.1.15 (KHTML, like Gecko) Version/9.1.2 Safari/605.1.15', 'YTozOntzOjY6Il90b2tlbiI7czo0MDoibmFidVJTTG51Y3dlQUd6RlVsMncwVFhGVzFzbUZJM3prNjdQcGsyVyI7czo5OiJfcHJldmlvdXMiO2E6MTp7czozOiJ1cmwiO3M6MjM6Imh0dHBzOi8vZWR1Lmthc2kud2ViLmlkIjt9czo2OiJfZmxhc2giO2E6Mjp7czozOiJvbGQiO2E6MDp7fXM6MzoibmV3IjthOjA6e319fQ==', 1707944559),
	('G1vFAT9i58OIYCoxvbICHSbEDQ1KdnV16OgcAOvf', NULL, '172.70.231.14', 'Mozilla/5.0 (Windows NT 10.0; rv:52.4) Gecko/20100101 Firefox/52.4', 'YTozOntzOjY6Il90b2tlbiI7czo0MDoiV2JLV2oxU1hxVndUSkw4SHpvaW53dDNtdkYzS0lCMUNhNG10aGxGaCI7czo5OiJfcHJldmlvdXMiO2E6MTp7czozOiJ1cmwiO3M6MjM6Imh0dHBzOi8vZWR1Lmthc2kud2ViLmlkIjt9czo2OiJfZmxhc2giO2E6Mjp7czozOiJvbGQiO2E6MDp7fXM6MzoibmV3IjthOjA6e319fQ==', 1707944535),
	('g2ryCjcgSnC2F7WufbrgaOhr7KGYcn9wYtePdrHw', NULL, '205.210.31.153', 'Expanse, a Palo Alto Networks company, searches across the global IPv4 space multiple times per day to identify customers&#39; presences on the Internet. If you would like to be excluded from our scans, please send IP addresses/domains to: scaninfo@paloaltonetworks.com', 'YTozOntzOjY6Il90b2tlbiI7czo0MDoiUlRYRTlUdUppY0NpTWJ0SXNuTlJ2TmJ0WDZCZkxneUVvdDZ1Q1NKQyI7czo5OiJfcHJldmlvdXMiO2E6MTp7czozOiJ1cmwiO3M6MjM6Imh0dHBzOi8vZWR1Lmthc2kud2ViLmlkIjt9czo2OiJfZmxhc2giO2E6Mjp7czozOiJvbGQiO2E6MDp7fXM6MzoibmV3IjthOjA6e319fQ==', 1706950967),
	('g3Fz8MiBXJV8gbmQoaUBuXeQKUpgFxDzA2mDLWJ8', NULL, '198.235.24.233', 'Expanse, a Palo Alto Networks company, searches across the global IPv4 space multiple times per day to identify customers&#39; presences on the Internet. If you would like to be excluded from our scans, please send IP addresses/domains to: scaninfo@paloaltonetworks.com', 'YTozOntzOjY6Il90b2tlbiI7czo0MDoiRko3N2JDTm14eVlNNlFLeWxhNFQxazRXd2lxcWZRRW5NVkozdUFMaiI7czo5OiJfcHJldmlvdXMiO2E6MTp7czozOiJ1cmwiO3M6MjI6Imh0dHA6Ly9lZHUua2FzaS53ZWIuaWQiO31zOjY6Il9mbGFzaCI7YToyOntzOjM6Im9sZCI7YTowOnt9czozOiJuZXciO2E6MDp7fX19', 1706951425),
	('G4dzVfGBiQ2iCIzEfiLXeC61y9MfPVr4Q1FGSZsj', NULL, '172.70.230.134', 'Mozilla/5.0 (Windows NT 10.0; Win64; x64) AppleWebKit/537.36 (KHTML, like Gecko) Chrome/85.0.4183.121 Safari/537.36 Edg/85.0.564.67', 'YTozOntzOjY6Il90b2tlbiI7czo0MDoibWdWV0dORU5meElZMUVvbWpqc3NWNXkzbmxURDh0dFFvdE1ScldrcSI7czo5OiJfcHJldmlvdXMiO2E6MTp7czozOiJ1cmwiO3M6MjM6Imh0dHBzOi8vZWR1Lmthc2kud2ViLmlkIjt9czo2OiJfZmxhc2giO2E6Mjp7czozOiJvbGQiO2E6MDp7fXM6MzoibmV3IjthOjA6e319fQ==', 1707911711),
	('g589iYnmwcTA4N0hUGlraVxvfU9eWtESLiE2rZ1q', NULL, '162.158.159.135', 'Mozilla/5.0 (Macintosh; Intel Mac OS X 10_13_6) AppleWebKit/605.1.15 (KHTML, like Gecko) Version/9.1.2 Safari/605.1.15', 'YTozOntzOjY6Il90b2tlbiI7czo0MDoiUXdicmtscVp1UUJhWEYwQUltWXQzcWFpUnZkZEJzRUdqaWJqNDNhWCI7czo5OiJfcHJldmlvdXMiO2E6MTp7czozOiJ1cmwiO3M6MjM6Imh0dHBzOi8vZWR1Lmthc2kud2ViLmlkIjt9czo2OiJfZmxhc2giO2E6Mjp7czozOiJvbGQiO2E6MDp7fXM6MzoibmV3IjthOjA6e319fQ==', 1707944506),
	('G67Tn9mjw1TN83sXJ5OSeczbmwplBv1nWMMrWsnf', NULL, '162.158.158.228', 'Mozilla/5.0 (Macintosh; Intel Mac OS X 10_11_4) AppleWebKit/608.2.11 (KHTML, like Gecko) Version/9.1.2 Safari/608.2.11', 'YTozOntzOjY6Il90b2tlbiI7czo0MDoiUlRoZ050SjBTN2JHQldrUURRZFNlY2lmVEVCQWVTNmRTS21Xd0hGdCI7czo5OiJfcHJldmlvdXMiO2E6MTp7czozOiJ1cmwiO3M6MjM6Imh0dHBzOi8vZWR1Lmthc2kud2ViLmlkIjt9czo2OiJfZmxhc2giO2E6Mjp7czozOiJvbGQiO2E6MDp7fXM6MzoibmV3IjthOjA6e319fQ==', 1707933850),
	('GAdINO7590TvPnVBXyXniEBd41bK9RkUsqUr49wi', 73, '162.158.162.157', 'Mozilla/5.0 (Macintosh; Intel Mac OS X 10_15_7) AppleWebKit/605.1.15 (KHTML, like Gecko) Version/16.6 Safari/605.1.15', 'YTo2OntzOjY6Il90b2tlbiI7czo0MDoiRTNMaGhVc2t3elhMNFJsblJFUXBiR1Vqak1LTXl3bml4Y09YaTlIciI7czozOiJ1cmwiO2E6MDp7fXM6OToiX3ByZXZpb3VzIjthOjE6e3M6MzoidXJsIjtzOjQwOiJodHRwczovL2VkdS5rYXNpLndlYi5pZC9tdXJpZC9rZWxhcy9saXN0Ijt9czo2OiJfZmxhc2giO2E6Mjp7czozOiJvbGQiO2E6MDp7fXM6MzoibmV3IjthOjA6e319czo1MDoibG9naW5fd2ViXzU5YmEzNmFkZGMyYjJmOTQwMTU4MGYwMTRjN2Y1OGVhNGUzMDk4OWQiO2k6NzM7czoyMToicGFzc3dvcmRfaGFzaF9zYW5jdHVtIjtzOjYwOiIkMnkkMTIkUWVTS1FtTUo0Y25EZDhLMHBrU2Y3dXg5QTJyd1BXV3FXTEt5Li5TTU1rZC95ZEVyUzY4bXEiO30=', 1708256032),
	('gD3fOutGLjjitHZt3X7SRLSN1kLQ8ENANsZi8H0b', NULL, '162.158.155.105', 'Mozilla/5.0 (X11; Linux x86_64) AppleWebKit/537.36 (KHTML, like Gecko) Chrome/121.0.0.0 Safari/537.36', 'YTozOntzOjY6Il90b2tlbiI7czo0MDoiT2FIQzdybVcydkhxNzdWWWgyMXRjVmY3QTlwMnlWanlzSmd3ZmNWVCI7czo5OiJfcHJldmlvdXMiO2E6MTp7czozOiJ1cmwiO3M6MjM6Imh0dHBzOi8vZWR1Lmthc2kud2ViLmlkIjt9czo2OiJfZmxhc2giO2E6Mjp7czozOiJvbGQiO2E6MDp7fXM6MzoibmV3IjthOjA6e319fQ==', 1707944554),
	('Gjk2m6W6b5pONlegjs1LdGcBSsyjbsZ6JJxlQZiM', NULL, '172.71.174.226', 'Mozilla/5.0 (Linux; Android 6.0.1; Nexus 5X Build/MMB29P) AppleWebKit/537.36 (KHTML, like Gecko) Chrome/121.0.6167.85 Mobile Safari/537.36 (compatible; Googlebot/2.1; +http://www.google.com/bot.html)', 'YTozOntzOjY6Il90b2tlbiI7czo0MDoiYWc4cTdxcWdmV28wZzdsRFM5Y2ZMbGVKV053UlpPMXJBQkV4MWVPTSI7czo5OiJfcHJldmlvdXMiO2E6MTp7czozOiJ1cmwiO3M6MjM6Imh0dHBzOi8vZWR1Lmthc2kud2ViLmlkIjt9czo2OiJfZmxhc2giO2E6Mjp7czozOiJvbGQiO2E6MDp7fXM6MzoibmV3IjthOjA6e319fQ==', 1708243216),
	('GOgFO0hPsZ7uTA9UkmiITxzVW9wHi6x9jRhuFswz', NULL, '172.70.110.162', 'Mozilla/5.0 (Macintosh; Intel Mac OS X 10_15_4) AppleWebKit/600.5.13 (KHTML, like Gecko) Version/10.6 Safari/615.4.10', 'YTozOntzOjY6Il90b2tlbiI7czo0MDoiMklka21WNmZUNFA4V3ZpRVhIMjdmUERLZlFpSlZ5anpRUVRndlhhNyI7czo5OiJfcHJldmlvdXMiO2E6MTp7czozOiJ1cmwiO3M6MjM6Imh0dHBzOi8vZWR1Lmthc2kud2ViLmlkIjt9czo2OiJfZmxhc2giO2E6Mjp7czozOiJvbGQiO2E6MDp7fXM6MzoibmV3IjthOjA6e319fQ==', 1707944509),
	('gRmeHKqt5dmS8g0QF3KabJKfRKOTqJViBTVmVIAe', NULL, '162.158.155.177', 'Mozilla/5.0 (Windows NT 10.0; Win64; x64) AppleWebKit/537.36 (KHTML, like Gecko) Chrome/91.0.4472.101 Safari/537.36 Edg/91.0.864.48', 'YTozOntzOjY6Il90b2tlbiI7czo0MDoiQjNNOVZ2R0JhTXVzVUR3MXpESmxUaXdqZGF5WXdTUGx3V1FxYWZQbyI7czo5OiJfcHJldmlvdXMiO2E6MTp7czozOiJ1cmwiO3M6MjM6Imh0dHBzOi8vZWR1Lmthc2kud2ViLmlkIjt9czo2OiJfZmxhc2giO2E6Mjp7czozOiJvbGQiO2E6MDp7fXM6MzoibmV3IjthOjA6e319fQ==', 1707944547),
	('h5rMXlOL0Fjhnzr7oQmcSLlpTNOieBLZkhQ5FgMq', NULL, '172.70.131.46', '', 'YTozOntzOjY6Il90b2tlbiI7czo0MDoiZWl3VGdqbGUxd2NPWGZoRlFwSzJtRHZmY2NDYmFOdnFHc24yMElCVyI7czo5OiJfcHJldmlvdXMiO2E6MTp7czozOiJ1cmwiO3M6MjI6Imh0dHA6Ly9lZHUua2FzaS53ZWIuaWQiO31zOjY6Il9mbGFzaCI7YToyOntzOjM6Im9sZCI7YTowOnt9czozOiJuZXciO2E6MDp7fX19', 1708760968),
	('HBIIcuVsEgKYJ113rz6kQ28gbqlbM3nWA9cFjpUU', NULL, '162.158.190.106', 'Mozilla/5.0 (iPhone; CPU iPhone OS 17_3 like Mac OS X) AppleWebKit/605.1.15 (KHTML, like Gecko) Version/17.3 Mobile/15E148 Safari/604.1', 'YTozOntzOjY6Il90b2tlbiI7czo0MDoiRGQ3aXFRNTRKN0lxT1ZEN3Uwazd3RlFtRXNibkl5ZGZQQlFJYVdJeSI7czo5OiJfcHJldmlvdXMiO2E6MTp7czozOiJ1cmwiO3M6MjM6Imh0dHBzOi8vZWR1Lmthc2kud2ViLmlkIjt9czo2OiJfZmxhc2giO2E6Mjp7czozOiJvbGQiO2E6MDp7fXM6MzoibmV3IjthOjA6e319fQ==', 1707095872),
	('hbqJoBGIWhAXkOaOgS7U329clbzVfU6VQqqS7rPZ', NULL, '172.70.231.13', 'Mozilla/5.0 (Windows NT 10.0; ) AppleWebKit/537.36 (KHTML, like Gecko) Chrome/83.0.4086.0 Safari/537.36', 'YTozOntzOjY6Il90b2tlbiI7czo0MDoiblFTUkRsUWhIbnFDRDk0OTc3TGszZ0Z0MTZNclJFeDY1OG1JeWF6SyI7czo5OiJfcHJldmlvdXMiO2E6MTp7czozOiJ1cmwiO3M6MjM6Imh0dHBzOi8vZWR1Lmthc2kud2ViLmlkIjt9czo2OiJfZmxhc2giO2E6Mjp7czozOiJvbGQiO2E6MDp7fXM6MzoibmV3IjthOjA6e319fQ==', 1707944527),
	('hfet3Tfwrk5oHEycsVB2hYXgdl2CIJSiwNxdxNE8', NULL, '172.70.93.5', 'Mozilla/5.0 (compatible; Bytespider; spider-feedback@bytedance.com) AppleWebKit/537.36 (KHTML, like Gecko) Chrome/70.0.0.0 Safari/537.36', 'YTozOntzOjY6Il90b2tlbiI7czo0MDoicXpvM3hXTm9rYXN3dHlSaWRzN1I3YWR6ZEl6SHBGN1YwU251T2dlSSI7czo5OiJfcHJldmlvdXMiO2E6MTp7czozOiJ1cmwiO3M6MjM6Imh0dHBzOi8vZWR1Lmthc2kud2ViLmlkIjt9czo2OiJfZmxhc2giO2E6Mjp7czozOiJvbGQiO2E6MDp7fXM6MzoibmV3IjthOjA6e319fQ==', 1707290830),
	('HfPI45l5m2Jfx8QsJPCvCCMiqx2nzUJGvf5LXEhK', NULL, '162.158.158.220', 'Mozilla/5.0 (Macintosh; Intel Mac OS X 10_15_7) AppleWebKit/605.1.15 (KHTML, like Gecko) Version/16.1 Safari/605.1.15', 'YTozOntzOjY6Il90b2tlbiI7czo0MDoiNUJLVUpBdkpsWUlyM2huTW5CWUJLZExNUXROcXlWWFY0Um1aZHRyMSI7czo5OiJfcHJldmlvdXMiO2E6MTp7czozOiJ1cmwiO3M6MjM6Imh0dHBzOi8vZWR1Lmthc2kud2ViLmlkIjt9czo2OiJfZmxhc2giO2E6Mjp7czozOiJvbGQiO2E6MDp7fXM6MzoibmV3IjthOjA6e319fQ==', 1707944522),
	('hHERuwqenCTMZAD6vuCaVDm9t8gdklFloTfh2rbE', NULL, '162.158.63.97', 'Mozilla/5.0 (Windows NT 10.0; Win64; x64) AppleWebKit/537.36 (KHTML, like Gecko) Chrome/90.0.4430.85 Safari/537.36', 'YTozOntzOjY6Il90b2tlbiI7czo0MDoid1ZkSVA2QjdCUmxXS2E2WmwzcXNKT25aQ1B4QTBOVlExdWw1V09sRyI7czo5OiJfcHJldmlvdXMiO2E6MTp7czozOiJ1cmwiO3M6MjM6Imh0dHBzOi8vZWR1Lmthc2kud2ViLmlkIjt9czo2OiJfZmxhc2giO2E6Mjp7czozOiJvbGQiO2E6MDp7fXM6MzoibmV3IjthOjA6e319fQ==', 1707944533),
	('HKW82tg9d5QcTyIXIQB5jVoHuV9JQWXANswA0lXd', 1, '172.71.219.44', 'Mozilla/5.0 (Windows NT 10.0; Win64; x64; rv:122.0) Gecko/20100101 Firefox/122.0', 'YTo1OntzOjY6Il90b2tlbiI7czo0MDoienZTa3FUVmVOM0RCVThIbmo4Z250UmZSeTRGeEVQRE4zV094VG96bSI7czo5OiJfcHJldmlvdXMiO2E6MTp7czozOiJ1cmwiO3M6MzQ6Imh0dHBzOi8vZWR1Lmthc2kud2ViLmlkL2tlbGFzL2xpc3QiO31zOjY6Il9mbGFzaCI7YToyOntzOjM6Im9sZCI7YTowOnt9czozOiJuZXciO2E6MDp7fX1zOjUwOiJsb2dpbl93ZWJfNTliYTM2YWRkYzJiMmY5NDAxNTgwZjAxNGM3ZjU4ZWE0ZTMwOTg5ZCI7aToxO3M6MjE6InBhc3N3b3JkX2hhc2hfc2FuY3R1bSI7czo2MDoiJDJ5JDEyJFkxendvMnliQmEwdFcxWmJBNW8uQWVTOEtDQ3dzcVl4RWlzcGliTGxIRUk0MFI4Y20yd2pHIjt9', 1708610906),
	('hnuhbuwDeUGrxGDCXfkyzeydmc1MSMdXvWjNq3l5', NULL, '162.158.178.222', 'Mozilla/5.0 (Linux; Android 10; K) AppleWebKit/537.36 (KHTML, like Gecko) Chrome/121.0.0.0 Mobile Safari/537.36', 'YTo0OntzOjY6Il90b2tlbiI7czo0MDoiZ1AyUlcyRHFTYm4yYWVSWTdoaE1YMDhUVGdneklGZjRzc3B1ZmQ5MCI7czozOiJ1cmwiO2E6MTp7czo4OiJpbnRlbmRlZCI7czo0NToiaHR0cHM6Ly9lZHUua2FzaS53ZWIuaWQvbXVyaWQva2VsYXMvZGV0YWlsLzUwIjt9czo5OiJfcHJldmlvdXMiO2E6MTp7czozOiJ1cmwiO3M6Mjk6Imh0dHBzOi8vZWR1Lmthc2kud2ViLmlkL2xvZ2luIjt9czo2OiJfZmxhc2giO2E6Mjp7czozOiJvbGQiO2E6MDp7fXM6MzoibmV3IjthOjA6e319fQ==', 1706873703),
	('huXVj93jkr5BbwdMH41TgOc8AnfDIlt551xQHwO0', NULL, '172.70.38.198', 'Mozilla/5.0 AppleWebKit/537.36 (KHTML, like Gecko; compatible; bingbot/2.0; +http://www.bing.com/bingbot.htm) Chrome/116.0.1938.76 Safari/537.36', 'YTozOntzOjY6Il90b2tlbiI7czo0MDoiRmZjTW9obWVFNjhiazVQZHdkTzJLWEw5N3IwN2lmZUtENGhURWpXeCI7czo5OiJfcHJldmlvdXMiO2E6MTp7czozOiJ1cmwiO3M6MjM6Imh0dHBzOi8vZWR1Lmthc2kud2ViLmlkIjt9czo2OiJfZmxhc2giO2E6Mjp7czozOiJvbGQiO2E6MDp7fXM6MzoibmV3IjthOjA6e319fQ==', 1708145683),
	('hX8oovPOBrYEpLZ3wxGPYXPwS2qPPkErUxfcKPHE', 80, '162.158.189.198', 'Mozilla/5.0 (iPhone; CPU iPhone OS 17_3 like Mac OS X) AppleWebKit/605.1.15 (KHTML, like Gecko) Version/17.3 Mobile/15E148 Safari/604.1', 'YTo0OntzOjY6Il90b2tlbiI7czo0MDoiOUthTElrdkt5RHZMWlFzbGVYWjJma1FJMjJBOTFydDZaOUZaUW50ZyI7czo5OiJfcHJldmlvdXMiO2E6MTp7czozOiJ1cmwiO3M6Mjk6Imh0dHBzOi8vZWR1Lmthc2kud2ViLmlkL2xvZ2luIjt9czo2OiJfZmxhc2giO2E6Mjp7czozOiJvbGQiO2E6MDp7fXM6MzoibmV3IjthOjA6e319czo1MDoibG9naW5fd2ViXzU5YmEzNmFkZGMyYjJmOTQwMTU4MGYwMTRjN2Y1OGVhNGUzMDk4OWQiO2k6ODA7fQ==', 1706848588),
	('hyIym5TuSllGiov89tNrce6hZNRxYuZUZU7KNfMG', 63, '162.158.178.218', 'Mozilla/5.0 (Linux; Android 10; K) AppleWebKit/537.36 (KHTML, like Gecko) Chrome/120.0.0.0 Mobile Safari/537.36', 'YTo1OntzOjY6Il90b2tlbiI7czo0MDoiMjgxOHRzVHd3SzlScEtScHJlQW9pTWk4Tm5YVDI2SWdhS1ZVZVVPTiI7czo1MDoibG9naW5fd2ViXzU5YmEzNmFkZGMyYjJmOTQwMTU4MGYwMTRjN2Y1OGVhNGUzMDk4OWQiO2k6NjM7czo5OiJfcHJldmlvdXMiO2E6MTp7czozOiJ1cmwiO3M6NDU6Imh0dHBzOi8vZWR1Lmthc2kud2ViLmlkL3R1dG9yL2tlbGFzL2RldGFpbC80OSI7fXM6NjoiX2ZsYXNoIjthOjI6e3M6Mzoib2xkIjthOjA6e31zOjM6Im5ldyI7YTowOnt9fXM6MjE6InBhc3N3b3JkX2hhc2hfc2FuY3R1bSI7czo2MDoiJDJ5JDEyJDVTRmxjUDgyMFlTdmFKZnB5NHpuUXVWS05PYW1TZlBZbWxITUl3SDVtWUZoMmZ1aGtIc0tpIjt9', 1706922294),
	('I4jEyqkaw3v98AyFGSenKSm9YgiubDzNW1MkB6nG', NULL, '141.101.105.44', 'Mozilla/5.0 (X11; Linux x86_64) AppleWebKit/537.36 (KHTML, like Gecko) HeadlessChrome/117.0.5938.132 Safari/537.36', 'YTozOntzOjY6Il90b2tlbiI7czo0MDoiT3BBMFZHNjNEbE50bWZjM0dGQ2JrZ0lSVURBY000M3Y2c1NObWQzZSI7czo5OiJfcHJldmlvdXMiO2E6MTp7czozOiJ1cmwiO3M6Mjg6Imh0dHA6Ly9lZHUua2FzaS53ZWIuaWQvbG9naW4iO31zOjY6Il9mbGFzaCI7YToyOntzOjM6Im9sZCI7YTowOnt9czozOiJuZXciO2E6MDp7fX19', 1708941114),
	('ignZxY7ZbDcvgCnNJvKkOMP9ICIAjn5gSMWq3QoR', NULL, '162.158.155.144', 'Mozilla/5.0 (X11; Linux x86_64) AppleWebKit/537.36 (KHTML, like Gecko) Chrome/108.0.0.0 Safari/537.36', 'YTozOntzOjY6Il90b2tlbiI7czo0MDoiVVJJZTVqZmQ2T21nWDlNanZYcUNncUE2RWhlNVZkZ1JheXN2bkxjSyI7czo5OiJfcHJldmlvdXMiO2E6MTp7czozOiJ1cmwiO3M6MjI6Imh0dHA6Ly9lZHUua2FzaS53ZWIuaWQiO31zOjY6Il9mbGFzaCI7YToyOntzOjM6Im9sZCI7YTowOnt9czozOiJuZXciO2E6MDp7fX19', 1708013550),
	('IhelFVNkmGfAVBUZVRmlji5TIv8F3GZQiZVzz6ky', NULL, '172.70.42.242', 'Mozilla/5.0 (Linux; Android 6.0.1; Nexus 5X Build/MMB29P) AppleWebKit/537.36 (KHTML, like Gecko) Chrome/99.0.4844.84 Mobile Safari/537.36 (compatible; Googlebot/2.1; +http://www.google.com/bot.html)', 'YTozOntzOjY6Il90b2tlbiI7czo0MDoiZ2hiQ0xuOXZrYUgxT2pLQ2FibGY2Ykl5WTBQWVRXQVpINURXWHpDVCI7czo5OiJfcHJldmlvdXMiO2E6MTp7czozOiJ1cmwiO3M6MjM6Imh0dHBzOi8vZWR1Lmthc2kud2ViLmlkIjt9czo2OiJfZmxhc2giO2E6Mjp7czozOiJvbGQiO2E6MDp7fXM6MzoibmV3IjthOjA6e319fQ==', 1708350805),
	('iJyd3taMs7ngC769YKLCciCKpA7q5PMBCpO07l0I', NULL, '172.70.230.228', 'Mozilla/5.0 (X11; Linux x86_64) AppleWebKit/537.36 (KHTML, like Gecko) Chrome/114.0.0.0 Safari/537.36', 'YTozOntzOjY6Il90b2tlbiI7czo0MDoicDlpd2hQSDhRZ1BRSE9Ca2tRTXNhM3I5bWZKRkk2RzZUcDlUeld5cSI7czo5OiJfcHJldmlvdXMiO2E6MTp7czozOiJ1cmwiO3M6MjM6Imh0dHBzOi8vZWR1Lmthc2kud2ViLmlkIjt9czo2OiJfZmxhc2giO2E6Mjp7czozOiJvbGQiO2E6MDp7fXM6MzoibmV3IjthOjA6e319fQ==', 1707944567),
	('il3N2fW9KqsvINS43pNAu4ZT8zfyJ1shCZ2GdiFC', NULL, '162.158.179.146', 'Mozilla/5.0 (Linux; Android 11; SAMSUNG SM-A505F) AppleWebKit/537.36 (KHTML, like Gecko) SamsungBrowser/23.0 Chrome/115.0.0.0 Mobile Safari/537.36', 'YTozOntzOjY6Il90b2tlbiI7czo0MDoiOGFRZFAzS3dvQ2Y5SjlyTTE1YmFLREtBeXpReDBBZHhHR2JoakFNZSI7czo5OiJfcHJldmlvdXMiO2E6MTp7czozOiJ1cmwiO3M6MjI6Imh0dHA6Ly9lZHUua2FzaS53ZWIuaWQiO31zOjY6Il9mbGFzaCI7YToyOntzOjM6Im9sZCI7YTowOnt9czozOiJuZXciO2E6MDp7fX19', 1707125200),
	('IwUsCTjiJvc7UPRFRKpqlvpw4FoZkohvii84qn8q', NULL, '172.69.6.151', 'Mediapartners-Google', 'YTozOntzOjY6Il90b2tlbiI7czo0MDoiZEU4dENSa1FnSzg3d3g4VUpUSUV3ZTJsSWtNZmdVMkFwaEN6VDlzdCI7czo5OiJfcHJldmlvdXMiO2E6MTp7czozOiJ1cmwiO3M6MjM6Imh0dHBzOi8vZWR1Lmthc2kud2ViLmlkIjt9czo2OiJfZmxhc2giO2E6Mjp7czozOiJvbGQiO2E6MDp7fXM6MzoibmV3IjthOjA6e319fQ==', 1708050195),
	('J0xi8QiTfRFcUTXDE5jBAxeNmoGkN4sQHvi9Mv7V', NULL, '162.158.130.10', 'Mozilla/5.0 (compatible; YandexBot/3.0; +http://yandex.com/bots) AppleWebKit/537.36 (KHTML, like Gecko) Chrome/108.0.0.0', 'YTozOntzOjY6Il90b2tlbiI7czo0MDoidHZMNTVhTmFwVXNweWJaQjhzWlhqTkU0RUwxNG91TDNNUjIyV0pYRCI7czo5OiJfcHJldmlvdXMiO2E6MTp7czozOiJ1cmwiO3M6MjM6Imh0dHBzOi8vZWR1Lmthc2kud2ViLmlkIjt9czo2OiJfZmxhc2giO2E6Mjp7czozOiJvbGQiO2E6MDp7fXM6MzoibmV3IjthOjA6e319fQ==', 1706822912),
	('j3oSpHCGOuitEKGUyFZudeLg6uBJQs6CdRQn0nUW', NULL, '162.158.179.145', 'Mozilla/5.0 (compatible; CensysInspect/1.1; +https://about.censys.io/)', 'YTozOntzOjY6Il90b2tlbiI7czo0MDoibGs1Z2kwemxQZngyZHFua0hOQ1pRNkY4cFAxNTZ0VHVwTnlUSlN0WSI7czo5OiJfcHJldmlvdXMiO2E6MTp7czozOiJ1cmwiO3M6MjI6Imh0dHA6Ly9lZHUua2FzaS53ZWIuaWQiO31zOjY6Il9mbGFzaCI7YToyOntzOjM6Im9sZCI7YTowOnt9czozOiJuZXciO2E6MDp7fX19', 1707197299),
	('JAgWsPCUfCApge0RXevr0JPvi867O1nxXzfI0IKY', NULL, '162.158.155.206', 'Mozilla/5.0 (X11; Linux x86_64) AppleWebKit/537.36 (KHTML, like Gecko) Chrome/121.0.0.0 Safari/537.36 Edg/121.0.2277.65', 'YTozOntzOjY6Il90b2tlbiI7czo0MDoibjhjanY2VWlXQlpuajdoa2pYMFFTdVY0TDZUYTk5VzlwVE9saWt6MyI7czo5OiJfcHJldmlvdXMiO2E6MTp7czozOiJ1cmwiO3M6MjM6Imh0dHBzOi8vZWR1Lmthc2kud2ViLmlkIjt9czo2OiJfZmxhc2giO2E6Mjp7czozOiJvbGQiO2E6MDp7fXM6MzoibmV3IjthOjA6e319fQ==', 1707944525),
	('JDZPP7BPa9jlL35vk0UCkZfTLJEkKD0PBdswo95G', NULL, '172.69.194.138', 'Mozilla/5.0 (compatible; GrapeshotCrawler/2.0; +http://www.grapeshot.co.uk/crawler.php)', 'YTo0OntzOjY6Il90b2tlbiI7czo0MDoiWTBNS3UzVVVLNTBPOVplRDR6YUM3SzB3dW8yaEVlQnJXbklobXVMbyI7czozOiJ1cmwiO2E6MTp7czo4OiJpbnRlbmRlZCI7czozMjoiaHR0cDovL2VkdS5rYXNpLndlYi5pZC9kYXNoYm9hcmQiO31zOjk6Il9wcmV2aW91cyI7YToxOntzOjM6InVybCI7czozMjoiaHR0cDovL2VkdS5rYXNpLndlYi5pZC9kYXNoYm9hcmQiO31zOjY6Il9mbGFzaCI7YToyOntzOjM6Im9sZCI7YTowOnt9czozOiJuZXciO2E6MDp7fX19', 1707125733),
	('jKo5gJ3r6CMHiUf507DtKbEylXp5QwBMAsKChKeg', NULL, '172.71.214.100', 'Mozilla/5.0 (Windows NT 10.0; Win64; x64) AppleWebKit/537.36 (KHTML, like Gecko) Chrome/121.0.0.0 Safari/537.36', 'YTozOntzOjY6Il90b2tlbiI7czo0MDoidFlpb0tVc3NwSk9PeVgyMUNEdjhqUHJVd3diVVpGVm1iUDFMSWNkMCI7czo5OiJfcHJldmlvdXMiO2E6MTp7czozOiJ1cmwiO3M6MjM6Imh0dHBzOi8vZWR1Lmthc2kud2ViLmlkIjt9czo2OiJfZmxhc2giO2E6Mjp7czozOiJvbGQiO2E6MDp7fXM6MzoibmV3IjthOjA6e319fQ==', 1708589085),
	('JU4NHq4lvhD478o6sXoh1OMsGQXC8RgIKoVwvJ4h', NULL, '172.70.42.243', 'Mozilla/5.0 AppleWebKit/537.36 (KHTML, like Gecko; compatible; bingbot/2.0; +http://www.bing.com/bingbot.htm) Chrome/116.0.1938.76 Safari/537.36', 'YTozOntzOjY6Il90b2tlbiI7czo0MDoiRjN1cjRCRzNaZEpLQUNwUDdRUDZManJsNXVYYjQ0aHlqUnFlb1ZMeSI7czo5OiJfcHJldmlvdXMiO2E6MTp7czozOiJ1cmwiO3M6MjM6Imh0dHBzOi8vZWR1Lmthc2kud2ViLmlkIjt9czo2OiJfZmxhc2giO2E6Mjp7czozOiJvbGQiO2E6MDp7fXM6MzoibmV3IjthOjA6e319fQ==', 1708446283),
	('JZyt5hzXJBiFG6GfxwlSktK5e6NtcJEn55zs9Azq', NULL, '172.70.110.176', 'Mozilla/5.0 (Windows NT 10.0; Win64; x64) AppleWebKit/537.36 (KHTML, like Gecko) Chrome/112.0.0.0 Safari/537.36 QuarkPC/1.1.0.11', 'YTozOntzOjY6Il90b2tlbiI7czo0MDoiUUY1Rm5MQUk3TmozZU1XT0lTZ1h4dmJYanRIbUlPa21kZHdPajFQRCI7czo5OiJfcHJldmlvdXMiO2E6MTp7czozOiJ1cmwiO3M6MjM6Imh0dHBzOi8vZWR1Lmthc2kud2ViLmlkIjt9czo2OiJfZmxhc2giO2E6Mjp7czozOiJvbGQiO2E6MDp7fXM6MzoibmV3IjthOjA6e319fQ==', 1707944509),
	('K0G3jvQaY1WOmL9xoBEoeoFtkdmMVY0KVpSBQ30C', NULL, '162.158.189.204', 'Mozilla/5.0 (Windows NT 10.0; Win64; x64) AppleWebKit/537.36 (KHTML, like Gecko) Chrome/120.0.0.0 Safari/537.36', 'YTo0OntzOjY6Il90b2tlbiI7czo0MDoiQzJkV0tJVHVGbEdJck1VbDIyeWp6VTUxYW9aTUlMNGlWa05IS2d5OSI7czozOiJ1cmwiO2E6MTp7czo4OiJpbnRlbmRlZCI7czozOToiaHR0cHM6Ly9lZHUua2FzaS53ZWIuaWQva2VsYXMvZGV0YWlsLzUyIjt9czo5OiJfcHJldmlvdXMiO2E6MTp7czozOiJ1cmwiO3M6Mjk6Imh0dHBzOi8vZWR1Lmthc2kud2ViLmlkL2xvZ2luIjt9czo2OiJfZmxhc2giO2E6Mjp7czozOiJvbGQiO2E6MDp7fXM6MzoibmV3IjthOjA6e319fQ==', 1707318642),
	('K2FgVUqKf6xHF620awKW7KwXzIuJ9vcbLRiswv6g', NULL, '162.158.158.57', 'Mozilla/5.0 (X11; Linux x86_64) AppleWebKit/537.36 (KHTML, like Gecko) Chrome/108.0.0.0 Safari/537.36', 'YTozOntzOjY6Il90b2tlbiI7czo0MDoiSllJSzZ3YnBKT3kzTDRZRjV5UGVJTE03aU84VkVVUW5qZEJJRnJEMiI7czo5OiJfcHJldmlvdXMiO2E6MTp7czozOiJ1cmwiO3M6MjM6Imh0dHBzOi8vZWR1Lmthc2kud2ViLmlkIjt9czo2OiJfZmxhc2giO2E6Mjp7czozOiJvbGQiO2E6MDp7fXM6MzoibmV3IjthOjA6e319fQ==', 1708013551),
	('k49vDTdRrI9uplde2xZv43VJijnx1xPQPAZIsskV', NULL, '172.69.89.138', 'Mozilla/5.0 (Windows NT 10.0; Win64; x64; rv:122.0) Gecko/20100101 Firefox/122.0', 'YTozOntzOjY6Il90b2tlbiI7czo0MDoidDFCaDVUNkR4MXhBRmhDSnE2bms0SlY5VFBuR3BKRnVnbmZsbFdMbyI7czo5OiJfcHJldmlvdXMiO2E6MTp7czozOiJ1cmwiO3M6MjI6Imh0dHA6Ly9lZHUua2FzaS53ZWIuaWQiO31zOjY6Il9mbGFzaCI7YToyOntzOjM6Im9sZCI7YTowOnt9czozOiJuZXciO2E6MDp7fX19', 1707287204),
	('K4BjbWIjNB06kq3t6ITfwdnI5HIRBwOQZrABxv1Q', NULL, '172.71.210.155', 'Mozilla/5.0 (Windows NT 9_1_1; Win64; x64) AppleWebKit/589.54 (KHTML, like Gecko) Chrome/71.0.2161 Safari/537.36', 'YTozOntzOjY6Il90b2tlbiI7czo0MDoiZlNxQVNvUnlQUGVVaDZuR1hOYTl6NTRkaXZJS1lvSVgyTGJXeXMyRiI7czo5OiJfcHJldmlvdXMiO2E6MTp7czozOiJ1cmwiO3M6MjI6Imh0dHA6Ly9lZHUua2FzaS53ZWIuaWQiO31zOjY6Il9mbGFzaCI7YToyOntzOjM6Im9sZCI7YTowOnt9czozOiJuZXciO2E6MDp7fX19', 1708034754),
	('k8MhOEU50lJfqyndaVOAIKpby3YGeYGWQUobTJUB', 65, '162.158.190.33', 'Mozilla/5.0 (Windows NT 10.0; Win64; x64) AppleWebKit/537.36 (KHTML, like Gecko) Chrome/121.0.0.0 Safari/537.36', 'YTo1OntzOjY6Il90b2tlbiI7czo0MDoiSERDNkk2UU5FZFFQVG85VDJybFBkUU9GUktTSVhmdnhaNzNXc0JYNiI7czo5OiJfcHJldmlvdXMiO2E6MTp7czozOiJ1cmwiO3M6NDU6Imh0dHBzOi8vZWR1Lmthc2kud2ViLmlkL3R1dG9yL2tlbGFzL2RldGFpbC81MiI7fXM6NjoiX2ZsYXNoIjthOjI6e3M6Mzoib2xkIjthOjA6e31zOjM6Im5ldyI7YTowOnt9fXM6NTA6ImxvZ2luX3dlYl81OWJhMzZhZGRjMmIyZjk0MDE1ODBmMDE0YzdmNThlYTRlMzA5ODlkIjtpOjY1O3M6MjE6InBhc3N3b3JkX2hhc2hfc2FuY3R1bSI7czo2MDoiJDJ5JDEyJE9Sbjc5RVA0UnhEQ1pXNHFLM1NUeWVaYUZaYmdTNlc1MEkzTnZQNWtxR1pCeWhMTy4ybXVLIjt9', 1707134881),
	('kaeqQliH26Ao7ALXgxNHBASiGRHQyI7hfUClPFuz', NULL, '172.70.210.221', 'Mozilla/5.0 (Macintosh; Intel Mac OS X 8_1_1) AppleWebKit/565.45 (KHTML, like Gecko) Chrome/86.0.163 Safari/537.36', 'YTozOntzOjY6Il90b2tlbiI7czo0MDoiT0EwZ01tWGwxNTJ2Z0hoMHhYaGJ0ZkFIcmZNZ1MxOFhnc2FXYlB6cSI7czo5OiJfcHJldmlvdXMiO2E6MTp7czozOiJ1cmwiO3M6MjI6Imh0dHA6Ly9lZHUua2FzaS53ZWIuaWQiO31zOjY6Il9mbGFzaCI7YToyOntzOjM6Im9sZCI7YTowOnt9czozOiJuZXciO2E6MDp7fX19', 1707429545),
	('Kav2FcLsZzBVjDFFyyiLjNCkZBxdDB2fJhHUaw5p', 1, '172.70.147.74', 'Mozilla/5.0 (Linux; Android 10; K) AppleWebKit/537.36 (KHTML, like Gecko) Chrome/121.0.0.0 Mobile Safari/537.36', 'YTo1OntzOjY6Il90b2tlbiI7czo0MDoiMnJ5dHFKcTd5N0hHUUhLSkRRSVZXdTNNbVJ3ZnYzUnJJNWhJTzFHSiI7czo5OiJfcHJldmlvdXMiO2E6MTp7czozOiJ1cmwiO3M6NDA6Imh0dHBzOi8vZWR1Lmthc2kud2ViLmlkL2tldWFuZ2FuL2JpbGxpbmciO31zOjY6Il9mbGFzaCI7YToyOntzOjM6Im9sZCI7YTowOnt9czozOiJuZXciO2E6MDp7fX1zOjUwOiJsb2dpbl93ZWJfNTliYTM2YWRkYzJiMmY5NDAxNTgwZjAxNGM3ZjU4ZWE0ZTMwOTg5ZCI7aToxO3M6MjE6InBhc3N3b3JkX2hhc2hfc2FuY3R1bSI7czo2MDoiJDJ5JDEyJFkxendvMnliQmEwdFcxWmJBNW8uQWVTOEtDQ3dzcVl4RWlzcGliTGxIRUk0MFI4Y20yd2pHIjt9', 1707571616),
	('kBcfjEarwbasq85JjH4dNHHA02lOsLlBWIIEfQNv', 66, '162.158.114.25', 'Mozilla/5.0 (Windows NT 10.0; Win64; x64) AppleWebKit/537.36 (KHTML, like Gecko) Chrome/121.0.0.0 Safari/537.36', 'YTo2OntzOjY6Il90b2tlbiI7czo0MDoiZ2FnMEFUQjZmOE5hNmhXVHhZbE4yUkRKcWJOT1NjTnZBc3h5TUVqciI7czozOiJ1cmwiO2E6MDp7fXM6OToiX3ByZXZpb3VzIjthOjE6e3M6MzoidXJsIjtzOjQwOiJodHRwczovL2VkdS5rYXNpLndlYi5pZC90dXRvci9rZWxhcy9saXN0Ijt9czo2OiJfZmxhc2giO2E6Mjp7czozOiJvbGQiO2E6MDp7fXM6MzoibmV3IjthOjA6e319czo1MDoibG9naW5fd2ViXzU5YmEzNmFkZGMyYjJmOTQwMTU4MGYwMTRjN2Y1OGVhNGUzMDk4OWQiO2k6NjY7czoyMToicGFzc3dvcmRfaGFzaF9zYW5jdHVtIjtzOjYwOiIkMnkkMTIkUkpONFJiSUYxcnlnMjRxb2wuTFhYZXRCMXYxRnJZZkJCeTg5RmZYM05tOGh1UUNDY1BHSm0iO30=', 1708856607),
	('kf5DRVQyjKtKRBW6tQUJD5K9TBkIXrUp1Ttco8zi', NULL, '162.158.62.120', 'Mozilla/5.0 (Windows NT 10.0; Win64; x64; rv:109.0) Gecko/20100101 Firefox/110.0/OMAOW02E', 'YTozOntzOjY6Il90b2tlbiI7czo0MDoiT0lzYjlRSnpRQnZsbkhMQ1NQRk5vU0ZxUGt6QTJxMTA3REk1VFZzMSI7czo5OiJfcHJldmlvdXMiO2E6MTp7czozOiJ1cmwiO3M6MjM6Imh0dHBzOi8vZWR1Lmthc2kud2ViLmlkIjt9czo2OiJfZmxhc2giO2E6Mjp7czozOiJvbGQiO2E6MDp7fXM6MzoibmV3IjthOjA6e319fQ==', 1707944503),
	('kHK4Tr6qTtY3nryBlmc3o7opSN7NzRq6gdERzJWX', 73, '172.68.242.102', 'Mozilla/5.0 (Macintosh; Intel Mac OS X 10_15_7) AppleWebKit/605.1.15 (KHTML, like Gecko) Version/16.6 Safari/605.1.15', 'YTo1OntzOjY6Il90b2tlbiI7czo0MDoiYmdsZ3h5dEdxOXVwazBqeGd1Sk1NMlNJNlkxZWZ3ejNmeFV6Y3dLTCI7czozOiJ1cmwiO2E6MDp7fXM6OToiX3ByZXZpb3VzIjthOjE6e3M6MzoidXJsIjtzOjI5OiJodHRwczovL2VkdS5rYXNpLndlYi5pZC9sb2dpbiI7fXM6NjoiX2ZsYXNoIjthOjI6e3M6Mzoib2xkIjthOjA6e31zOjM6Im5ldyI7YTowOnt9fXM6NTA6ImxvZ2luX3dlYl81OWJhMzZhZGRjMmIyZjk0MDE1ODBmMDE0YzdmNThlYTRlMzA5ODlkIjtpOjczO30=', 1706937193),
	('KhwtoLmmd7PDIfHvEfM5IEA8apJEEzlCR7DNQ0eg', NULL, '162.158.114.13', 'Mozilla/5.0 (Android 13; Mobile; rv:122.0) Gecko/122.0 Firefox/122.0', 'YTozOntzOjY6Il90b2tlbiI7czo0MDoicXFwNTJUc3BJYXBiTFd2WUwxNWEwazFMUlJkZnpRelJIbks4Y1ZrZCI7czo5OiJfcHJldmlvdXMiO2E6MTp7czozOiJ1cmwiO3M6MjI6Imh0dHA6Ly9lZHUua2FzaS53ZWIuaWQiO31zOjY6Il9mbGFzaCI7YToyOntzOjM6Im9sZCI7YTowOnt9czozOiJuZXciO2E6MDp7fX19', 1707406390),
	('kJcqzicIxZfDE1XmhP3GLP1obWr1EjSKrBP9pSCk', NULL, '162.158.63.87', 'Mozilla/5.0 (Windows NT 10.0; Win64; x64) AppleWebKit/537.36 (KHTML, like Gecko) Chrome/114.0.0.0 Safari/537.36 Edg/114.0.1823.51', 'YTozOntzOjY6Il90b2tlbiI7czo0MDoiZUQyM1BJUE5qUk5ab1MxN09Mb0tJbGtxeVZYWHhaS2REak5EMHpSZCI7czo5OiJfcHJldmlvdXMiO2E6MTp7czozOiJ1cmwiO3M6NDA6Imh0dHBzOi8vZWR1Lmthc2kud2ViLmlkL3B1YmxpYy9pbmRleC5waHAiO31zOjY6Il9mbGFzaCI7YToyOntzOjM6Im9sZCI7YTowOnt9czozOiJuZXciO2E6MDp7fX19', 1707921838),
	('knvFoCjbRSexd18f8K4WWvibhLPgPXwGpKw4Mquo', 80, '162.158.189.19', 'Mozilla/5.0 (Windows NT 10.0; Win64; x64) AppleWebKit/537.36 (KHTML, like Gecko) Chrome/122.0.0.0 Safari/537.36', 'YTo2OntzOjY6Il90b2tlbiI7czo0MDoiU3AxNjVMRHRabXdMNENrMlNveWM3c3J6b003NzFZWWxBVzhPSDVWdSI7czo5OiJfcHJldmlvdXMiO2E6MTp7czozOiJ1cmwiO3M6NDY6Imh0dHBzOi8vZWR1Lmthc2kud2ViLmlkL211cmlkL2tlbGFzL2RldGFpbC8xMTYiO31zOjY6Il9mbGFzaCI7YToyOntzOjM6Im9sZCI7YToxOntpOjA7czo3OiJzdWNjZXNzIjt9czozOiJuZXciO2E6MDp7fX1zOjM6InVybCI7YTowOnt9czo1MDoibG9naW5fd2ViXzU5YmEzNmFkZGMyYjJmOTQwMTU4MGYwMTRjN2Y1OGVhNGUzMDk4OWQiO2k6ODA7czoyMToicGFzc3dvcmRfaGFzaF9zYW5jdHVtIjtzOjYwOiIkMnkkMTIkclRNbW11anRha2JES2VIVkE2WTFVZTVFRXBaZnExNkJ2OFNHb04vcXlkNDZzTkVhU04wRFciO30=', 1708946402),
	('kPIy3I076bZjDkPitapTijLD8BVnYt3umHCxvd6q', NULL, '162.158.63.98', 'Mozilla/5.0 (Macintosh; Intel Mac OS X 10_14) AppleWebKit/600.4.13 (KHTML, like Gecko) Version/10.4 Safari/615.31', 'YTozOntzOjY6Il90b2tlbiI7czo0MDoiVTdKcXJXMlVuNUg1OFp6aWtISDNRWldYV3dRYkFMUW92bGJFN0FMUyI7czo5OiJfcHJldmlvdXMiO2E6MTp7czozOiJ1cmwiO3M6MjM6Imh0dHBzOi8vZWR1Lmthc2kud2ViLmlkIjt9czo2OiJfZmxhc2giO2E6Mjp7czozOiJvbGQiO2E6MDp7fXM6MzoibmV3IjthOjA6e319fQ==', 1707944568),
	('KuTkQHkoAQV6idsrLbnO1Ll43l6w2aaDYORSJONo', 64, '162.158.170.158', 'Mozilla/5.0 (Linux; Android 8.0.0; ASUS_X00RD) AppleWebKit/537.36 (KHTML, like Gecko) Chrome/70.0.3538.110 Mobile Safari/537.36', 'YTo1OntzOjY6Il90b2tlbiI7czo0MDoiODBJSDA2b1c1UWExaHNFWWdFMzJITEVJYWNJRFptaFBiTDZGSDkxTiI7czo1MDoibG9naW5fd2ViXzU5YmEzNmFkZGMyYjJmOTQwMTU4MGYwMTRjN2Y1OGVhNGUzMDk4OWQiO2k6NjQ7czo5OiJfcHJldmlvdXMiO2E6MTp7czozOiJ1cmwiO3M6NzI6Imh0dHBzOi8vZWR1Lmthc2kud2ViLmlkL3R1dG9yL2tlbGFzL2VkaXQvODk/bGVzc29uPSUyMCZyZWNvcmRpbmc9JnRvcGljPSI7fXM6NjoiX2ZsYXNoIjthOjI6e3M6Mzoib2xkIjthOjA6e31zOjM6Im5ldyI7YTowOnt9fXM6MjE6InBhc3N3b3JkX2hhc2hfc2FuY3R1bSI7czo2MDoiJDJ5JDEyJFZ6OXVpNFZ4cTBlaTRLR1BnVmZwMmVrVjE2Q3F0bFdCYUtyMkUwc1RhWlNaRlVHZEV4LkU2Ijt9', 1707963316),
	('kvyoqjWtJbVKfxfenZcHQIhnMnuqiDcH4kqd9epR', NULL, '172.70.142.199', 'Mozilla/5.0 (Windows NT 10.0; Win64; x64) AppleWebKit/537.36 (KHTML, like Gecko) Chrome/109.0.0.0 Safari/537.36', 'YTo0OntzOjY6Il90b2tlbiI7czo0MDoiVWVFNkhCWk1vVEQwNXRnVkFBQjQwVFU1SXdhQWhFSGE3eE00bXZjQSI7czozOiJ1cmwiO2E6MTp7czo4OiJpbnRlbmRlZCI7czo0NToiaHR0cHM6Ly9lZHUua2FzaS53ZWIuaWQvbXVyaWQva2VsYXMvZGV0YWlsLzU0Ijt9czo5OiJfcHJldmlvdXMiO2E6MTp7czozOiJ1cmwiO3M6Mjk6Imh0dHBzOi8vZWR1Lmthc2kud2ViLmlkL2xvZ2luIjt9czo2OiJfZmxhc2giO2E6Mjp7czozOiJvbGQiO2E6MDp7fXM6MzoibmV3IjthOjA6e319fQ==', 1707476546),
	('l1NiihjmKa9ay6ODUQeA7PydRya82LmSJdZiueM1', NULL, '162.158.159.30', 'Mozilla/5.0 (Windows NT 10.0; Win64; x64; rv:106.0esr) Gecko/20100101 Firefox/106.0esr', 'YTozOntzOjY6Il90b2tlbiI7czo0MDoiUGJ0MUJ5MTlvcFFhbWZic2NzTVR5azFBdjEzdlVJQmI0OUp1WHE0UyI7czo5OiJfcHJldmlvdXMiO2E6MTp7czozOiJ1cmwiO3M6MjM6Imh0dHBzOi8vZWR1Lmthc2kud2ViLmlkIjt9czo2OiJfZmxhc2giO2E6Mjp7czozOiJvbGQiO2E6MDp7fXM6MzoibmV3IjthOjA6e319fQ==', 1707944557),
	('lbc0k9CJLHfbVih1QLWrkcvVbWkxLn90zFFaj8rx', NULL, '172.70.115.188', 'Mozilla/5.0 (Macintosh; Intel Mac OS X 10_15_5) AppleWebKit/627.9.17 (KHTML, like Gecko) Version/9.1.2 Safari/627.9.17', 'YTozOntzOjY6Il90b2tlbiI7czo0MDoiaU1zS3VnMW1OT2htS3BTVG1EamRYVmhqSUttVWU5Nmh0em1HZ3hsbCI7czo5OiJfcHJldmlvdXMiO2E6MTp7czozOiJ1cmwiO3M6Nzg6Imh0dHBzOi8vZWR1Lmthc2kud2ViLmlkLz9JTy5wb3BlbiUyOCUyN2NhdCUyMCUyRmV0YyUyRnBhc3N3ZCUyNyUyOS5yZWFkJTBBJTIzPSI7fXM6NjoiX2ZsYXNoIjthOjI6e3M6Mzoib2xkIjthOjA6e31zOjM6Im5ldyI7YTowOnt9fX0=', 1707913870),
	('Lkrkh8kkvkyIzpzw5eliMOO8fOdSdkFD4OZJPqVs', NULL, '172.70.230.149', 'Mozilla/5.0 (Windows NT 10.0) AppleWebKit/537.36 (KHTML, like Gecko) Chrome/109.0.0.0 Safari/537.36 Edg/109.0.819.10', 'YTozOntzOjY6Il90b2tlbiI7czo0MDoiMThJdG9uTXd6cGp2UFFRSUZIaERsTTM1eEwycjZBTERuRWRLd0RMWSI7czo5OiJfcHJldmlvdXMiO2E6MTp7czozOiJ1cmwiO3M6MjM6Imh0dHBzOi8vZWR1Lmthc2kud2ViLmlkIjt9czo2OiJfZmxhc2giO2E6Mjp7czozOiJvbGQiO2E6MDp7fXM6MzoibmV3IjthOjA6e319fQ==', 1707944544),
	('LlYEWJECKXcdaIlVlBFWak1GOMhBqBxMIGRHiIfg', NULL, '172.71.146.30', 'Mozilla/5.0 (Windows NT 10.0; Win64; x64) AppleWebKit/537.36 (KHTML, like Gecko) Chrome/92.0.4515.107 Safari/537.36', 'YTozOntzOjY6Il90b2tlbiI7czo0MDoibmZxc05HYnJMdG0zTVN1cDBBd0dLSGF3RWFtNXQxa2d3VmxES3g3TiI7czo5OiJfcHJldmlvdXMiO2E6MTp7czozOiJ1cmwiO3M6MjI6Imh0dHA6Ly9lZHUua2FzaS53ZWIuaWQiO31zOjY6Il9mbGFzaCI7YToyOntzOjM6Im9sZCI7YTowOnt9czozOiJuZXciO2E6MDp7fX19', 1708049201),
	('lOSNkMY4IBib17quS9YYkHLtHXPuSMRQsQrhzEzp', NULL, '162.158.155.206', 'Mozilla/5.0 (Windows NT 6.1; Win64; x64; rv:82.0) Gecko/20100101 Firefox/82.0', 'YTozOntzOjY6Il90b2tlbiI7czo0MDoibXRObUh3TmNnSmEwQWdQZlY2Yzc4b1FqTFBMUTdraEpXZWJNVmVQaiI7czo5OiJfcHJldmlvdXMiO2E6MTp7czozOiJ1cmwiO3M6MTA5OiJodHRwczovL2VkdS5rYXNpLndlYi5pZC8/dXJsPSUzQ2ltZyUyRnNyYyUzRCUyMmh0dHAlM0ElMkYlMkZjbjY2cXRuam9pcXY3dWFjZmg2Z2ZtOWM3NnJmeXc5N3kub2FzdC5saXZlJTIyJTNFIjt9czo2OiJfZmxhc2giO2E6Mjp7czozOiJvbGQiO2E6MDp7fXM6MzoibmV3IjthOjA6e319fQ==', 1707930436),
	('Lx1yBdmQEge8GkylTbuvgJOYFgwZ5bQ8BClh0pSQ', NULL, '162.158.159.191', 'Mozilla/5.0 (Windows NT 10.0; Win64; x64) AppleWebKit/537.36 (KHTML, like Gecko) Chrome/113.0.0.0 Safari/537.36 Edg/113.0.1774.50', 'YTozOntzOjY6Il90b2tlbiI7czo0MDoiZ0toS3JVRDdaT0lvbW9lQ05ZWVN3N3VKNTJVM2pXU3RCVDdudHg4QyI7czo5OiJfcHJldmlvdXMiO2E6MTp7czozOiJ1cmwiO3M6MjM6Imh0dHBzOi8vZWR1Lmthc2kud2ViLmlkIjt9czo2OiJfZmxhc2giO2E6Mjp7czozOiJvbGQiO2E6MDp7fXM6MzoibmV3IjthOjA6e319fQ==', 1707944517),
	('LXRyuXGFZIHFSJtAUCKkAg4SBPADnc2nZmyEcjv7', NULL, '172.70.111.42', 'Mozilla/5.0 (Windows NT 10.0; rv:104.0) Gecko/20100101 Firefox/104.0', 'YTozOntzOjY6Il90b2tlbiI7czo0MDoiM09WSWZkdmpxcHFsVmdMRWdkQVNMYklLQTJZcXVvWXVwTmVubmJWYiI7czo5OiJfcHJldmlvdXMiO2E6MTp7czozOiJ1cmwiO3M6MjM6Imh0dHBzOi8vZWR1Lmthc2kud2ViLmlkIjt9czo2OiJfZmxhc2giO2E6Mjp7czozOiJvbGQiO2E6MDp7fXM6MzoibmV3IjthOjA6e319fQ==', 1707944559),
	('LzO4fLyGF5rkZl9J71hcnu9QaCqz06X2GoBRRCxa', NULL, '162.158.63.160', 'Mozilla/5.0 (Macintosh; Intel Mac OS X 11_12) AppleWebKit/600.1.23 (KHTML, like Gecko) Version/11.4 Safari/620.8', 'YTozOntzOjY6Il90b2tlbiI7czo0MDoid1JZYWYzUHZidm1RSm54c3I1ZE9hZkVWMm1zeEVyZk1nZXNOZ2Y4YSI7czo5OiJfcHJldmlvdXMiO2E6MTp7czozOiJ1cmwiO3M6MjM6Imh0dHBzOi8vZWR1Lmthc2kud2ViLmlkIjt9czo2OiJfZmxhc2giO2E6Mjp7czozOiJvbGQiO2E6MDp7fXM6MzoibmV3IjthOjA6e319fQ==', 1707944506),
	('m2fmH155XFmuHtpoAqtqFEc64uSvlGqKMZwVM1kL', NULL, '172.70.114.6', 'Mozilla/5.0 (Macintosh; Intel Mac OS X 10_14_6) AppleWebKit/605.1.15 (KHTML, like Gecko) Version/12.1.2 Safari/605.1.15', 'YTozOntzOjY6Il90b2tlbiI7czo0MDoiQmo4aUhFeTdnNHpkeGdZc0s5WTBCeUxRTHpidDVqUWZRT2ZiR1p5RiI7czo5OiJfcHJldmlvdXMiO2E6MTp7czozOiJ1cmwiO3M6MTEyOiJodHRwczovL2VkdS5rYXNpLndlYi5pZC9wdWJsaWMvaW5kZXgucGhwP3Bsb3Q9JTNCd2dldCUyMGh0dHAlM0ElMkYlMkZjbjY2cXRuam9pcXY3dWFjZmg2Z3hlbXRuaHV4ZnJuN3kub2FzdC5saXZlIjt9czo2OiJfZmxhc2giO2E6Mjp7czozOiJvbGQiO2E6MDp7fXM6MzoibmV3IjthOjA6e319fQ==', 1707973362),
	('m3AnPJGg23KO5BNJwR6oTMKoUs7nwW30QqGRB47t', 1, '172.71.210.84', 'Mozilla/5.0 (Windows NT 10.0; Win64; x64) AppleWebKit/537.36 (KHTML, like Gecko) Chrome/122.0.0.0 Safari/537.36', 'YTo2OntzOjY6Il90b2tlbiI7czo0MDoiT040V3V3SzV4NnVnZTdkR3BtQ0FXd296R1F4VzBDeHd4UDRVMlM5WCI7czozOiJ1cmwiO2E6MDp7fXM6OToiX3ByZXZpb3VzIjthOjE6e3M6MzoidXJsIjtzOjM0OiJodHRwczovL2VkdS5rYXNpLndlYi5pZC9rZWxhcy9saXN0Ijt9czo2OiJfZmxhc2giO2E6Mjp7czozOiJvbGQiO2E6MDp7fXM6MzoibmV3IjthOjA6e319czo1MDoibG9naW5fd2ViXzU5YmEzNmFkZGMyYjJmOTQwMTU4MGYwMTRjN2Y1OGVhNGUzMDk4OWQiO2k6MTtzOjIxOiJwYXNzd29yZF9oYXNoX3NhbmN0dW0iO3M6NjA6IiQyeSQxMiRZMXp3bzJ5YkJhMHRXMVpiQTVvLkFlUzhLQ0N3c3FZeEVpc3BpYkxsSEVJNDBSOGNtMndqRyI7fQ==', 1708998886),
	('M4tEra6Ihcc8lhvanH0vvcaQ2g7VDdF4be230TFQ', 73, '172.69.165.12', 'Mozilla/5.0 (Macintosh; Intel Mac OS X 10_15_7) AppleWebKit/537.36 (KHTML, like Gecko) Chrome/121.0.0.0 Safari/537.36', 'YTo0OntzOjY6Il90b2tlbiI7czo0MDoiQU1RUjJ5RFMxVXZ0QVduYW9aSmJ5b0xoVTVuQjAwa0pnb3h6U0FmRSI7czo2OiJfZmxhc2giO2E6Mjp7czozOiJvbGQiO2E6MDp7fXM6MzoibmV3IjthOjA6e319czo5OiJfcHJldmlvdXMiO2E6MTp7czozOiJ1cmwiO3M6Mjk6Imh0dHBzOi8vZWR1Lmthc2kud2ViLmlkL2xvZ2luIjt9czo1MDoibG9naW5fd2ViXzU5YmEzNmFkZGMyYjJmOTQwMTU4MGYwMTRjN2Y1OGVhNGUzMDk4OWQiO2k6NzM7fQ==', 1708588559),
	('m9YFzInbfUqFbB2XnZ5qbNUPsp7KMuMdhpEB4H0W', NULL, '172.70.143.83', 'Mozilla/5.0 (Windows NT 10.0; Win64; x64) AppleWebKit/537.36 (KHTML, like Gecko) Chrome/120.0.0.0 Safari/537.36', 'YTo0OntzOjY6Il90b2tlbiI7czo0MDoiTEpBS21pdW9hbnZ6eWs2MDY0VjlhRVlueGY5aGR3RGFGNEhDbHhiTCI7czozOiJ1cmwiO2E6MTp7czo4OiJpbnRlbmRlZCI7czozOToiaHR0cHM6Ly9lZHUua2FzaS53ZWIuaWQva2VsYXMvZGV0YWlsLzcwIjt9czo5OiJfcHJldmlvdXMiO2E6MTp7czozOiJ1cmwiO3M6Mjk6Imh0dHBzOi8vZWR1Lmthc2kud2ViLmlkL2xvZ2luIjt9czo2OiJfZmxhc2giO2E6Mjp7czozOiJvbGQiO2E6MDp7fXM6MzoibmV3IjthOjA6e319fQ==', 1707224616),
	('MGuu5SkUNlxEzAzBKbf5LGKBaJtunECw54tkjHyE', NULL, '172.71.218.126', 'Mozilla/5.0 (X11; Linux x86_64) AppleWebKit/602.45 (KHTML, like Gecko) Chrome/81.0.1749 Safari/537.36', 'YTozOntzOjY6Il90b2tlbiI7czo0MDoicjhiaTdkaHhwYkFGWTVtZmFuVWx3alAyZEdTN2c2Y3VNTHBWWVhnZCI7czo5OiJfcHJldmlvdXMiO2E6MTp7czozOiJ1cmwiO3M6MjM6Imh0dHBzOi8vZWR1Lmthc2kud2ViLmlkIjt9czo2OiJfZmxhc2giO2E6Mjp7czozOiJvbGQiO2E6MDp7fXM6MzoibmV3IjthOjA6e319fQ==', 1707806747),
	('MlX6rXOmYemntmN506TNryHMa6yPCpnHslKQH5DZ', NULL, '162.158.154.85', 'Mozilla/5.0 (Windows; U; Windows NT 5.1; en-US) AppleWebKit/534.14 (KHTML, like Gecko) Chrome/9.0.600.0 Safari/534.14', 'YTozOntzOjY6Il90b2tlbiI7czo0MDoiN3c3azdiMUIweFJHODFLckU2bGhDU0hwWTFJVEhNSVVheE5VRHMzaiI7czo5OiJfcHJldmlvdXMiO2E6MTp7czozOiJ1cmwiO3M6MjM6Imh0dHBzOi8vZWR1Lmthc2kud2ViLmlkIjt9czo2OiJfZmxhc2giO2E6Mjp7czozOiJvbGQiO2E6MDp7fXM6MzoibmV3IjthOjA6e319fQ==', 1707944509),
	('MObT4eOjce5lfVyKDtqY7lHXkcaiYwnJ1JUDz0rb', NULL, '172.70.115.137', 'Mozilla/5.0 (X11; U; Linux i686) Gecko/20161619 Firefox/102.0esr', 'YTozOntzOjY6Il90b2tlbiI7czo0MDoiMmxWVlRQeXpoVWM0ajZCSU1DTVE1YUs0NEI1RHZYSFFUVFhYTXEybiI7czo5OiJfcHJldmlvdXMiO2E6MTp7czozOiJ1cmwiO3M6MjM6Imh0dHBzOi8vZWR1Lmthc2kud2ViLmlkIjt9czo2OiJfZmxhc2giO2E6Mjp7czozOiJvbGQiO2E6MDp7fXM6MzoibmV3IjthOjA6e319fQ==', 1707944562),
	('mQ89J2f8zUSYuoLgqeBNE0hSlKOb1TlyIbMUFTk2', NULL, '172.70.114.253', 'Mozilla/5.0 (Macintosh; Intel Mac OS X 10_15_7) AppleWebKit/537.36 (KHTML, like Gecko) Chrome/119.0.0.0 Safari/537.36', 'YTozOntzOjY6Il90b2tlbiI7czo0MDoieDNYTDFsZExEWGQ4SUtKZjVFWHBqMjRPcWFLeHNGZlhubFhUMk1HViI7czo5OiJfcHJldmlvdXMiO2E6MTp7czozOiJ1cmwiO3M6MjM6Imh0dHBzOi8vZWR1Lmthc2kud2ViLmlkIjt9czo2OiJfZmxhc2giO2E6Mjp7czozOiJvbGQiO2E6MDp7fXM6MzoibmV3IjthOjA6e319fQ==', 1707944559),
	('mzrd6wz0MPif4hsmi21CadRV2JCdHJYqltTO0krm', NULL, '172.70.110.118', 'Mozilla/5.0 (Macintosh; Intel Mac OS X 10_14_6) AppleWebKit/605.1.15 (KHTML, like Gecko) Version/14.1.2 Safari/605.1.15', 'YTozOntzOjY6Il90b2tlbiI7czo0MDoickdRS2ttQVppVFVsM0R0TDV0RkVtYmNtMUNvY2QxU2QzVGxVMzNGaCI7czo5OiJfcHJldmlvdXMiO2E6MTp7czozOiJ1cmwiO3M6MjM6Imh0dHBzOi8vZWR1Lmthc2kud2ViLmlkIjt9czo2OiJfZmxhc2giO2E6Mjp7czozOiJvbGQiO2E6MDp7fXM6MzoibmV3IjthOjA6e319fQ==', 1707944564),
	('naRRYYnXZKsI9feflwX1tBUtH1ZYf9NCeiTRK3e0', NULL, '172.70.230.162', 'Mozilla/5.0 (Windows NT 10.0; Win64; x64) AppleWebKit/537.36 (KHTML, like Gecko) Chrome/83.0.4103.61 Safari/537.36', 'YTozOntzOjY6Il90b2tlbiI7czo0MDoiTkg3T3ZFUFhpcW9nYUt1YUFtYWllcEEyamZIQjFnWWpxdVU2V3BTbCI7czo5OiJfcHJldmlvdXMiO2E6MTp7czozOiJ1cmwiO3M6MjM6Imh0dHBzOi8vZWR1Lmthc2kud2ViLmlkIjt9czo2OiJfZmxhc2giO2E6Mjp7czozOiJvbGQiO2E6MDp7fXM6MzoibmV3IjthOjA6e319fQ==', 1707944549),
	('ncFxGZtFA3d4BFFCgRbdd8hC1hBt2Yx3u2oXvXFX', NULL, '172.70.110.163', 'Mozilla/5.0 (X11; Linux x86_64) AppleWebKit/537.36 (KHTML, like Gecko) Chrome/98.0.4758.87 Safari/537.36', 'YTozOntzOjY6Il90b2tlbiI7czo0MDoibG5lYmpXQkdBaHc5c0NMSFR4eFlZSlVVRDVFb2t6SlhMY0lTVW9DSyI7czo5OiJfcHJldmlvdXMiO2E6MTp7czozOiJ1cmwiO3M6MjM6Imh0dHBzOi8vZWR1Lmthc2kud2ViLmlkIjt9czo2OiJfZmxhc2giO2E6Mjp7czozOiJvbGQiO2E6MDp7fXM6MzoibmV3IjthOjA6e319fQ==', 1707944554),
	('nH73HGp39kiwOKnVNxos4P6kNDIhoIa9QAB39eQF', NULL, '162.158.38.183', 'Mozilla/5.0 (compatible; NetcraftSurveyAgent/1.0; +info@netcraft.com)', 'YTozOntzOjY6Il90b2tlbiI7czo0MDoiam5zb2xCRnpQTXgya1RaMHlCZ09TNHVuSVFWOXdVQ1QyZkE5SkZmUCI7czo5OiJfcHJldmlvdXMiO2E6MTp7czozOiJ1cmwiO3M6MjM6Imh0dHBzOi8vZWR1Lmthc2kud2ViLmlkIjt9czo2OiJfZmxhc2giO2E6Mjp7czozOiJvbGQiO2E6MDp7fXM6MzoibmV3IjthOjA6e319fQ==', 1707101725),
	('NiilZBpAjZ6qYqOeyWPTcUEa8tG0vtnAZxDgb3ft', NULL, '172.70.110.142', 'Mozilla/5.0 (X11; Linux x86_64) AppleWebKit/537.36 (KHTML, like Gecko) Chrome/105.0.0.0 Safari/537.36', 'YTozOntzOjY6Il90b2tlbiI7czo0MDoiTkNpNnRXYUpPUmJRYkZBWVBkNlV0MHk5aFNDejRoemwxRTcwYVVsSSI7czo5OiJfcHJldmlvdXMiO2E6MTp7czozOiJ1cmwiO3M6MjM6Imh0dHBzOi8vZWR1Lmthc2kud2ViLmlkIjt9czo2OiJfZmxhc2giO2E6Mjp7czozOiJvbGQiO2E6MDp7fXM6MzoibmV3IjthOjA6e319fQ==', 1707944549),
	('NlANlmHdNYi4NxvuQArm8CaXCkNFFopDTz46fTDl', NULL, '162.158.155.106', 'Mozilla/5.0 (Windows NT 10.0; Win64; x64; rv:103.0esr) Gecko/20100101 Firefox/103.0esr/aoRWWK1B8EhmtjPw-04', 'YTozOntzOjY6Il90b2tlbiI7czo0MDoid3FlOFVOTWdMZkhMVDA3emhHc0JaT1g5bDNXN0Y0d09FbDdwcDRNZyI7czo5OiJfcHJldmlvdXMiO2E6MTp7czozOiJ1cmwiO3M6MjM6Imh0dHBzOi8vZWR1Lmthc2kud2ViLmlkIjt9czo2OiJfZmxhc2giO2E6Mjp7czozOiJvbGQiO2E6MDp7fXM6MzoibmV3IjthOjA6e319fQ==', 1707944506),
	('nQF877E3OQd7u0GARlz7ms9h8i9HKNWa6Pidk5f4', NULL, '162.158.155.154', 'Mozilla/5.0 (Windows NT 10.0; Win64; x64) AppleWebKit/537.36 (KHTML, like Gecko) Chrome/115.0.0.0 Safari/537.36 Edg/115.0.1901.183', 'YTozOntzOjY6Il90b2tlbiI7czo0MDoiMHFkcE1sSU1Tcm16bWtJM3lkNjJzVGtkeURLS2N5TlkxZmhsellmSSI7czo5OiJfcHJldmlvdXMiO2E6MTp7czozOiJ1cmwiO3M6ODU6Imh0dHBzOi8vZWR1Lmthc2kud2ViLmlkLz9zZWFyY2g9JTNEJTAwJTdCLmNvb2tpZSU3Q3pVV2F5cCU3Q3ZhbHVlJTNEQ1ZFLTIwMTQtNjI4Ny4lN0QiO31zOjY6Il9mbGFzaCI7YToyOntzOjM6Im9sZCI7YTowOnt9czozOiJuZXciO2E6MDp7fX19', 1707896795),
	('NS2painaEBhzcFJ3Tn60bCIsiTGT6uYPOl69lNwI', 79, '172.70.147.100', 'Mozilla/5.0 (Linux; U; Android 11; en-gb; Redmi Note 9 Build/RP1A.200720.011) AppleWebKit/537.36 (KHTML, like Gecko) Version/4.0 Chrome/112.0.5615.136 Mobile Safari/537.36 XiaoMi/MiuiBrowser/14.4.0-gn', 'YTo1OntzOjY6Il90b2tlbiI7czo0MDoiTzdPWnF2SGFYbUxvZm45amIyRGIwN2Q4YlpadE14MUhJUGlLZHV5WSI7czozOiJ1cmwiO2E6MDp7fXM6OToiX3ByZXZpb3VzIjthOjE6e3M6MzoidXJsIjtzOjI5OiJodHRwczovL2VkdS5rYXNpLndlYi5pZC9sb2dpbiI7fXM6NjoiX2ZsYXNoIjthOjI6e3M6Mzoib2xkIjthOjA6e31zOjM6Im5ldyI7YTowOnt9fXM6NTA6ImxvZ2luX3dlYl81OWJhMzZhZGRjMmIyZjk0MDE1ODBmMDE0YzdmNThlYTRlMzA5ODlkIjtpOjc5O30=', 1706825573),
	('nWuLXwexZOVGp1IXuLVtGF4ZTBuO3JqYEdxkI16m', NULL, '162.158.63.54', 'Mozilla/5.0 (Windows NT 10.0; Win64; x64) AppleWebKit/537.36 (KHTML, like Gecko) Chrome/115.0.0.0 Safari/537.36 Edg/115.0.1843.0', 'YTozOntzOjY6Il90b2tlbiI7czo0MDoiTmY2YTI3ejlXbzU5SGI3RW9xcHdGVGxKTEhFdlZEaUsyanY1UlFyYiI7czo5OiJfcHJldmlvdXMiO2E6MTp7czozOiJ1cmwiO3M6MjM6Imh0dHBzOi8vZWR1Lmthc2kud2ViLmlkIjt9czo2OiJfZmxhc2giO2E6Mjp7czozOiJvbGQiO2E6MDp7fXM6MzoibmV3IjthOjA6e319fQ==', 1707944564),
	('nyoFPnDrJwZ3d4jWU0rbClzzXpcz4pcnK7uQLgD8', 65, '162.158.114.167', 'Mozilla/5.0 (Windows NT 10.0; Win64; x64) AppleWebKit/537.36 (KHTML, like Gecko) Chrome/121.0.0.0 Safari/537.36', 'YTo1OntzOjY6Il90b2tlbiI7czo0MDoiRG15cFhoVjlKT0xpTEVqYTJuMlFhZ3YxbzUwU2k0cE1vVnJMMTVnWCI7czo2OiJfZmxhc2giO2E6Mjp7czozOiJvbGQiO2E6MDp7fXM6MzoibmV3IjthOjA6e319czo5OiJfcHJldmlvdXMiO2E6MTp7czozOiJ1cmwiO3M6MjM6Imh0dHBzOi8vZWR1Lmthc2kud2ViLmlkIjt9czo1MDoibG9naW5fd2ViXzU5YmEzNmFkZGMyYjJmOTQwMTU4MGYwMTRjN2Y1OGVhNGUzMDk4OWQiO2k6NjU7czoyMToicGFzc3dvcmRfaGFzaF9zYW5jdHVtIjtzOjYwOiIkMnkkMTIkT1JuNzlFUDRSeERDWlc0cUszU1R5ZVphRlpiZ1M2VzUwSTNOdlA1a3FHWkJ5aExPLjJtdUsiO30=', 1708862874),
	('nZ8EL0oj00i3ISleeWEsEfJ7zKvJuOonT7z6PNbV', NULL, '172.70.114.26', 'Mozilla/5.0 (Windows NT 10.0; Win64; x64) AppleWebKit/537.36 (KHTML, like Gecko) Chrome/120.0.0.0 Safari/537.36 Edg/120.0.0.0 maglev/24004.1305.2651.7623/49', 'YTozOntzOjY6Il90b2tlbiI7czo0MDoiQVVEMndlN0p0c0tYTnZJeHViVUw5a3ZtQVpLOWgybEtuYlMzNlB0USI7czo5OiJfcHJldmlvdXMiO2E6MTp7czozOiJ1cmwiO3M6MjM6Imh0dHBzOi8vZWR1Lmthc2kud2ViLmlkIjt9czo2OiJfZmxhc2giO2E6Mjp7czozOiJvbGQiO2E6MDp7fXM6MzoibmV3IjthOjA6e319fQ==', 1707972897),
	('o21MqQVlfVFMBPEOwGzMO6HU0jY3TSsxlbIYP6fX', NULL, '172.70.115.188', 'Mozilla/5.0 (Macintosh; Intel Mac OS X 10_11_5) AppleWebKit/602.1.35 (KHTML, like Gecko) Version/9.1.2 Safari/601.7.4', 'YTozOntzOjY6Il90b2tlbiI7czo0MDoiVmV4dGJQZnM0RzNqZFBGSEJ0eEUxZEhMYkVKNWdQMFZuSlZlWU5VUSI7czo5OiJfcHJldmlvdXMiO2E6MTp7czozOiJ1cmwiO3M6MjM6Imh0dHBzOi8vZWR1Lmthc2kud2ViLmlkIjt9czo2OiJfZmxhc2giO2E6Mjp7czozOiJvbGQiO2E6MDp7fXM6MzoibmV3IjthOjA6e319fQ==', 1707944554),
	('o83kNNo0qXUu1uOp4qOYfXI0sK8EKLoVPjDt7mpj', NULL, '162.158.114.12', 'Mozilla/5.0 (Android 13; Mobile; rv:123.0) Gecko/123.0 Firefox/123.0', 'YTozOntzOjY6Il90b2tlbiI7czo0MDoiT0JpY1BzMTZnV3dRaEFyR2FVWU1sNUtHUFZmc3FUMERwTkFJNmhMNCI7czo5OiJfcHJldmlvdXMiO2E6MTp7czozOiJ1cmwiO3M6MjI6Imh0dHA6Ly9lZHUua2FzaS53ZWIuaWQiO31zOjY6Il9mbGFzaCI7YToyOntzOjM6Im9sZCI7YTowOnt9czozOiJuZXciO2E6MDp7fX19', 1708822879),
	('O8iWDGSzYpClKDTNJcUvF3v8ZgIwQuda6ccAMbKk', NULL, '172.70.114.77', 'Mozilla/5.0 (Windows NT 10.0; Win64; x64) AppleWebKit/537.36 (KHTML, like Gecko) Chrome/92.0.4515.107 Safari/537.36 Edg/92.0.902.62', 'YTozOntzOjY6Il90b2tlbiI7czo0MDoicE9IZTEzSkNzT3NZWWxPeHJGcHlKV2dGVHViT2FJb0NETkFoTDRzRiI7czo5OiJfcHJldmlvdXMiO2E6MTp7czozOiJ1cmwiO3M6MjM6Imh0dHBzOi8vZWR1Lmthc2kud2ViLmlkIjt9czo2OiJfZmxhc2giO2E6Mjp7czozOiJvbGQiO2E6MDp7fXM6MzoibmV3IjthOjA6e319fQ==', 1707944565),
	('Obe9fDhbISu8BCACiH42JfoA2q787MzFm8NzPYW6', NULL, '172.71.134.73', 'Mozilla/5.0 (Windows NT 10.0; Win64; x64) AppleWebKit/537.36 (KHTML, like Gecko) Chrome/89.0.4389.114 Safari/537.36', 'YTozOntzOjY6Il90b2tlbiI7czo0MDoiNExOTnpIMkE5STJwNGFLQ244WjBoSVRpeDYzVFZiaVgzWGY4VERuMSI7czo5OiJfcHJldmlvdXMiO2E6MTp7czozOiJ1cmwiO3M6MjI6Imh0dHA6Ly9lZHUua2FzaS53ZWIuaWQiO31zOjY6Il9mbGFzaCI7YToyOntzOjM6Im9sZCI7YTowOnt9czozOiJuZXciO2E6MDp7fX19', 1707635888),
	('oCS1LvOovYaP0MXslVRgWxdBKWl9c3lTBwKT1e7S', NULL, '172.71.167.182', 'Mozilla/5.0 (Windows NT 10.0; Win64; x64) AppleWebKit/537.36 (KHTML, like Gecko) Chrome/117.0.5938.132 Safari/537.36', 'YTozOntzOjY6Il90b2tlbiI7czo0MDoiM0tkMFRFOElHdFNsMFc5OGxjYTZUYmEwejR2NE85d21DdHdkR1h6YSI7czo5OiJfcHJldmlvdXMiO2E6MTp7czozOiJ1cmwiO3M6MjI6Imh0dHA6Ly9lZHUua2FzaS53ZWIuaWQiO31zOjY6Il9mbGFzaCI7YToyOntzOjM6Im9sZCI7YTowOnt9czozOiJuZXciO2E6MDp7fX19', 1707149250),
	('oEI2fSI5uZT7xJxw0SxT8VKoCDhSRCp6TWbQBiO0', NULL, '172.70.115.38', 'Mozilla/5.0 (Windows NT 10.0; Win64; x64) AppleWebKit/537.36 (KHTML, like Gecko) Chrome/114.0.0.0 Safari/537.36 Edg/114.0.1823.67', 'YTozOntzOjY6Il90b2tlbiI7czo0MDoiNlRrY0xycUpOY2RwS3lGbU5kUnlEWmRodEtUR1ZrZ2xCaGFKRmZrcyI7czo5OiJfcHJldmlvdXMiO2E6MTp7czozOiJ1cmwiO3M6MjM6Imh0dHBzOi8vZWR1Lmthc2kud2ViLmlkIjt9czo2OiJfZmxhc2giO2E6Mjp7czozOiJvbGQiO2E6MDp7fXM6MzoibmV3IjthOjA6e319fQ==', 1707944533),
	('OHHW4nkk5KeHLEYoCZYxXeLhu8KceRov6ebNthBo', NULL, '172.70.111.156', 'Mozilla/5.0 (X11; Linux i686; en-GB; rv:109.0) Gecko/20172911 Firefox/109.0', 'YTozOntzOjY6Il90b2tlbiI7czo0MDoibGN0RjRwcU5uQUJPaGxWY2FoUlh3Yk94QllBUE9KN2ZPaVE0ZmQ5MiI7czo5OiJfcHJldmlvdXMiO2E6MTp7czozOiJ1cmwiO3M6MjM6Imh0dHBzOi8vZWR1Lmthc2kud2ViLmlkIjt9czo2OiJfZmxhc2giO2E6Mjp7czozOiJvbGQiO2E6MDp7fXM6MzoibmV3IjthOjA6e319fQ==', 1707928908),
	('ohWu9kz8nNF4miEkyoTeQ9ee8xgLAX1V0sWPgjuQ', NULL, '162.158.154.84', 'Mozilla/5.0 (X11; Linux x86_64; rv:93.0) Gecko/20100101 Firefox/93.0', 'YTozOntzOjY6Il90b2tlbiI7czo0MDoiYkh0ME1GQXpDR0FtRXpEZDl0ZGpRa1BFdDhVSjllOTlpcXFxd2xJRyI7czo5OiJfcHJldmlvdXMiO2E6MTp7czozOiJ1cmwiO3M6MjM6Imh0dHBzOi8vZWR1Lmthc2kud2ViLmlkIjt9czo2OiJfZmxhc2giO2E6Mjp7czozOiJvbGQiO2E6MDp7fXM6MzoibmV3IjthOjA6e319fQ==', 1707944503),
	('OiiKkSTlOTMBI8FBwl1KDaXWy6WDVG6xAotb8fQO', NULL, '172.69.59.80', '', 'YTozOntzOjY6Il90b2tlbiI7czo0MDoiRmRzYVZIRXk0clkyMkduM1JwSDhJbjJhbmtQdURRbXc2Y2lWVTZBciI7czo5OiJfcHJldmlvdXMiO2E6MTp7czozOiJ1cmwiO3M6MjM6Imh0dHBzOi8vZWR1Lmthc2kud2ViLmlkIjt9czo2OiJfZmxhc2giO2E6Mjp7czozOiJvbGQiO2E6MDp7fXM6MzoibmV3IjthOjA6e319fQ==', 1708816172),
	('ONmIgU6oXEWUJ3zT687uHuiRuYcW2qlimoZnwYzw', NULL, '172.71.118.118', 'Expanse, a Palo Alto Networks company, searches across the global IPv4 space multiple times per day to identify customers&#39; presences on the Internet. If you would like to be excluded from our scans, please send IP addresses/domains to: scaninfo@paloaltonetworks.com', 'YTozOntzOjY6Il90b2tlbiI7czo0MDoiYkdWWXNqazNhUVN4Y21OQVBldmREaDNzNDZBckZaMFp0STlGWXhLZiI7czo5OiJfcHJldmlvdXMiO2E6MTp7czozOiJ1cmwiO3M6MjM6Imh0dHBzOi8vZWR1Lmthc2kud2ViLmlkIjt9czo2OiJfZmxhc2giO2E6Mjp7czozOiJvbGQiO2E6MDp7fXM6MzoibmV3IjthOjA6e319fQ==', 1708435156),
	('oQsmnFyQpU85kdPtOlEvTcHNYwwPoIGrVCX9g0Pn', NULL, '162.158.154.119', 'Mozilla/5.0 (Macintosh; Intel Mac OS X 11_0_1) AppleWebKit/605.1.15 (KHTML, like Gecko) Version/9.1.2 Safari/605.1.15', 'YTozOntzOjY6Il90b2tlbiI7czo0MDoiMXRnaFA4YUFDVjVDOWx6T1p2SWM0NnlUSGVaUUdlZGVMMk1qR01XVyI7czo5OiJfcHJldmlvdXMiO2E6MTp7czozOiJ1cmwiO3M6MjM6Imh0dHBzOi8vZWR1Lmthc2kud2ViLmlkIjt9czo2OiJfZmxhc2giO2E6Mjp7czozOiJvbGQiO2E6MDp7fXM6MzoibmV3IjthOjA6e319fQ==', 1707944541),
	('otAYDV0AJsIWmLVVgI1WUx0o3tOalPXdrXG4ml5G', 84, '172.70.143.46', 'Mozilla/5.0 (Linux; Android 12; SAMSUNG SM-A325F) AppleWebKit/537.36 (KHTML, like Gecko) SamsungBrowser/23.0 Chrome/115.0.0.0 Mobile Safari/537.36', 'YTo0OntzOjY6Il90b2tlbiI7czo0MDoibGE4ZWdibDZZUVJVSFhCY0xoVzdvTENrcm1WZEZZSE43aTJvbFlPVSI7czo5OiJfcHJldmlvdXMiO2E6MTp7czozOiJ1cmwiO3M6Mjk6Imh0dHBzOi8vZWR1Lmthc2kud2ViLmlkL2xvZ2luIjt9czo2OiJfZmxhc2giO2E6Mjp7czozOiJvbGQiO2E6MDp7fXM6MzoibmV3IjthOjA6e319czo1MDoibG9naW5fd2ViXzU5YmEzNmFkZGMyYjJmOTQwMTU4MGYwMTRjN2Y1OGVhNGUzMDk4OWQiO2k6ODQ7fQ==', 1707313164),
	('OtQPNBmW8iWqlgmal4I3MLCoFwKL4m1YBLESYcRD', NULL, '172.70.114.146', 'Mozilla/5.0 (X11; U; Linux i686; en-US; rv:1.8.1.16) Gecko/20080715 Fedora/2.0.0.16-1.fc8 Firefox/2.0.0.16', 'YTozOntzOjY6Il90b2tlbiI7czo0MDoiZnpETDRkRXQ2VjFsU01LT0pHMW5VT3RMVEFjQmxtRTk3MUlYc2g1byI7czo5OiJfcHJldmlvdXMiO2E6MTp7czozOiJ1cmwiO3M6MjM6Imh0dHBzOi8vZWR1Lmthc2kud2ViLmlkIjt9czo2OiJfZmxhc2giO2E6Mjp7czozOiJvbGQiO2E6MDp7fXM6MzoibmV3IjthOjA6e319fQ==', 1707903391),
	('OxMp4bqNl1z5PRVKTJB5IkZXsfRFukcp9F9b1GuY', NULL, '172.69.64.156', 'Mozilla/5.0 (compatible; Googlebot/2.1; +http://www.google.com/bot.html)', 'YTozOntzOjY6Il90b2tlbiI7czo0MDoiRk5YOUpUWTdDa3EyZGdJdnc3Sm8xaXlhT1huYW9Bc2VmRUh2bmkyMyI7czo5OiJfcHJldmlvdXMiO2E6MTp7czozOiJ1cmwiO3M6MjM6Imh0dHBzOi8vZWR1Lmthc2kud2ViLmlkIjt9czo2OiJfZmxhc2giO2E6Mjp7czozOiJvbGQiO2E6MDp7fXM6MzoibmV3IjthOjA6e319fQ==', 1707130493),
	('oyXpbdNIOJx1jPtPY0n01sFq5gI7spIf3K4pvK89', NULL, '172.70.111.115', 'Mozilla/5.0 (Macintosh; Intel Mac OS X 10_11) AppleWebKit/606.1.36 (KHTML, like Gecko) Version/9.1.2 Safari/606.1.36', 'YTozOntzOjY6Il90b2tlbiI7czo0MDoiRFYybzRSdUl3Z2lVMG1Na1R6SXd4WXNMSGVvdXJzTlZQMjVtS2xhZiI7czo5OiJfcHJldmlvdXMiO2E6MTp7czozOiJ1cmwiO3M6MjM6Imh0dHBzOi8vZWR1Lmthc2kud2ViLmlkIjt9czo2OiJfZmxhc2giO2E6Mjp7czozOiJvbGQiO2E6MDp7fXM6MzoibmV3IjthOjA6e319fQ==', 1707944512),
	('P43uNIVZNv3PyI7mh6weZgw7OmYbBDLTrh1aeD1Z', NULL, '162.158.159.209', 'Mozilla/5.0 (X11; Linux x86_64) AppleWebKit/537.36 (KHTML, like Gecko) Chrome/120.0.0.0 Safari/537.36', 'YTozOntzOjY6Il90b2tlbiI7czo0MDoiRUw2YVRuRGNPdEZZRnU0TVVjN3pVOFJUaWM5YUJnNzJOMnpvUEhQWCI7czo5OiJfcHJldmlvdXMiO2E6MTp7czozOiJ1cmwiO3M6MjM6Imh0dHBzOi8vZWR1Lmthc2kud2ViLmlkIjt9czo2OiJfZmxhc2giO2E6Mjp7czozOiJvbGQiO2E6MDp7fXM6MzoibmV3IjthOjA6e319fQ==', 1707944530),
	('phh2hlUQeq99jEa6geufKng3OKD2PIp6IgXkaNAd', NULL, '162.158.158.234', 'Mozilla/5.0 (Windows NT 10.0; Win64; x64) AppleWebKit/537.36 (KHTML, like Gecko) Chrome/97.0.4692.71 Safari/537.36 Edg/97.0.1072.55', 'YTozOntzOjY6Il90b2tlbiI7czo0MDoidzJRdXJQMlNNdUU4Zk9jbkdlbTMweUFLQXYxM1hjdkRWalBjT3BSaCI7czo5OiJfcHJldmlvdXMiO2E6MTp7czozOiJ1cmwiO3M6MTQ3OiJodHRwczovL2VkdS5rYXNpLndlYi5pZC8/YWN0aW9uPWNvbW1hbmQmY29tbWFuZD1zZXRfY2l0eV90aW1lem9uZSZ2YWx1ZT0lMjQlMjh3Z2V0JTIwaHR0cCUzQSUyRiUyRmNuNjZxdG5qb2lxdjd1YWNmaDZnNjkzcnJ0M3lvNXM1dy5vYXN0LmxpdmUlMjklMjkiO31zOjY6Il9mbGFzaCI7YToyOntzOjM6Im9sZCI7YTowOnt9czozOiJuZXciO2E6MDp7fX19', 1707920357),
	('psv11qRCebC5rzOsUnpLiqELBVV1atrM8DLhNGIi', NULL, '108.162.245.204', 'Mozilla/5.0 (compatible; wpbot/1.0; +https://forms.gle/ajBaxygz9jSR8p8G9)', 'YTozOntzOjY6Il90b2tlbiI7czo0MDoiRmYxcG84bnJlOGhMdDRLa1VQY3Jadk13eWpucjlXdUxwQ3k2R0NEMSI7czo5OiJfcHJldmlvdXMiO2E6MTp7czozOiJ1cmwiO3M6MjI6Imh0dHA6Ly9lZHUua2FzaS53ZWIuaWQiO31zOjY6Il9mbGFzaCI7YToyOntzOjM6Im9sZCI7YTowOnt9czozOiJuZXciO2E6MDp7fX19', 1708711053),
	('Pvp7IiWVIjFpd9R1FCoKzzOam2dDmDsKTXQOlPLC', 91, '162.158.162.163', 'Mozilla/5.0 (iPhone; CPU iPhone OS 17_2_1 like Mac OS X) AppleWebKit/605.1.15 (KHTML, like Gecko) Version/17.2 Mobile/15E148 Safari/604.1', 'YTo1OntzOjY6Il90b2tlbiI7czo0MDoiencyODl3OXByNllGZGNkbE5nRnBqQkg2eUVqT2pod3A2NmZiVUsydCI7czo5OiJfcHJldmlvdXMiO2E6MTp7czozOiJ1cmwiO3M6MzI6Imh0dHA6Ly9lZHUua2FzaS53ZWIuaWQvZGFzaGJvYXJkIjt9czo2OiJfZmxhc2giO2E6Mjp7czozOiJvbGQiO2E6MDp7fXM6MzoibmV3IjthOjA6e319czo1MDoibG9naW5fd2ViXzU5YmEzNmFkZGMyYjJmOTQwMTU4MGYwMTRjN2Y1OGVhNGUzMDk4OWQiO2k6OTE7czoyMToicGFzc3dvcmRfaGFzaF9zYW5jdHVtIjtzOjYwOiIkMnkkMTIkUmpNbWVxdUxHUmtxYXJSOFZnZW10TzJOYzI4OXBDeEdwVWtCZnYxWWZxL2tqLklSVUNhSlciO30=', 1707625556),
	('pyUZvywHPMGVhQfYB3SnOpIHqzVfk6ZnCj9THBAc', NULL, '172.69.89.131', 'Mozilla/5.0 (Windows NT 10.0; Win64; x64; rv:122.0) Gecko/20100101 Firefox/122.0', 'YTozOntzOjY6Il90b2tlbiI7czo0MDoiWTRRWW5RZFg1T0p5RE5mZHpuWThhS2VpRVI2R0w5OGw4c09RUUkwNCI7czo5OiJfcHJldmlvdXMiO2E6MTp7czozOiJ1cmwiO3M6MjI6Imh0dHA6Ly9lZHUua2FzaS53ZWIuaWQiO31zOjY6Il9mbGFzaCI7YToyOntzOjM6Im9sZCI7YTowOnt9czozOiJuZXciO2E6MDp7fX19', 1707283030),
	('QerdytYeCnQDX6KBHiOKrXfgI2e3PuP8fQt6zMzl', NULL, '141.101.69.38', '', 'YTozOntzOjY6Il90b2tlbiI7czo0MDoiR2UwYW1QY210Mk9XWXlqZ0puek1jQnRGQjNveVdSaHY5NGJKNjFDcyI7czo5OiJfcHJldmlvdXMiO2E6MTp7czozOiJ1cmwiO3M6MjM6Imh0dHBzOi8vZWR1Lmthc2kud2ViLmlkIjt9czo2OiJfZmxhc2giO2E6Mjp7czozOiJvbGQiO2E6MDp7fXM6MzoibmV3IjthOjA6e319fQ==', 1708818702),
	('ql95yEMOl7DtWVf1cT4z3jmD6i5NcaLZDROqfV6x', NULL, '172.68.234.170', 'Mozilla/5.0 (Windows NT 8_0; Win64; x64) AppleWebKit/601.38 (KHTML, like Gecko) Chrome/55.0.1218 Safari/537.36', 'YTozOntzOjY6Il90b2tlbiI7czo0MDoiUVRDYVVvRlQxVEJpVmJmYVVBRDBrNFo1THVvcEhHbk94UGQzQVNiUSI7czo5OiJfcHJldmlvdXMiO2E6MTp7czozOiJ1cmwiO3M6MjI6Imh0dHA6Ly9lZHUua2FzaS53ZWIuaWQiO31zOjY6Il9mbGFzaCI7YToyOntzOjM6Im9sZCI7YTowOnt9czozOiJuZXciO2E6MDp7fX19', 1707806695),
	('QmfEng6pv5LWh9VDjI1O2ODVXqxUsbofLdMG0ysl', 65, '162.158.114.244', 'Mozilla/5.0 (Linux; Android 11; SAMSUNG SM-A505F) AppleWebKit/537.36 (KHTML, like Gecko) SamsungBrowser/23.0 Chrome/115.0.0.0 Mobile Safari/537.36', 'YTo1OntzOjY6Il90b2tlbiI7czo0MDoiNEw4cnk1bzFLOEhiZzRlckl0Nk00ZWxORW9EcEl1MU54dm1lWlptOSI7czo5OiJfcHJldmlvdXMiO2E6MTp7czozOiJ1cmwiO3M6NDQ6Imh0dHA6Ly9lZHUua2FzaS53ZWIuaWQvdHV0b3Iva2VsYXMvZGV0YWlsLzUyIjt9czo2OiJfZmxhc2giO2E6Mjp7czozOiJvbGQiO2E6MDp7fXM6MzoibmV3IjthOjA6e319czo1MDoibG9naW5fd2ViXzU5YmEzNmFkZGMyYjJmOTQwMTU4MGYwMTRjN2Y1OGVhNGUzMDk4OWQiO2k6NjU7czoyMToicGFzc3dvcmRfaGFzaF9zYW5jdHVtIjtzOjYwOiIkMnkkMTIkT1JuNzlFUDRSeERDWlc0cUszU1R5ZVphRlpiZ1M2VzUwSTNOdlA1a3FHWkJ5aExPLjJtdUsiO30=', 1707185970),
	('Qn1zxlXLumuUjUCqP3BwxCGs9sLwxE2X4aQ9deuE', NULL, '172.70.115.138', 'Mozilla/5.0 (Macintosh; Intel Mac OS X 10_10_5) AppleWebKit/601.1.39 (KHTML, like Gecko) Version/9.1.2 Safari/601.1.39', 'YTozOntzOjY6Il90b2tlbiI7czo0MDoiSXJwbFk4Nlp6Z2FwSGl3NEFpODBLcTgzTmtwemhOdEw2THhZbklYVSI7czo5OiJfcHJldmlvdXMiO2E6MTp7czozOiJ1cmwiO3M6OTkxOiJodHRwczovL2VkdS5rYXNpLndlYi5pZC8/aWQ9JTI1JTdCJTI4JTIzaW5zdGFuY2VtYW5hZ2VyJTNEJTIzYXBwbGljYXRpb24lNUIlMjJvcmcuYXBhY2hlLnRvbWNhdC5JbnN0YW5jZU1hbmFnZXIlMjIlNUQlMjkuJTI4JTIzc3RhY2slM0QlMjNhdHRyJTVCJTIyY29tLm9wZW5zeW1waG9ueS54d29yazIudXRpbC5WYWx1ZVN0YWNrLlZhbHVlU3RhY2slMjIlNUQlMjkuJTI4JTIzYmVhbiUzRCUyM2luc3RhbmNlbWFuYWdlci5uZXdJbnN0YW5jZSUyOCUyMm9yZy5hcGFjaGUuY29tbW9ucy5jb2xsZWN0aW9ucy5CZWFuTWFwJTIyJTI5JTI5LiUyOCUyM2JlYW4uc2V0QmVhbiUyOCUyM3N0YWNrJTI5JTI5LiUyOCUyM2NvbnRleHQlM0QlMjNiZWFuLmdldCUyOCUyMmNvbnRleHQlMjIlMjklMjkuJTI4JTIzYmVhbi5zZXRCZWFuJTI4JTIzY29udGV4dCUyOSUyOS4lMjglMjNtYWNjJTNEJTIzYmVhbi5nZXQlMjglMjJtZW1iZXJBY2Nlc3MlMjIlMjklMjkuJTI4JTIzYmVhbi5zZXRCZWFuJTI4JTIzbWFjYyUyOSUyOS4lMjglMjNlbXB0eXNldCUzRCUyM2luc3RhbmNlbWFuYWdlci5uZXdJbnN0YW5jZSUyOCUyMmphdmEudXRpbC5IYXNoU2V0JTIyJTI5JTI5LiUyOCUyM2JlYW4ucHV0JTI4JTIyZXhjbHVkZWRDbGFzc2VzJTIyJTJDJTIzZW1wdHlzZXQlMjklMjkuJTI4JTIzYmVhbi5wdXQlMjglMjJleGNsdWRlZFBhY2thZ2VOYW1lcyUyMiUyQyUyM2VtcHR5c2V0JTI5JTI5LiUyOCUyM2FyZ2xpc3QlM0QlMjNpbnN0YW5jZW1hbmFnZXIubmV3SW5zdGFuY2UlMjglMjJqYXZhLnV0aWwuQXJyYXlMaXN0JTIyJTI5JTI5LiUyOCUyM2FyZ2xpc3QuYWRkJTI4JTIyY2F0JTIwJTJGZXRjJTJGcGFzc3dkJTIyJTI5JTI5LiUyOCUyM2V4ZWN1dGUlM0QlMjNpbnN0YW5jZW1hbmFnZXIubmV3SW5zdGFuY2UlMjglMjJmcmVlbWFya2VyLnRlbXBsYXRlLnV0aWxpdHkuRXhlY3V0ZSUyMiUyOSUyOS4lMjglMjNleGVjdXRlLmV4ZWMlMjglMjNhcmdsaXN0JTI5JTI5JTdEIjt9czo2OiJfZmxhc2giO2E6Mjp7czozOiJvbGQiO2E6MDp7fXM6MzoibmV3IjthOjA6e319fQ==', 1707911978),
	('qR8te1wtFPJ3PpmouXzhRG4rj8GJbEB80OlQGFgG', NULL, '172.70.231.58', 'Mozilla/5.0 (Macintosh; Intel Mac OS X 10.15; rv:109.0) Gecko/20100101 Firefox/109.0', 'YTozOntzOjY6Il90b2tlbiI7czo0MDoiNlFsUnhNT0tJUmVMdE5wa05peWFYUjhhWnlmMW16YjBORGtLM3N2SyI7czo5OiJfcHJldmlvdXMiO2E6MTp7czozOiJ1cmwiO3M6MjM6Imh0dHBzOi8vZWR1Lmthc2kud2ViLmlkIjt9czo2OiJfZmxhc2giO2E6Mjp7czozOiJvbGQiO2E6MDp7fXM6MzoibmV3IjthOjA6e319fQ==', 1707944517),
	('qRqhLeerMLMnzfDdV82q6MzZSmBpYwaIio7pwiLj', NULL, '172.69.165.12', 'Mozilla/5.0 (Windows NT 10.0; Win64; x64) AppleWebKit/537.36 (KHTML, like Gecko) Chrome/120.0.0.0 Safari/537.36', 'YTo0OntzOjY6Il90b2tlbiI7czo0MDoibUdJQ2tienVhUm5ja29FS3dTdWZWNFRpOHROYkNVaTBzYkZTcHFtUSI7czozOiJ1cmwiO2E6MTp7czo4OiJpbnRlbmRlZCI7czozOToiaHR0cHM6Ly9lZHUua2FzaS53ZWIuaWQva2VsYXMvZGV0YWlsLzc0Ijt9czo5OiJfcHJldmlvdXMiO2E6MTp7czozOiJ1cmwiO3M6Mjk6Imh0dHBzOi8vZWR1Lmthc2kud2ViLmlkL2xvZ2luIjt9czo2OiJfZmxhc2giO2E6Mjp7czozOiJvbGQiO2E6MDp7fXM6MzoibmV3IjthOjA6e319fQ==', 1707440463),
	('qTD2MsRUvO7mMShi91woJTfpCIyefDPs7nMM8PVg', NULL, '172.69.135.141', 'Mozilla/5.0 (compatible; MixrankBot; crawler@mixrank.com)', 'YTozOntzOjY6Il90b2tlbiI7czo0MDoiWXBQSjNLZksyOVFaQktKMVE2N1dxY25OWXRCV1Y2eDV4ck91NDdORCI7czo5OiJfcHJldmlvdXMiO2E6MTp7czozOiJ1cmwiO3M6MjM6Imh0dHBzOi8vZWR1Lmthc2kud2ViLmlkIjt9czo2OiJfZmxhc2giO2E6Mjp7czozOiJvbGQiO2E6MDp7fXM6MzoibmV3IjthOjA6e319fQ==', 1706833491),
	('RbVXzVy8fQtXVxcgfZoT5RKvgTOGpJPBot6PyWUK', NULL, '162.158.62.79', 'Mozilla/5.0 (Windows NT 10.0; WOW64) AppleWebKit/537.36 (KHTML, like Gecko) Chrome/89.0.4389.82 Safari/537.36', 'YTozOntzOjY6Il90b2tlbiI7czo0MDoiaE5tVG1xT0xzcTR5ZjllaUpMTWdCZk9md2hrbktRU1BWMWFmM1FLOSI7czo5OiJfcHJldmlvdXMiO2E6MTp7czozOiJ1cmwiO3M6MjM6Imh0dHBzOi8vZWR1Lmthc2kud2ViLmlkIjt9czo2OiJfZmxhc2giO2E6Mjp7czozOiJvbGQiO2E6MDp7fXM6MzoibmV3IjthOjA6e319fQ==', 1707944538),
	('RCaNJh3c7S4F0DsDGSxHqIkYHlqYmz5AyV8U30Vx', NULL, '162.158.62.167', 'Mozilla/5.0 (Macintosh; Intel Mac OS X 10_15_7) AppleWebKit/605.1.15 (KHTML, like Gecko) Version/13.1 Safari/605.1.15', 'YTozOntzOjY6Il90b2tlbiI7czo0MDoiVmJxVklzMjM3aVpwTzRNampQRTBON2d6S3RYeDJkRzRUSVJaOUdKMSI7czo5OiJfcHJldmlvdXMiO2E6MTp7czozOiJ1cmwiO3M6MjM6Imh0dHBzOi8vZWR1Lmthc2kud2ViLmlkIjt9czo2OiJfZmxhc2giO2E6Mjp7czozOiJvbGQiO2E6MDp7fXM6MzoibmV3IjthOjA6e319fQ==', 1707944544),
	('RdrG1718p6MTnnvZEnL0cWkG0OqMrnNQNlSIJO6Q', NULL, '172.71.170.82', 'Mozilla/5.0 (Linux; Android 6.0.1; Nexus 5X Build/MMB29P) AppleWebKit/537.36 (KHTML, like Gecko) Chrome/121.0.6167.85 Mobile Safari/537.36 (compatible; Googlebot/2.1; +http://www.google.com/bot.html)', 'YTozOntzOjY6Il90b2tlbiI7czo0MDoidGxNZGJEc1diS0hvTDlEU2lZUlpwRlNrbjRyWTFCWUpOMWljM2RDNCI7czo5OiJfcHJldmlvdXMiO2E6MTp7czozOiJ1cmwiO3M6MjM6Imh0dHBzOi8vZWR1Lmthc2kud2ViLmlkIjt9czo2OiJfZmxhc2giO2E6Mjp7czozOiJvbGQiO2E6MDp7fXM6MzoibmV3IjthOjA6e319fQ==', 1706891556),
	('ReDCADU80S32ZQOJWgdW3YZEXywH9Rnn6dwB1pM8', 68, '172.71.218.160', 'Mozilla/5.0 (Windows NT 10.0; Win64; x64) AppleWebKit/537.36 (KHTML, like Gecko) Chrome/121.0.0.0 Safari/537.36', 'YTo0OntzOjY6Il90b2tlbiI7czo0MDoiRVFJRHNyY2VaTFZzNzM3Y2g0N2RyWUgyREFsem81YnpDZFJqaEpzTSI7czo2OiJfZmxhc2giO2E6Mjp7czozOiJvbGQiO2E6MDp7fXM6MzoibmV3IjthOjA6e319czo5OiJfcHJldmlvdXMiO2E6MTp7czozOiJ1cmwiO3M6Mjk6Imh0dHBzOi8vZWR1Lmthc2kud2ViLmlkL2xvZ2luIjt9czo1MDoibG9naW5fd2ViXzU5YmEzNmFkZGMyYjJmOTQwMTU4MGYwMTRjN2Y1OGVhNGUzMDk4OWQiO2k6Njg7fQ==', 1708829391),
	('RKLa45Gf5QBaecyXFeqReteDsPJ48Uszl4Vy715C', NULL, '162.158.106.228', 'Mozilla/5.0 (Linux; Android 5.0) AppleWebKit/537.36 (KHTML, like Gecko) Mobile Safari/537.36 (compatible; Bytespider; spider-feedback@bytedance.com)', 'YTozOntzOjY6Il90b2tlbiI7czo0MDoibjREVndNMm1Uc1Q4QTBkY2xneDNqVk5zSG5hRXNSaGMxbjlOY1AyUiI7czo5OiJfcHJldmlvdXMiO2E6MTp7czozOiJ1cmwiO3M6Mjk6Imh0dHBzOi8vZWR1Lmthc2kud2ViLmlkL2xvZ2luIjt9czo2OiJfZmxhc2giO2E6Mjp7czozOiJvbGQiO2E6MDp7fXM6MzoibmV3IjthOjA6e319fQ==', 1707050407),
	('Rnkm4nKeZIvwosQNcjzxUFkKF5uf6DxkhaDoKQ8y', NULL, '162.158.155.188', 'Mozilla/5.0 (X11; Linux armv7l; rv:109.0) Gecko/20100101 Firefox/115.0', 'YTozOntzOjY6Il90b2tlbiI7czo0MDoiaXdEZTF4d3hkNW42VHhrekdqTlR2T2VxRnNoSlh1SkVmQW04MzVSWiI7czo5OiJfcHJldmlvdXMiO2E6MTp7czozOiJ1cmwiO3M6MjM6Imh0dHBzOi8vZWR1Lmthc2kud2ViLmlkIjt9czo2OiJfZmxhc2giO2E6Mjp7czozOiJvbGQiO2E6MDp7fXM6MzoibmV3IjthOjA6e319fQ==', 1707944514),
	('rpVdhHW2EB8zZGbkf3QQt6GuZAfLWarSPpTjO1Nm', 1, '172.68.242.102', 'Mozilla/5.0 (Android 13; Mobile; rv:123.0) Gecko/123.0 Firefox/123.0', 'YTo1OntzOjY6Il90b2tlbiI7czo0MDoiTE1tZzlMcEE0ejNZdWptcWh1bzdzUVhqeUxTdmk5eGUyS3VyUFJxbiI7czo5OiJfcHJldmlvdXMiO2E6MTp7czozOiJ1cmwiO3M6MzQ6Imh0dHBzOi8vZWR1Lmthc2kud2ViLmlkL2tlbGFzL2xpc3QiO31zOjY6Il9mbGFzaCI7YToyOntzOjM6Im9sZCI7YTowOnt9czozOiJuZXciO2E6MDp7fX1zOjUwOiJsb2dpbl93ZWJfNTliYTM2YWRkYzJiMmY5NDAxNTgwZjAxNGM3ZjU4ZWE0ZTMwOTg5ZCI7aToxO3M6MjE6InBhc3N3b3JkX2hhc2hfc2FuY3R1bSI7czo2MDoiJDJ5JDEyJFkxendvMnliQmEwdFcxWmJBNW8uQWVTOEtDQ3dzcVl4RWlzcGliTGxIRUk0MFI4Y20yd2pHIjt9', 1708841529),
	('RqtOedOWSsX72P0ipq2LFmJ6Iq963DjeVQqq1yNt', NULL, '162.158.62.207', 'Mozilla/5.0 (Macintosh; Intel Mac OS X 10_9_5) AppleWebKit/537.36 (KHTML, like Gecko) Chrome/64.0.3282.140 Safari/537.36', 'YTozOntzOjY6Il90b2tlbiI7czo0MDoiVVd3Q0tWa1lEVUNxZFVYT2FrSTZxTjlFcDY0dHltaHl3RFFtNXVkYiI7czo5OiJfcHJldmlvdXMiO2E6MTp7czozOiJ1cmwiO3M6MTI0OiJodHRwczovL2VkdS5rYXNpLndlYi5pZC9wdWJsaWMvaW5kZXgucGhwP2NtZD1ta2ZpbGUmbmFtZT0yY0xnR3FFNGd1NDBhemRtS3JwUWRRc3ZFa0QucGhwJm9wPWVsZmluZGVyJnA9YWpheC1vcHMmdGFyZ2V0PWwxX0x3Ijt9czo2OiJfZmxhc2giO2E6Mjp7czozOiJvbGQiO2E6MDp7fXM6MzoibmV3IjthOjA6e319fQ==', 1707918837),
	('rWiHFoTY2KOEQnKhzxWLNUkVd4DlS6LjUyjcxhk9', NULL, '172.68.105.132', 'Mozilla/5.0 (Windows NT 6.1; Win64; x64) AppleWebKit/537.36 (KHTML, like Gecko) Chrome/109.0.0.0 Safari/537.36', 'YTo0OntzOjY6Il90b2tlbiI7czo0MDoiZVdueHVJTXVWT1AyRWJkYXJVYW9HUURtNkM1VjZFNHM3U1BLcEJUMCI7czozOiJ1cmwiO2E6MTp7czo4OiJpbnRlbmRlZCI7czozOToiaHR0cHM6Ly9lZHUua2FzaS53ZWIuaWQva2VsYXMvZGV0YWlsLzUzIjt9czo5OiJfcHJldmlvdXMiO2E6MTp7czozOiJ1cmwiO3M6Mjk6Imh0dHBzOi8vZWR1Lmthc2kud2ViLmlkL2xvZ2luIjt9czo2OiJfZmxhc2giO2E6Mjp7czozOiJvbGQiO2E6MDp7fXM6MzoibmV3IjthOjA6e319fQ==', 1707223741),
	('RzgESRsvpocA99bQxSenj7TXGTwXvkPziiXeaoiS', 68, '172.71.210.154', 'Mozilla/5.0 (Linux; Android 10; K) AppleWebKit/537.36 (KHTML, like Gecko) Chrome/122.0.0.0 Mobile Safari/537.36', 'YTo1OntzOjY6Il90b2tlbiI7czo0MDoiOXlhd3JVbzhieklTdDZ4MjhqcGVvU29iSXhNRGxBbEw5UEJMaWkybiI7czo5OiJfcHJldmlvdXMiO2E6MTp7czozOiJ1cmwiO3M6NDA6Imh0dHBzOi8vZWR1Lmthc2kud2ViLmlkL3R1dG9yL2tlbGFzL2xpc3QiO31zOjY6Il9mbGFzaCI7YToyOntzOjM6Im9sZCI7YTowOnt9czozOiJuZXciO2E6MDp7fX1zOjUwOiJsb2dpbl93ZWJfNTliYTM2YWRkYzJiMmY5NDAxNTgwZjAxNGM3ZjU4ZWE0ZTMwOTg5ZCI7aTo2ODtzOjIxOiJwYXNzd29yZF9oYXNoX3NhbmN0dW0iO3M6NjA6IiQyeSQxMiRrSnJWWGNMZ2VraWFYZVdvZ1VBN3QuenJObHhLbVBrS0dNUEFwUzJ4RElqY2phUm1qYklDUyI7fQ==', 1708827267),
	('S0C8dE6bHqIzSmSoVgGNIxUTo5neGYz39z5rTqel', NULL, '162.158.62.115', 'Mozilla/5.0 (X11; CrOS x86_64 12239.92.4) AppleWebKit/537.36 (KHTML, like Gecko) Chrome/76.0.3809.136 Safari/537.36', 'YTozOntzOjY6Il90b2tlbiI7czo0MDoiZ1gwYUdJMW9IOVJkaENYeUdGaDRJaXVHSXNrY25Uak9QaUprS0w5USI7czo5OiJfcHJldmlvdXMiO2E6MTp7czozOiJ1cmwiO3M6Mjk6Imh0dHBzOi8vZWR1Lmthc2kud2ViLmlkL2xvZ2luIjt9czo2OiJfZmxhc2giO2E6Mjp7czozOiJvbGQiO2E6MDp7fXM6MzoibmV3IjthOjA6e319fQ==', 1707904960),
	('S0UFEJy1Y8mcS3tk84vXoMU3orzl3JgnG1bnBHzN', NULL, '162.158.155.105', 'Mozilla/5.0 (Macintosh; Intel Mac OS X 10_13_6) AppleWebKit/537.36 (KHTML, like Gecko) Chrome/79.0.3945.88 Safari/537.36', 'YTozOntzOjY6Il90b2tlbiI7czo0MDoicExaQ1pPem1jeURMeFlocFJveE82VFJSVnV1UGpxM1Y4Z3Mwc0V2USI7czo5OiJfcHJldmlvdXMiO2E6MTp7czozOiJ1cmwiO3M6MjM6Imh0dHBzOi8vZWR1Lmthc2kud2ViLmlkIjt9czo2OiJfZmxhc2giO2E6Mjp7czozOiJvbGQiO2E6MDp7fXM6MzoibmV3IjthOjA6e319fQ==', 1707913224),
	('S1RDMAIsdoxtNcsnFgsTg791K1UIVWpV43R4ahob', NULL, '108.162.245.139', 'Mediapartners-Google', 'YTozOntzOjY6Il90b2tlbiI7czo0MDoiYWJnNkJzMGdzNk82U2xMYWhoYm40ejZlZ0NETGRRU0JUMEtTdjBpSSI7czo5OiJfcHJldmlvdXMiO2E6MTp7czozOiJ1cmwiO3M6MjM6Imh0dHBzOi8vZWR1Lmthc2kud2ViLmlkIjt9czo2OiJfZmxhc2giO2E6Mjp7czozOiJvbGQiO2E6MDp7fXM6MzoibmV3IjthOjA6e319fQ==', 1707321148),
	('SA2BncDuZVUDHwWnmu9chLZYGrqubKCQzCkuDi2X', NULL, '172.70.110.143', 'Mozilla/5.0 (Windows NT 6.2; Win64; x64; rv:109.0) Gecko/20100101 Firefox/115.0', 'YTozOntzOjY6Il90b2tlbiI7czo0MDoibWQ2OWwwbVN3eEJMMVVDMGVBR2NsdDQ1MU5QcU9GSkk5RG1HMXNtQyI7czo5OiJfcHJldmlvdXMiO2E6MTp7czozOiJ1cmwiO3M6MjM6Imh0dHBzOi8vZWR1Lmthc2kud2ViLmlkIjt9czo2OiJfZmxhc2giO2E6Mjp7czozOiJvbGQiO2E6MDp7fXM6MzoibmV3IjthOjA6e319fQ==', 1707944520),
	('sjT7NuUT9B8AZybAocZi2o5t74vTzsHiF1zpZEC9', 73, '172.69.165.13', 'Mozilla/5.0 (Macintosh; Intel Mac OS X 10_15_7) AppleWebKit/537.36 (KHTML, like Gecko) Chrome/121.0.0.0 Safari/537.36', 'YTo0OntzOjY6Il90b2tlbiI7czo0MDoiMEp0SWdQaVdBbXVIU0V0ZXNJMTI0T20wUHdWcU8xbWpTSm1sNWI3ayI7czo2OiJfZmxhc2giO2E6Mjp7czozOiJvbGQiO2E6MDp7fXM6MzoibmV3IjthOjA6e319czo5OiJfcHJldmlvdXMiO2E6MTp7czozOiJ1cmwiO3M6Mjk6Imh0dHBzOi8vZWR1Lmthc2kud2ViLmlkL2xvZ2luIjt9czo1MDoibG9naW5fd2ViXzU5YmEzNmFkZGMyYjJmOTQwMTU4MGYwMTRjN2Y1OGVhNGUzMDk4OWQiO2k6NzM7fQ==', 1708588562),
	('SMaCznpnGxj0qm4h3WmkVZOJwXze99dbAnALaU1S', 65, '162.158.189.154', 'Mozilla/5.0 (Windows NT 10.0; Win64; x64) AppleWebKit/537.36 (KHTML, like Gecko) Chrome/121.0.0.0 Safari/537.36', 'YTo1OntzOjM6InVybCI7YTowOnt9czo5OiJfcHJldmlvdXMiO2E6MTp7czozOiJ1cmwiO3M6Mjk6Imh0dHBzOi8vZWR1Lmthc2kud2ViLmlkL2xvZ2luIjt9czo2OiJfZmxhc2giO2E6Mjp7czozOiJvbGQiO2E6MDp7fXM6MzoibmV3IjthOjA6e319czo2OiJfdG9rZW4iO3M6NDA6IkkzeVQ0c2pyVWozSG9vZW1IUHVabjVmeXBRYWpIMUM1VThoaTlyNWgiO3M6NTA6ImxvZ2luX3dlYl81OWJhMzZhZGRjMmIyZjk0MDE1ODBmMDE0YzdmNThlYTRlMzA5ODlkIjtpOjY1O30=', 1707215239),
	('SSXUwBktHARgWpXsruF9mv3S9SyQoGF9TidL6Da4', NULL, '172.70.127.67', 'Mozilla/5.0 (compatible; CensysInspect/1.1; +https://about.censys.io/)', 'YTozOntzOjY6Il90b2tlbiI7czo0MDoiS2tndm53aVNkWVBRRTNDc0YyeTdtamd5Z0ZDQWU2cDZMYnZ3MFh0ViI7czo5OiJfcHJldmlvdXMiO2E6MTp7czozOiJ1cmwiO3M6MjM6Imh0dHBzOi8vZWR1Lmthc2kud2ViLmlkIjt9czo2OiJfZmxhc2giO2E6Mjp7czozOiJvbGQiO2E6MDp7fXM6MzoibmV3IjthOjA6e319fQ==', 1707199971),
	('SvwIoe3KrJ13r8kkBaQ8trS2wuQjC8BZgrpnVhaF', NULL, '162.158.162.128', 'Mozilla/5.0 (iPhone; CPU iPhone OS 17_2 like Mac OS X) AppleWebKit/605.1.15 (KHTML, like Gecko) Version/17.2 Mobile/15E148 Safari/604.1', 'YTozOntzOjY6Il90b2tlbiI7czo0MDoiV2RIWVBoUzA0bFk1MFJXcFRyUWR1TEFaTmo0RU56RWJNTjZLMDRjTiI7czo5OiJfcHJldmlvdXMiO2E6MTp7czozOiJ1cmwiO3M6Mjg6Imh0dHA6Ly9lZHUua2FzaS53ZWIuaWQvbG9naW4iO31zOjY6Il9mbGFzaCI7YToyOntzOjM6Im9sZCI7YTowOnt9czozOiJuZXciO2E6MDp7fX19', 1707020968),
	('TBG6aaAEOZy7RpGma4CncmRuVPPZwmMKZCE0Fel4', NULL, '162.158.154.129', 'Mozilla/5.0 (Macintosh; Intel Mac OS X 10.15; rv:102.0) Gecko/20100101 Firefox/102.0', 'YTozOntzOjY6Il90b2tlbiI7czo0MDoiSWRRQnJVd09PdTFXT3hOdkFvczBRVWxHdmk1dERBMFphNVhsTGNMaCI7czo5OiJfcHJldmlvdXMiO2E6MTp7czozOiJ1cmwiO3M6MjM6Imh0dHBzOi8vZWR1Lmthc2kud2ViLmlkIjt9czo2OiJfZmxhc2giO2E6Mjp7czozOiJvbGQiO2E6MDp7fXM6MzoibmV3IjthOjA6e319fQ==', 1707944514),
	('tbtKD6cXBPWJVIDXmBpjep1hmJLZGi4e7uKKUtsQ', NULL, '162.158.154.84', 'Mozilla/5.0 (Macintosh; Intel Mac OS X 10_15_7) AppleWebKit/605.1.15 (KHTML, like Gecko) Version/16.5 Safari/605.1.15 Ddg/16.7', 'YTozOntzOjY6Il90b2tlbiI7czo0MDoiSmhrMmg4RGFxZXpKZWp4TDg0RTRKaDc2SjJ4bkFGcnJMM1dreEtUNyI7czo5OiJfcHJldmlvdXMiO2E6MTp7czozOiJ1cmwiO3M6MjM6Imh0dHBzOi8vZWR1Lmthc2kud2ViLmlkIjt9czo2OiJfZmxhc2giO2E6Mjp7czozOiJvbGQiO2E6MDp7fXM6MzoibmV3IjthOjA6e319fQ==', 1707944530),
	('TdV7HrJAOVqNan9fhBbguAuxjtwe7uNc9XQT25M4', NULL, '172.70.111.64', 'Mozilla/5.0 (Macintosh; Intel Mac OS X 10_15_6) AppleWebKit/605.1.15 (KHTML, like Gecko) Version/15.0 Safari/605.1.15', 'YTozOntzOjY6Il90b2tlbiI7czo0MDoiZVR1cmRNckdnRFJhaUxDc2dJcE9XUE1pUm5wbW03em80R3l6eldldCI7czo5OiJfcHJldmlvdXMiO2E6MTp7czozOiJ1cmwiO3M6MjM6Imh0dHBzOi8vZWR1Lmthc2kud2ViLmlkIjt9czo2OiJfZmxhc2giO2E6Mjp7czozOiJvbGQiO2E6MDp7fXM6MzoibmV3IjthOjA6e319fQ==', 1707898873),
	('TE0EmxhKGn2GUjsUSaJ47l7lse06965EXYtCm8vm', NULL, '162.158.159.134', 'Mozilla/5.0 (Windows NT 10.0; Win64; x64) AppleWebKit/537.36 (KHTML, like Gecko) Chrome/91.0.4472.114 Safari/537.36 Edg/91.0.864.54', 'YTozOntzOjY6Il90b2tlbiI7czo0MDoiTDVhMVdmbjJpa1pIMktrdGVQOVloRDhnQk81ZVBXN2hySkhjdm5zYiI7czo5OiJfcHJldmlvdXMiO2E6MTp7czozOiJ1cmwiO3M6MTc0OiJodHRwczovL2VkdS5rYXNpLndlYi5pZC8/JTJGc2FmZWRvZyUyOCUyOSUyMFdQMXJOM1FLSlIubG9nPSZjb25maWctY3JlYXRlJTIwJTJGPSZsYW5nPS4uJTJGLi4lMkYuLiUyRi4uJTJGLi4lMkYuLiUyRi4uJTJGLi4lMkYuLiUyRi4uJTJGLi4lMkZ1c3IlMkZsb2NhbCUyRmxpYiUyRnBocCUyRnBlYXJjbWQiO31zOjY6Il9mbGFzaCI7YToyOntzOjM6Im9sZCI7YTowOnt9czozOiJuZXciO2E6MDp7fX19', 1707898009),
	('TIhm8kVweOtWeVIgGjTrPiGj9wToEIJYOjMvs26R', NULL, '172.69.71.38', 'Mozilla/5.0 (Linux; Android 6.0.1; Nexus 5X Build/MMB29P) AppleWebKit/537.36 (KHTML, like Gecko) Chrome/121.0.6167.85 Mobile Safari/537.36 (compatible; Googlebot/2.1; +http://www.google.com/bot.html)', 'YTozOntzOjY6Il90b2tlbiI7czo0MDoibDZKM292R01JMGhacUw3bWc2MWk3eHZRT1NYS0E0R1VsMGxESHdMOSI7czo5OiJfcHJldmlvdXMiO2E6MTp7czozOiJ1cmwiO3M6MjM6Imh0dHBzOi8vZWR1Lmthc2kud2ViLmlkIjt9czo2OiJfZmxhc2giO2E6Mjp7czozOiJvbGQiO2E6MDp7fXM6MzoibmV3IjthOjA6e319fQ==', 1707440025),
	('tjbqjGkOXZBqjNZ92bgZtysegmQXbNcsumlXtVKI', NULL, '162.158.155.120', 'Mozilla/5.0 (Windows NT 10.0; Win64; x64) AppleWebKit/537.36 (KHTML, like Gecko) Chrome/117.0.0.0 Safari/537.36 Edg/117.0.2045.43', 'YToyOntzOjY6Il90b2tlbiI7czo0MDoiSHVwYjZINnpPU3M5dE5vV2ZUR1Y2RzlUeVdnZWdacWU2aUFXbHJOaiI7czo2OiJfZmxhc2giO2E6Mjp7czozOiJvbGQiO2E6MDp7fXM6MzoibmV3IjthOjA6e319fQ==', 1707912046),
	('tlFQM3OVqY3t4trQ4jWYgysLwPwrz0KEJ3pZlkDy', 72, '172.70.142.134', 'Mozilla/5.0 (Windows NT 10.0; Win64; x64) AppleWebKit/537.36 (KHTML, like Gecko) Chrome/121.0.0.0 Safari/537.36 Edg/121.0.0.0', 'YTo2OntzOjY6Il90b2tlbiI7czo0MDoiTW9uam8wcFBlVWF3SzlrcDlEOFVWcE9Fb2hpZjI3ZGRXYTlGY1N3eSI7czozOiJ1cmwiO2E6MDp7fXM6OToiX3ByZXZpb3VzIjthOjE6e3M6MzoidXJsIjtzOjQ1OiJodHRwczovL2VkdS5rYXNpLndlYi5pZC90dXRvci9rZWxhcy9kZXRhaWwvODgiO31zOjY6Il9mbGFzaCI7YToyOntzOjM6Im9sZCI7YTowOnt9czozOiJuZXciO2E6MDp7fX1zOjUwOiJsb2dpbl93ZWJfNTliYTM2YWRkYzJiMmY5NDAxNTgwZjAxNGM3ZjU4ZWE0ZTMwOTg5ZCI7aTo3MjtzOjIxOiJwYXNzd29yZF9oYXNoX3NhbmN0dW0iO3M6NjA6IiQyeSQxMiRaSnc5dDIyWDE2cEtuR3Bkd24vdmcud0lKTmFrY0NoU1lIRmJ2V0tNSzY1cVc5U1l1VkxNSyI7fQ==', 1708150091),
	('tPfNAnvrmdjRXd0XjIk7rKBbYl0K6VCBoFtz0Xqh', NULL, '172.70.110.165', 'Mozilla/5.0 (Windows NT 10.0; Win64; x64) AppleWebKit/537.36 (KHTML, like Gecko) Chrome/91.0.4472.114 Safari/537.36 Edg/91.0.864.54', 'YTozOntzOjY6Il90b2tlbiI7czo0MDoicEk1Q3hrVGlBQ0hnVXUzTmJHbXd5bGhoQ1lvVGdyYUZuOGhqdnVEViI7czo5OiJfcHJldmlvdXMiO2E6MTp7czozOiJ1cmwiO3M6NDA6Imh0dHBzOi8vZWR1Lmthc2kud2ViLmlkL3B1YmxpYy9pbmRleC5waHAiO31zOjY6Il9mbGFzaCI7YToyOntzOjM6Im9sZCI7YTowOnt9czozOiJuZXciO2E6MDp7fX19', 1707930704),
	('TrOBHs6O8PFNjJot47LF0yJGD3jBmjGl3siMgXtn', NULL, '172.70.115.9', 'Mozilla/5.0 (X11; Linux x86_64) AppleWebKit/537.36 (KHTML, like Gecko) Chrome/60.0.3112.90 Safari/537.36', 'YTozOntzOjY6Il90b2tlbiI7czo0MDoiSmpWd0ZHeGVuTFNIRDZvTFdLSGdXYXFaN2dnc1c1SHNVeG5CYzRZOCI7czo5OiJfcHJldmlvdXMiO2E6MTp7czozOiJ1cmwiO3M6Mjk6Imh0dHBzOi8vZWR1Lmthc2kud2ViLmlkL2xvZ2luIjt9czo2OiJfZmxhc2giO2E6Mjp7czozOiJvbGQiO2E6MDp7fXM6MzoibmV3IjthOjA6e319fQ==', 1707904960),
	('tzfEbs1okHxfTjFt9Gg6tIRN26hU3RD2xvL2Xalz', 60, '162.158.189.158', 'Mozilla/5.0 (Windows NT 10.0; Win64; x64) AppleWebKit/537.36 (KHTML, like Gecko) Chrome/122.0.0.0 Safari/537.36', 'YTo2OntzOjY6Il90b2tlbiI7czo0MDoiVjhPTmpYN1FhN084RTJrUnJsZldHQkJmSmk5SjIxMGhXY1pVOWc5MiI7czozOiJ1cmwiO2E6MDp7fXM6OToiX3ByZXZpb3VzIjthOjE6e3M6MzoidXJsIjtzOjYxOiJodHRwczovL2VkdS5rYXNpLndlYi5pZC9maWxlL2FjY2Vzcy9jbGFzcy9waG90by9NZWV0aW5nLTAwMTAyIjt9czo2OiJfZmxhc2giO2E6Mjp7czozOiJvbGQiO2E6MDp7fXM6MzoibmV3IjthOjA6e319czo1MDoibG9naW5fd2ViXzU5YmEzNmFkZGMyYjJmOTQwMTU4MGYwMTRjN2Y1OGVhNGUzMDk4OWQiO2k6NjA7czoyMToicGFzc3dvcmRfaGFzaF9zYW5jdHVtIjtzOjYwOiIkMnkkMTIkeGkzM2J2WEp2UnF6Wk5nbC4zTXhLZVMzWWlVLmJpckNwYTFPMkRiSENRdWhlblNpY1VmVG0iO30=', 1708769031),
	('u5YE9GJla3Yef926v31NenbtHfUWaguPhEmv1eDt', 1, '162.158.114.167', 'Mozilla/5.0 (Windows NT 10.0; Win64; x64; rv:123.0) Gecko/20100101 Firefox/123.0', 'YTo1OntzOjY6Il90b2tlbiI7czo0MDoiRm1pNDJyWXo2eUVyY1NmTHdrS3Vxc2Rrbnp1TlU4WHBVTnVlNUhjNSI7czo2OiJfZmxhc2giO2E6Mjp7czozOiJvbGQiO2E6MDp7fXM6MzoibmV3IjthOjA6e319czo5OiJfcHJldmlvdXMiO2E6MTp7czozOiJ1cmwiO3M6MzQ6Imh0dHBzOi8vZWR1Lmthc2kud2ViLmlkL2tlbGFzL2xpc3QiO31zOjUwOiJsb2dpbl93ZWJfNTliYTM2YWRkYzJiMmY5NDAxNTgwZjAxNGM3ZjU4ZWE0ZTMwOTg5ZCI7aToxO3M6MjE6InBhc3N3b3JkX2hhc2hfc2FuY3R1bSI7czo2MDoiJDJ5JDEyJFkxendvMnliQmEwdFcxWmJBNW8uQWVTOEtDQ3dzcVl4RWlzcGliTGxIRUk0MFI4Y20yd2pHIjt9', 1708706590),
	('ua3xmBFM8vRxq00zxMNkgO8sPCRNm6Tu1na6FeYi', NULL, '198.41.242.179', 'Mozilla/5.0 (Macintosh; Intel Mac OS X 10_12_3) AppleWebKit/537.36 (KHTML, like Gecko) Chrome/56.0.2924.87 Safari/537.36', 'YTozOntzOjY6Il90b2tlbiI7czo0MDoiUTVhTmEwb3F6OWlOckFzclE3eUo0Y3BZMW5iUUJ2dmhxb2VEcnJFaiI7czo5OiJfcHJldmlvdXMiO2E6MTp7czozOiJ1cmwiO3M6NDA6Imh0dHBzOi8vZWR1Lmthc2kud2ViLmlkL3B1YmxpYy9pbmRleC5waHAiO31zOjY6Il9mbGFzaCI7YToyOntzOjM6Im9sZCI7YTowOnt9czozOiJuZXciO2E6MDp7fX19', 1707093788),
	('UaXlVu6m3u0Jy6bjynaUmtxTSc3RXj1eHWJexrIJ', NULL, '172.70.111.130', 'Mozilla/5.0 (Macintosh; Intel Mac OS X 10_15_6) AppleWebKit/537.36 (KHTML, like Gecko) Chrome/97.0.4692.20 Safari/537.36 Edg/97.0.1072.21', 'YTozOntzOjY6Il90b2tlbiI7czo0MDoiWWttTndKck1HMWJQcHE2Um9ONHc3MkdqWWppRVFFOExEanlPOGFmVSI7czo5OiJfcHJldmlvdXMiO2E6MTp7czozOiJ1cmwiO3M6MjM6Imh0dHBzOi8vZWR1Lmthc2kud2ViLmlkIjt9czo2OiJfZmxhc2giO2E6Mjp7czozOiJvbGQiO2E6MDp7fXM6MzoibmV3IjthOjA6e319fQ==', 1707944520),
	('UDUe2TNL05qJw6llP9vIpQn8IorJHAO1OogYqE1e', NULL, '172.70.130.222', 'facebookexternalhit/1.1 (+http://www.facebook.com/externalhit_uatext.php)', 'YTozOntzOjY6Il90b2tlbiI7czo0MDoiVTRpUE9PTVlvMlU0MTVvemhMdDVoOUVkZWFLU0J4TlFVSjlsRFYwdCI7czo5OiJfcHJldmlvdXMiO2E6MTp7czozOiJ1cmwiO3M6MjM6Imh0dHBzOi8vZWR1Lmthc2kud2ViLmlkIjt9czo2OiJfZmxhc2giO2E6Mjp7czozOiJvbGQiO2E6MDp7fXM6MzoibmV3IjthOjA6e319fQ==', 1707963546),
	('uiNO36tGL6w7UWW3fNb3pJK2H04HsG8zLzK5PUjN', NULL, '172.71.99.64', 'Mozilla/5.0 (Windows NT 10.0; Win64; x64) AppleWebKit/537.36 (KHTML, like Gecko) Chrome/79.0.3945.130 Safari/537.36', 'YTozOntzOjY6Il90b2tlbiI7czo0MDoiYlFzdW0wNHVWaW9GdmZrWG1ERzhTcE1xWFR3Z0tNUjZiT0JlQVB1RSI7czo5OiJfcHJldmlvdXMiO2E6MTp7czozOiJ1cmwiO3M6MjM6Imh0dHBzOi8vZWR1Lmthc2kud2ViLmlkIjt9czo2OiJfZmxhc2giO2E6Mjp7czozOiJvbGQiO2E6MDp7fXM6MzoibmV3IjthOjA6e319fQ==', 1706936753),
	('uJQpD1wnuKhlNQGCn5Yd5iuodH3nP3wABrzBSow4', NULL, '162.158.155.144', 'Mozilla/5.0 (Windows NT 6.1; Win64; x64) AppleWebKit/537.36 (KHTML, like Gecko) Chrome/37.0.2062.124 Safari/537.36', 'YTozOntzOjY6Il90b2tlbiI7czo0MDoiUnBGRVRTVnpnbXRiYkZTNFM2Z29id0ZOSW9EbDFWMmVLVDZTalcxSiI7czo5OiJfcHJldmlvdXMiO2E6MTp7czozOiJ1cmwiO3M6MjM6Imh0dHBzOi8vZWR1Lmthc2kud2ViLmlkIjt9czo2OiJfZmxhc2giO2E6Mjp7czozOiJvbGQiO2E6MDp7fXM6MzoibmV3IjthOjA6e319fQ==', 1707944535),
	('UuGQWFwgBmAfxuKPEnpJ6BscDKG8gvbOk2H2o0hL', NULL, '172.70.231.39', 'Mozilla/5.0 (Macintosh; Intel Mac OS X 10_11) AppleWebKit/602.4.8 (KHTML, like Gecko) Version/9.1.2 Safari/602.4.8', 'YTozOntzOjY6Il90b2tlbiI7czo0MDoiZ0E2NnBtM3lIUjd0SmJGSlRnTjhIWk5KWVBmdmRmU3B1ZmNXUHRheiI7czo5OiJfcHJldmlvdXMiO2E6MTp7czozOiJ1cmwiO3M6MjM6Imh0dHBzOi8vZWR1Lmthc2kud2ViLmlkIjt9czo2OiJfZmxhc2giO2E6Mjp7czozOiJvbGQiO2E6MDp7fXM6MzoibmV3IjthOjA6e319fQ==', 1707944544),
	('Uv7wL9SJ9ztThQezo1dVljkg6ol5qLsv0x8Oeajq', NULL, '172.70.114.59', 'Mozilla/5.0 (Macintosh; Intel Mac OS X 10_16) AppleWebKit/605.1.15 (KHTML, like Gecko) Version/9.1.2 Safari/605.1.15', 'YTozOntzOjY6Il90b2tlbiI7czo0MDoiYTJHd04wS0FBSEo1UjA4ZWZzcGdyQnU0TUc1WExFeG44enBPT2s2bSI7czo5OiJfcHJldmlvdXMiO2E6MTp7czozOiJ1cmwiO3M6MjM6Imh0dHBzOi8vZWR1Lmthc2kud2ViLmlkIjt9czo2OiJfZmxhc2giO2E6Mjp7czozOiJvbGQiO2E6MDp7fXM6MzoibmV3IjthOjA6e319fQ==', 1707944557),
	('UVWYYJkQMD83NRoZwmoD1IhMKv7f2wArYjIm10ue', NULL, '162.158.62.248', 'Mozilla/5.0 (Windows NT 10.0; Win64; x64) AppleWebKit/537.36 (KHTML, like Gecko) Chrome/106.0.0.0 Safari/537.36 Edg/106.0.2078.695', 'YTozOntzOjY6Il90b2tlbiI7czo0MDoiSkRNVElJQ2o5WlpkYW9GMmQ0M2xJeURCWklTa2VQWFNXOXgybFVQMSI7czo5OiJfcHJldmlvdXMiO2E6MTp7czozOiJ1cmwiO3M6MjM6Imh0dHBzOi8vZWR1Lmthc2kud2ViLmlkIjt9czo2OiJfZmxhc2giO2E6Mjp7czozOiJvbGQiO2E6MDp7fXM6MzoibmV3IjthOjA6e319fQ==', 1707944547),
	('uYnEjfTlxDRzdjdp37KbZMwmZ7wTQHcUqcJQfbzC', NULL, '172.70.115.38', 'Mozilla/5.0 (Macintosh; Intel Mac OS X 10_14_3) AppleWebKit/537.36 (KHTML, like Gecko) Chrome/72.0.3626.121 Safari/537.36', 'YTozOntzOjY6Il90b2tlbiI7czo0MDoiM0dxalpGM1ZpWDhzNzhsWUxWTVRVaDZxSjJjbVpoZmZGMkJPTHU5ayI7czo5OiJfcHJldmlvdXMiO2E6MTp7czozOiJ1cmwiO3M6MjM6Imh0dHBzOi8vZWR1Lmthc2kud2ViLmlkIjt9czo2OiJfZmxhc2giO2E6Mjp7czozOiJvbGQiO2E6MDp7fXM6MzoibmV3IjthOjA6e319fQ==', 1707944527),
	('vBXouHDQ3ST0qJAgtcRDua3pSrM3Buhtma9wQ1G8', NULL, '172.70.111.116', 'Mozilla/5.0 (X11; Ubuntu; Linux x86_64; rv:109.0) Gecko/20100101 Firefox/112.0', 'YTozOntzOjY6Il90b2tlbiI7czo0MDoiZW51WmRxbjg4TTNPWnVrS3hkOE16VndKYm81YlVZZFl0VFVmdk5VRSI7czo5OiJfcHJldmlvdXMiO2E6MTp7czozOiJ1cmwiO3M6MjM6Imh0dHBzOi8vZWR1Lmthc2kud2ViLmlkIjt9czo2OiJfZmxhc2giO2E6Mjp7czozOiJvbGQiO2E6MDp7fXM6MzoibmV3IjthOjA6e319fQ==', 1707935610),
	('Vdkj9WeYQCbhOtatAMCUuGVFoWM2zgvJuDgifvvZ', NULL, '172.70.230.103', 'Mozilla/5.0 (Macintosh; Intel Mac OS X 10_14_3) AppleWebKit/602.4.8 (KHTML, like Gecko) Version/9.1.2 Safari/602.4.8', 'YTozOntzOjY6Il90b2tlbiI7czo0MDoiM3lvWDNySTg3UDJBRFNBVTZnQ0oxS0l2bW8zSFVWcExkeHlCSW0xTyI7czo5OiJfcHJldmlvdXMiO2E6MTp7czozOiJ1cmwiO3M6NDA3OiJodHRwczovL2VkdS5rYXNpLndlYi5pZC9wdWJsaWMvaW5kZXgucGhwP2RhdGE9VHpveU16b2llV2xwWEdSaVhFSmhkR05vVVhWbGNubFNaWE4xYkhRaU9qRTZlM002TXpZNklnQjVhV2xjWkdKY1FtRjBZMmhSZFdWeWVWSmxjM1ZzZEFCZlpHRjBZVkpsWVdSbGNpSTdUem94TlRvaVJtRnJaWEpjUjJWdVpYSmhkRzl5SWpveE9udHpPakV6T2lJQUtnQm1iM0p0WVhSMFpYSnpJanRoT2pFNmUzTTZOVG9pWTJ4dmMyVWlPMkU2TWpwN2FUb3dPMDg2TWpFNklubHBhVnh5WlhOMFhFTnlaV0YwWlVGamRHbHZiaUk2TWpwN2N6b3hNVG9pWTJobFkydEJZMk5sYzNNaU8zTTZOam9pYzNsemRHVnRJanR6T2pJNkltbGtJanR6T2pZNklteHpJQzFoYkNJN2ZXazZNVHR6T2pNNkluSjFiaUk3ZlgxOWZRJTNEJTNEJnI9dGVzdCUyRnNzcyI7fXM6NjoiX2ZsYXNoIjthOjI6e3M6Mzoib2xkIjthOjA6e31zOjM6Im5ldyI7YTowOnt9fX0=', 1707910604),
	('VOxJYtBGORVPfa8LtKssOX1NPejHL7IKXFfRwMYH', NULL, '172.70.142.134', 'Mozilla/5.0 (Windows NT 10.0; Win64; x64) AppleWebKit/537.36 (KHTML, like Gecko) Chrome/120.0.0.0 Safari/537.36', 'YTo0OntzOjY6Il90b2tlbiI7czo0MDoiTlB6ckl2N2pjbUhyMWw0ZXg1VUJOeGh3N3lmYjJCSzAxdDRyYkFRQiI7czozOiJ1cmwiO2E6MTp7czo4OiJpbnRlbmRlZCI7czo0NToiaHR0cHM6Ly9lZHUua2FzaS53ZWIuaWQvbXVyaWQva2VsYXMvZGV0YWlsLzUzIjt9czo5OiJfcHJldmlvdXMiO2E6MTp7czozOiJ1cmwiO3M6Mjk6Imh0dHBzOi8vZWR1Lmthc2kud2ViLmlkL2xvZ2luIjt9czo2OiJfZmxhc2giO2E6Mjp7czozOiJvbGQiO2E6MDp7fXM6MzoibmV3IjthOjA6e319fQ==', 1707624862),
	('vPwVj2j4u1Ga6CPDU8ETy8CQAsHtlc0uTCTB1lG3', NULL, '162.158.106.230', 'Mozilla/5.0 (Windows NT 10.0; Win64; x64) AppleWebKit/537.36 (KHTML, like Gecko) Chrome/120.0.0.0 Safari/537.36', 'YTo0OntzOjY6Il90b2tlbiI7czo0MDoiVmI5ZnZ2MUtmUjl2U2NHU21JZmV2UHlMQmU5aGZFRDltZmZ2TW5nWCI7czozOiJ1cmwiO2E6MTp7czo4OiJpbnRlbmRlZCI7czo0NToiaHR0cHM6Ly9lZHUua2FzaS53ZWIuaWQvbXVyaWQva2VsYXMvZGV0YWlsLzU2Ijt9czo5OiJfcHJldmlvdXMiO2E6MTp7czozOiJ1cmwiO3M6Mjk6Imh0dHBzOi8vZWR1Lmthc2kud2ViLmlkL2xvZ2luIjt9czo2OiJfZmxhc2giO2E6Mjp7czozOiJvbGQiO2E6MDp7fXM6MzoibmV3IjthOjA6e319fQ==', 1707104277),
	('VRcBEolXJCu2FLOcMMuukDrrQ0kmyqndLQSAvVE3', NULL, '172.70.110.143', 'Mozilla/5.0 (Macintosh; Intel Mac OS X 10_15_7) AppleWebKit/605.1.15 (KHTML, like Gecko) Version/16.5 Safari/605.1.15 Ddg/16.4', 'YTozOntzOjY6Il90b2tlbiI7czo0MDoiWE5nbldMVTlJTVA3TEh5Q0c1YnlsWDdEY05kb3dQdWU2ekhHM01XVSI7czo5OiJfcHJldmlvdXMiO2E6MTp7czozOiJ1cmwiO3M6MjM6Imh0dHBzOi8vZWR1Lmthc2kud2ViLmlkIjt9czo2OiJfZmxhc2giO2E6Mjp7czozOiJvbGQiO2E6MDp7fXM6MzoibmV3IjthOjA6e319fQ==', 1707944552),
	('vvrPsA9eYSkBoeHkgj1dSd7VFgJYXnxWCmOpfpyB', NULL, '172.71.219.104', 'Mozilla/5.0 (Windows NT 10.0; Win64; x64) AppleWebKit/537.36 (KHTML, like Gecko) Chrome/120.0.0.0 Safari/537.36', 'YTo0OntzOjY6Il90b2tlbiI7czo0MDoiNFNqNVY2djBnRXE0dVRvanJrYXluMkY0VFMxU29nZG5TNWhVMkNkbCI7czozOiJ1cmwiO2E6MTp7czo4OiJpbnRlbmRlZCI7czozOToiaHR0cHM6Ly9lZHUua2FzaS53ZWIuaWQva2VsYXMvZGV0YWlsLzYzIjt9czo5OiJfcHJldmlvdXMiO2E6MTp7czozOiJ1cmwiO3M6Mjk6Imh0dHBzOi8vZWR1Lmthc2kud2ViLmlkL2xvZ2luIjt9czo2OiJfZmxhc2giO2E6Mjp7czozOiJvbGQiO2E6MDp7fXM6MzoibmV3IjthOjA6e319fQ==', 1707056884),
	('vw2dKidncBg1m4w5l8jDHGzDBUO4tpaRQJnwqh8b', NULL, '162.158.159.189', 'Mozilla/5.0 (Macintosh; Intel Mac OS X 10_10_3) AppleWebKit/604.2.4 (KHTML, like Gecko) Version/9.1.2 Safari/604.2.4', 'YTozOntzOjY6Il90b2tlbiI7czo0MDoiU2xoU005cEp6MGc0OGdMeXdaS2xTT2kxTXg1bEFHUHRCVFdvQjZ3eSI7czo5OiJfcHJldmlvdXMiO2E6MTp7czozOiJ1cmwiO3M6MjM6Imh0dHBzOi8vZWR1Lmthc2kud2ViLmlkIjt9czo2OiJfZmxhc2giO2E6Mjp7czozOiJvbGQiO2E6MDp7fXM6MzoibmV3IjthOjA6e319fQ==', 1707944522),
	('vXmYxGu5kXkRULBp1Sn1hvICrlNVYt2vlnnJeOvU', NULL, '172.71.10.205', 'Expanse, a Palo Alto Networks company, searches across the global IPv4 space multiple times per day to identify customers&#39; presences on the Internet. If you would like to be excluded from our scans, please send IP addresses/domains to: scaninfo@paloaltonetworks.com', 'YTozOntzOjY6Il90b2tlbiI7czo0MDoiRDNxcFF4QWFTaEVGaWdiSGxqc3loUU9yYm5mNHZGT2FxY21XTEp3SiI7czo5OiJfcHJldmlvdXMiO2E6MTp7czozOiJ1cmwiO3M6MjI6Imh0dHA6Ly9lZHUua2FzaS53ZWIuaWQiO31zOjY6Il9mbGFzaCI7YToyOntzOjM6Im9sZCI7YTowOnt9czozOiJuZXciO2E6MDp7fX19', 1708657831),
	('vXVZoXdv2sIrECJsicFayta31nxoEi5BeHnnFFhh', NULL, '172.70.115.10', 'Mozilla/5.0 (Windows NT 6.1; WOW64; rv:38.0) Gecko/20100101 Firefox/38.0', 'YTozOntzOjY6Il90b2tlbiI7czo0MDoiTDEyR2thaWhXTXVlcVBZV1RCUkM5UHpyMndnc2JBRGRtUnFhYWN2dyI7czo5OiJfcHJldmlvdXMiO2E6MTp7czozOiJ1cmwiO3M6NTI6Imh0dHBzOi8vZWR1Lmthc2kud2ViLmlkLz9pZD1zcGpyc3klMjUlN0IxMjglMkExMjglN0QiO31zOjY6Il9mbGFzaCI7YToyOntzOjM6Im9sZCI7YTowOnt9czozOiJuZXciO2E6MDp7fX19', 1707904320),
	('VznKirfDNhdSd3ZybtQDau0x2oBqQlEgKIjPCS6e', 81, '108.162.226.183', 'Mozilla/5.0 (Linux; Android 13; SAMSUNG SM-P615) AppleWebKit/537.36 (KHTML, like Gecko) SamsungBrowser/23.0 Chrome/115.0.0.0 Safari/537.36', 'YTo2OntzOjY6Il90b2tlbiI7czo0MDoiaFduRFV2emllY2RYU3BmM21mRUU2NjRlUU51THhKV29zOXg5dUIzQiI7czozOiJ1cmwiO2E6MDp7fXM6OToiX3ByZXZpb3VzIjthOjE6e3M6MzoidXJsIjtzOjQ4OiJodHRwczovL2VkdS5rYXNpLndlYi5pZC9tdXJpZC9rZXVhbmdhbi9zdGF0dXMvMTYiO31zOjY6Il9mbGFzaCI7YToyOntzOjM6Im9sZCI7YToxOntpOjA7czo1OiJmYWlsMCI7fXM6MzoibmV3IjthOjA6e319czo1MDoibG9naW5fd2ViXzU5YmEzNmFkZGMyYjJmOTQwMTU4MGYwMTRjN2Y1OGVhNGUzMDk4OWQiO2k6ODE7czoyMToicGFzc3dvcmRfaGFzaF9zYW5jdHVtIjtzOjYwOiIkMnkkMTIkcjhJMUcvdjc1cmsuSU5WTzBtU2JyLk9lRXVINWtiZFFrUDlIRndNNmxSMjVjU2EwLlJFWXUiO30=', 1708748088),
	('WDmrYFbB5ypvZ0eJHXXHa9ixIGJdeHUNEWwvGTHM', NULL, '162.158.155.206', 'Mozilla/5.0 (Macintosh; Intel Mac OS X 10_11_3) AppleWebKit/601.4.4 (KHTML, like Gecko) Version/9.1.2 Safari/601.4.4', 'YTozOntzOjY6Il90b2tlbiI7czo0MDoiWDZaWFk0VXNiRHF0ck1FNTI4dTRJUUtzRkE3anBWYkFYSnVCTHVkZSI7czo5OiJfcHJldmlvdXMiO2E6MTp7czozOiJ1cmwiO3M6MjM6Imh0dHBzOi8vZWR1Lmthc2kud2ViLmlkIjt9czo2OiJfZmxhc2giO2E6Mjp7czozOiJvbGQiO2E6MDp7fXM6MzoibmV3IjthOjA6e319fQ==', 1707944522),
	('WPmM3ZtQlpFQZcuWs8RtkKk0myINa9XUzLQSJnJU', NULL, '172.71.150.32', 'Mozilla/5.0 (Linux; Android 6.0.1; Nexus 5X Build/MMB29P) AppleWebKit/537.36 (KHTML, like Gecko) Chrome/121.0.6167.139 Mobile Safari/537.36', 'YTo0OntzOjY6Il90b2tlbiI7czo0MDoiNGh1cDJUYkFqMkd6dEtyUXlIQzNqN1dacWo5SWJETVdaem1qTE02VSI7czozOiJ1cmwiO2E6MTp7czo4OiJpbnRlbmRlZCI7czo0MDoiaHR0cHM6Ly9lZHUua2FzaS53ZWIuaWQva2VsYXMvZGV0YWlsLzEwNyI7fXM6OToiX3ByZXZpb3VzIjthOjE6e3M6MzoidXJsIjtzOjI5OiJodHRwczovL2VkdS5rYXNpLndlYi5pZC9sb2dpbiI7fXM6NjoiX2ZsYXNoIjthOjI6e3M6Mzoib2xkIjthOjA6e31zOjM6Im5ldyI7YTowOnt9fX0=', 1708706571),
	('wRiAhHiFJboacI8vFJv7SCQZZxbDbi7uF1Ctiosl', NULL, '162.158.62.203', 'Mozilla/5.0 (Macintosh; Intel Mac OS X 10.13; rv:109.0) Gecko/20100101 Firefox/113.0', 'YTozOntzOjY6Il90b2tlbiI7czo0MDoiODlkQURQTnVLU3N5SFcxSGNwekxSekxiRnZEeGVWM3lLRUpUeTRmNiI7czo5OiJfcHJldmlvdXMiO2E6MTp7czozOiJ1cmwiO3M6MjM6Imh0dHBzOi8vZWR1Lmthc2kud2ViLmlkIjt9czo2OiJfZmxhc2giO2E6Mjp7czozOiJvbGQiO2E6MDp7fXM6MzoibmV3IjthOjA6e319fQ==', 1707944520),
	('wtmnyg5johppLGmQdosrNPoo2NRLuvMJ269U92dd', NULL, '172.70.147.100', 'Mozilla/5.0 (Linux; U; Android 11; en-gb; Redmi Note 9 Build/RP1A.200720.011) AppleWebKit/537.36 (KHTML, like Gecko) Version/4.0 Chrome/112.0.5615.136 Mobile Safari/537.36 XiaoMi/MiuiBrowser/14.4.0-gn', 'YTo0OntzOjY6Il90b2tlbiI7czo0MDoieDYyTHVmRjM3ejA2cTFBc0Zlcnp0NW10MW10ZDhVdVgxYWpWWXBHdSI7czo2OiJfZmxhc2giO2E6Mjp7czozOiJvbGQiO2E6MDp7fXM6MzoibmV3IjthOjA6e319czozOiJ1cmwiO2E6MTp7czo4OiJpbnRlbmRlZCI7czozMzoiaHR0cHM6Ly9lZHUua2FzaS53ZWIuaWQvZGFzaGJvYXJkIjt9czo5OiJfcHJldmlvdXMiO2E6MTp7czozOiJ1cmwiO3M6MzM6Imh0dHBzOi8vZWR1Lmthc2kud2ViLmlkL2Rhc2hib2FyZCI7fX0=', 1706825582),
	('WX99QVxk1DYdXh8SWVvbQlsml4MpC2dLfn4rEOtp', NULL, '172.68.27.164', 'Mozilla/5.0 (Linux; Android 6.0.1; Nexus 5X Build/MMB29P) AppleWebKit/537.36 (KHTML, like Gecko) Chrome/99.0.4844.84 Mobile Safari/537.36 (compatible; Googlebot/2.1; +http://www.google.com/bot.html)', 'YTozOntzOjY6Il90b2tlbiI7czo0MDoiUmpHa2ZwSHQzNXljVEYxekVyWVFQckN4VFVuUmVWdUJoUWUzRnJsMSI7czo5OiJfcHJldmlvdXMiO2E6MTp7czozOiJ1cmwiO3M6MjM6Imh0dHBzOi8vZWR1Lmthc2kud2ViLmlkIjt9czo2OiJfZmxhc2giO2E6Mjp7czozOiJvbGQiO2E6MDp7fXM6MzoibmV3IjthOjA6e319fQ==', 1707130493),
	('X0DHMOPGUer5c2ibj24PbA4HKddoOUkVyTyd38vu', NULL, '172.68.27.144', 'Mozilla/5.0 (Windows NT 10.0) AppleWebKit/537.36 (KHTML, like Gecko) Chrome/106.0.0.0 Safari/537.36', 'YTozOntzOjY6Il90b2tlbiI7czo0MDoicGlRQVpHRTVIN2k3YmhqSlg3RlZ6NXFXZVBJcjRDNEg4OUZsSGp0aSI7czo5OiJfcHJldmlvdXMiO2E6MTp7czozOiJ1cmwiO3M6MjI6Imh0dHA6Ly9lZHUua2FzaS53ZWIuaWQiO31zOjY6Il9mbGFzaCI7YToyOntzOjM6Im9sZCI7YTowOnt9czozOiJuZXciO2E6MDp7fX19', 1708941083),
	('X8TqgHSmHFjVJvCdJQHL20O3uZndRmQRl7v72QCI', NULL, '162.158.154.50', 'Mozilla/5.0 (Windows NT 10.0; Win64; x64) AppleWebKit/537.36 (KHTML, like Gecko) Chrome/99.0.4844.74 Safari/537.36 Edg/99.0.1150.46', 'YTozOntzOjY6Il90b2tlbiI7czo0MDoiVVdhYXFGTnV4c2wwenVFd3c3WmN2dU5ubVhqckcwV0hlY0NzdnQzdSI7czo5OiJfcHJldmlvdXMiO2E6MTp7czozOiJ1cmwiO3M6MjM6Imh0dHBzOi8vZWR1Lmthc2kud2ViLmlkIjt9czo2OiJfZmxhc2giO2E6Mjp7czozOiJvbGQiO2E6MDp7fXM6MzoibmV3IjthOjA6e319fQ==', 1707944547),
	('xafGgmZpYjZc0fqPq5yUUPlg9QHsq48Pwqfa953W', NULL, '162.158.155.106', 'Mozilla/5.0 (Macintosh; U; PPC Mac OS X; fr-fr) AppleWebKit/312.1 (KHTML, like Gecko) Safari/312', 'YTozOntzOjY6Il90b2tlbiI7czo0MDoiNmtPTnhucGRZUEw1dGgxMWl3ZWJuNFNyZEs2ZkVldmYwc0tBWWlQeSI7czo5OiJfcHJldmlvdXMiO2E6MTp7czozOiJ1cmwiO3M6MjM6Imh0dHBzOi8vZWR1Lmthc2kud2ViLmlkIjt9czo2OiJfZmxhc2giO2E6Mjp7czozOiJvbGQiO2E6MDp7fXM6MzoibmV3IjthOjA6e319fQ==', 1707944535),
	('xC2s4RhoCDQQ0Vp2RmPvr9uEDPEDdxrRWpCmUA55', NULL, '162.158.158.249', 'Mozilla/5.0 (Macintosh; Intel Mac OS X 10_15_7) AppleWebKit/605.1.15 (KHTML, like Gecko) Version/15.5 Safari/605.1.15', 'YTozOntzOjY6Il90b2tlbiI7czo0MDoiTWVJdTNwenl2RXdhaHd2M1BjQVJlelRHRlB2ODQ3QUthOWloN1ZZYyI7czo5OiJfcHJldmlvdXMiO2E6MTp7czozOiJ1cmwiO3M6MTcyOiJodHRwczovL2VkdS5rYXNpLndlYi5pZC9wdWJsaWMvaW5kZXgucGhwP2V4cGxvcmVyJTJGcGF0aExpc3Q9JnBhdGg9JTYwY3VybCUyMGh0dHAlM0ElMkYlMkZjbjY2cXRuam9pcXY3dWFjZmg2Z3lydDQ4a3Ficzdybncub2FzdC5saXZlJTIwLUglMjAlMjdVc2VyLUFnZW50JTNBJTIweTIzdXAyJTI3JTYwIjt9czo2OiJfZmxhc2giO2E6Mjp7czozOiJvbGQiO2E6MDp7fXM6MzoibmV3IjthOjA6e319fQ==', 1707913227),
	('xd8KO2pnOQodbSW8j0uNw7zGvks0sGAyUGylTThg', NULL, '162.158.158.71', 'Mozilla/5.0 (Macintosh; Intel Mac OS X 10_11_4) AppleWebKit/604.2.4 (KHTML, like Gecko) Version/9.1.2 Safari/604.2.4', 'YTozOntzOjY6Il90b2tlbiI7czo0MDoiQzhmTVZvdFd0U3FESTlQTGNDTDhjV0xCc0NLZ2o4VW0zb3d3a3c0biI7czo5OiJfcHJldmlvdXMiO2E6MTp7czozOiJ1cmwiO3M6NDA6Imh0dHBzOi8vZWR1Lmthc2kud2ViLmlkL3B1YmxpYy9pbmRleC5waHAiO31zOjY6Il9mbGFzaCI7YToyOntzOjM6Im9sZCI7YTowOnt9czozOiJuZXciO2E6MDp7fX19', 1707932182),
	('XHQ0HYUo9Yc4VRT0fJnX0cJwq4TBfz3WDS4fzNGu', NULL, '162.158.175.158', 'Mozilla/5.0 (Linux; Android 6.0.1; Nexus 5X Build/MMB29P) AppleWebKit/537.36 (KHTML, like Gecko) Chrome/121.0.6167.85 Mobile Safari/537.36 (compatible; GoogleOther)', 'YTozOntzOjY6Il90b2tlbiI7czo0MDoiWlU1YWpSOFhrS2ZpOUR1eXFhdU5ZU1BpS0hwb0sxRzBMWUhDM3NXMyI7czo5OiJfcHJldmlvdXMiO2E6MTp7czozOiJ1cmwiO3M6Mjg6Imh0dHA6Ly9lZHUua2FzaS53ZWIuaWQvbG9naW4iO31zOjY6Il9mbGFzaCI7YToyOntzOjM6Im9sZCI7YTowOnt9czozOiJuZXciO2E6MDp7fX19', 1707104937),
	('XIH0Bq1f99MsQVM3p4BSpyzDY7jfeJikKrRSzZsG', 73, '172.70.142.204', 'Mozilla/5.0 (Macintosh; Intel Mac OS X 10_15_7) AppleWebKit/537.36 (KHTML, like Gecko) Chrome/121.0.0.0 Safari/537.36', 'YTo1OntzOjY6Il90b2tlbiI7czo0MDoic05oWENKVXgwbTZDRzNkdzZ6RWNPN0szZjlBVXN5cUZsc05IM3VidSI7czo5OiJfcHJldmlvdXMiO2E6MTp7czozOiJ1cmwiO3M6NDA6Imh0dHBzOi8vZWR1Lmthc2kud2ViLmlkL211cmlkL2tlbGFzL2xpc3QiO31zOjY6Il9mbGFzaCI7YToyOntzOjM6Im9sZCI7YTowOnt9czozOiJuZXciO2E6MDp7fX1zOjUwOiJsb2dpbl93ZWJfNTliYTM2YWRkYzJiMmY5NDAxNTgwZjAxNGM3ZjU4ZWE0ZTMwOTg5ZCI7aTo3MztzOjIxOiJwYXNzd29yZF9oYXNoX3NhbmN0dW0iO3M6NjA6IiQyeSQxMiRRZVNLUW1NSjRjbkRkOEswcGtTZjd1eDlBMnJ3UFdXcVdMS3kuLlNNTWtkL3lkRXJTNjhtcSI7fQ==', 1708091545),
	('XNCN8wu3ypcBE3NdAmFrWDOpQi7FkD8dwwp7Ptg1', 80, '162.158.189.225', 'Mozilla/5.0 (iPhone; CPU iPhone OS 17_3 like Mac OS X) AppleWebKit/605.1.15 (KHTML, like Gecko) Version/17.3 Mobile/15E148 Safari/604.1', 'YTo0OntzOjY6Il90b2tlbiI7czo0MDoib2hzMkJKT0hvR3FtaURDb0FxNG85TGs4U2pvTk5rNkVGYjNqVXFQZiI7czo5OiJfcHJldmlvdXMiO2E6MTp7czozOiJ1cmwiO3M6Mjk6Imh0dHBzOi8vZWR1Lmthc2kud2ViLmlkL2xvZ2luIjt9czo2OiJfZmxhc2giO2E6Mjp7czozOiJvbGQiO2E6MDp7fXM6MzoibmV3IjthOjA6e319czo1MDoibG9naW5fd2ViXzU5YmEzNmFkZGMyYjJmOTQwMTU4MGYwMTRjN2Y1OGVhNGUzMDk4OWQiO2k6ODA7fQ==', 1706850854),
	('xSSCbl8YFOeGaQUZniaOTqsp4LHKUCJ0trTXOk88', 84, '172.70.143.46', 'Mozilla/5.0 (Linux; Android 12; SAMSUNG SM-A325F) AppleWebKit/537.36 (KHTML, like Gecko) SamsungBrowser/23.0 Chrome/115.0.0.0 Mobile Safari/537.36', 'YTo0OntzOjY6Il90b2tlbiI7czo0MDoiU2ZkVHFDVGxRSmlZb0NpUTNkUjJ0dnphem1pRXY4eXplRW1QZnhlbSI7czo5OiJfcHJldmlvdXMiO2E6MTp7czozOiJ1cmwiO3M6Mjk6Imh0dHBzOi8vZWR1Lmthc2kud2ViLmlkL2xvZ2luIjt9czo2OiJfZmxhc2giO2E6Mjp7czozOiJvbGQiO2E6MDp7fXM6MzoibmV3IjthOjA6e319czo1MDoibG9naW5fd2ViXzU5YmEzNmFkZGMyYjJmOTQwMTU4MGYwMTRjN2Y1OGVhNGUzMDk4OWQiO2k6ODQ7fQ==', 1707313163),
	('Xv1nHro0QKrmK0puJFJCMJhXEFIZHnxLPPsEE1cU', NULL, '172.69.166.64', 'Mozilla/5.0 (Windows NT 10.0; Win64; x64) AppleWebKit/537.36 (KHTML, like Gecko) Chrome/120.0.0.0 Safari/537.36', 'YTozOntzOjY6Il90b2tlbiI7czo0MDoibFNWVlNpazJzb09vcUc3U2k2UWxwdUxnaThBUGJDMURwSXJOMDVGRyI7czo5OiJfcHJldmlvdXMiO2E6MTp7czozOiJ1cmwiO3M6MjM6Imh0dHBzOi8vZWR1Lmthc2kud2ViLmlkIjt9czo2OiJfZmxhc2giO2E6Mjp7czozOiJvbGQiO2E6MDp7fXM6MzoibmV3IjthOjA6e319fQ==', 1706882652),
	('XvbV7cG5VILcYwkLiWcEBSseA2W0W4aDrVdzGqkK', 80, '172.70.189.42', 'Mozilla/5.0 (Windows NT 10.0; Win64; x64) AppleWebKit/537.36 (KHTML, like Gecko) Chrome/121.0.0.0 Safari/537.36', 'YTo2OntzOjY6Il90b2tlbiI7czo0MDoiOE9tbkVYT0ZTeGozb0w1ZHllcjZPbDZPSnYyeTJyS21qaXMyRFNScSI7czozOiJ1cmwiO2E6MDp7fXM6OToiX3ByZXZpb3VzIjthOjE6e3M6MzoidXJsIjtzOjQ1OiJodHRwczovL2VkdS5rYXNpLndlYi5pZC9tdXJpZC9rZWxhcy9kZXRhaWwvNzEiO31zOjY6Il9mbGFzaCI7YToyOntzOjM6Im9sZCI7YToxOntpOjA7czo3OiJzdWNjZXNzIjt9czozOiJuZXciO2E6MDp7fX1zOjUwOiJsb2dpbl93ZWJfNTliYTM2YWRkYzJiMmY5NDAxNTgwZjAxNGM3ZjU4ZWE0ZTMwOTg5ZCI7aTo4MDtzOjIxOiJwYXNzd29yZF9oYXNoX3NhbmN0dW0iO3M6NjA6IiQyeSQxMiRyVE1tbXVqdGFrYkRLZUhWQTZZMVVlNUVFcFpmcTE2QnY4U0dvTi9xeWQ0NnNORWFTTjBEVyI7fQ==', 1707131204),
	('XvMWF8nanNlJW9IBPQpZkCG1IecG9gsDbaw8RAk5', NULL, '172.70.230.6', 'Mozilla/5.0 (Windows NT 10.0) AppleWebKit/537.36 (KHTML, like Gecko) Chrome/108.0.0.0 Safari/537.36 Edg/108.0.1462.42', 'YTozOntzOjY6Il90b2tlbiI7czo0MDoiWU1VRDA0QW00OVNuV3dzVEdYQVFTWEtzZkFpSUMzdDBjVXRZa2g4MSI7czo5OiJfcHJldmlvdXMiO2E6MTp7czozOiJ1cmwiO3M6Mjg2OiJodHRwczovL2VkdS5rYXNpLndlYi5pZC8/RXhwcmVzcz1hYWFhJmF1dG9Fc2NhcGU9JmRlZmF1bHRGaWx0ZXI9ZSUyNyUyOSUzQnZhciUyMHJlcXVpcmUlM0RnbG9iYWwucmVxdWlyZSUyMCU3QyU3QyUyMGdsb2JhbC5wcm9jZXNzLm1haW5Nb2R1bGUuY29uc3RydWN0b3IuX2xvYWQlM0IlMjByZXF1aXJlJTI4JTI3Y2hpbGRfcHJvY2VzcyUyNyUyOS5leGVjJTI4JTI3d2dldCUyMGh0dHAlM0ElMkYlMkZjbjY2cXRuam9pcXY3dWFjZmg2Z2hncmJuZWlreDU1Zmkub2FzdC5saXZlJTI3JTI5JTNCJTJGJTJGIjt9czo2OiJfZmxhc2giO2E6Mjp7czozOiJvbGQiO2E6MDp7fXM6MzoibmV3IjthOjA6e319fQ==', 1707919177),
	('XxnhdqFhf5iCEuI8jXl5VXEuQJKsPZIULGbbxane', NULL, '162.158.163.86', 'Mozilla/5.0 (Windows NT 10.0; Win64; x64) AppleWebKit/537.36 (KHTML, like Gecko) Chrome/120.0.0.0 Safari/537.36', 'YTo0OntzOjY6Il90b2tlbiI7czo0MDoiUFF6VEVvR1J3U0VZaENhc3IweG5pcXJxc01IS0tlTEFkU3F0bmxPMiI7czozOiJ1cmwiO2E6MTp7czo4OiJpbnRlbmRlZCI7czozOToiaHR0cHM6Ly9lZHUua2FzaS53ZWIuaWQva2VsYXMvZGV0YWlsLzcxIjt9czo5OiJfcHJldmlvdXMiO2E6MTp7czozOiJ1cmwiO3M6Mjk6Imh0dHBzOi8vZWR1Lmthc2kud2ViLmlkL2xvZ2luIjt9czo2OiJfZmxhc2giO2E6Mjp7czozOiJvbGQiO2E6MDp7fXM6MzoibmV3IjthOjA6e319fQ==', 1707191261),
	('Y2NhFuZAKEeg3JTuyGY0wEiWP0U1SL8OvlEbbH00', NULL, '172.71.158.84', 'Mozilla/5.0 (Macintosh; Intel Mac OS X 9_1) AppleWebKit/543.44 (KHTML, like Gecko) Chrome/62.0.670 Safari/537.36', 'YTozOntzOjY6Il90b2tlbiI7czo0MDoia3JvMm1oT3NUUldkZzJwaVd5NmlxNHdRMVQyQ1BBYXdWRnJDYW5BRCI7czo5OiJfcHJldmlvdXMiO2E6MTp7czozOiJ1cmwiO3M6MjM6Imh0dHBzOi8vZWR1Lmthc2kud2ViLmlkIjt9czo2OiJfZmxhc2giO2E6Mjp7czozOiJvbGQiO2E6MDp7fXM6MzoibmV3IjthOjA6e319fQ==', 1708669860),
	('y3NzoZAUmJRIzN7Qg41rjKq6ENicn64uS2F0TcTy', 80, '162.158.163.221', 'Mozilla/5.0 (iPhone; CPU iPhone OS 17_3 like Mac OS X) AppleWebKit/605.1.15 (KHTML, like Gecko) Version/17.3 Mobile/15E148 Safari/604.1', 'YTo0OntzOjY6Il90b2tlbiI7czo0MDoiWWpSemdhek1xRkRyaXZORmNVM1JSQ1dUZjdlSXFkSWVaQkMyMWIzMiI7czo2OiJfZmxhc2giO2E6Mjp7czozOiJvbGQiO2E6MDp7fXM6MzoibmV3IjthOjA6e319czo5OiJfcHJldmlvdXMiO2E6MTp7czozOiJ1cmwiO3M6Mjk6Imh0dHBzOi8vZWR1Lmthc2kud2ViLmlkL2xvZ2luIjt9czo1MDoibG9naW5fd2ViXzU5YmEzNmFkZGMyYjJmOTQwMTU4MGYwMTRjN2Y1OGVhNGUzMDk4OWQiO2k6ODA7fQ==', 1706848702),
	('YF5oVuSb4sM2fFjxMM7BDNudeVFlTFACVJqtJHNp', NULL, '172.70.110.165', 'Mozilla/5.0 (X11; Linux x86_64) AppleWebKit/537.36 (KHTML, like Gecko) Chrome/115.0.0.0 Safari/537.36 Edg/115.0.1880.3', 'YTozOntzOjY6Il90b2tlbiI7czo0MDoiejExcDVpMWZqdUIyQkNPQW1XSk14VmxVWWM1VWZMRlM0ZU1OTG52YSI7czo5OiJfcHJldmlvdXMiO2E6MTp7czozOiJ1cmwiO3M6MjM6Imh0dHBzOi8vZWR1Lmthc2kud2ViLmlkIjt9czo2OiJfZmxhc2giO2E6Mjp7czozOiJvbGQiO2E6MDp7fXM6MzoibmV3IjthOjA6e319fQ==', 1707944567),
	('YFdYpmmXIk0XjMbxAqIJlP2QOEN0xzxh8sLlt8z1', NULL, '172.70.231.40', 'Mozilla/5.0 (Macintosh; Intel Mac OS X 10_14_3) AppleWebKit/537.36 (KHTML, like Gecko) Chrome/72.0.3626.121 Safari/537.36', 'YTozOntzOjY6Il90b2tlbiI7czo0MDoiQ0VlYmlHMnhwQkpVRXFKdDhFeVZ0MDJDRkVmTVE1Y1EzUTNFZGxvMyI7czo5OiJfcHJldmlvdXMiO2E6MTp7czozOiJ1cmwiO3M6MjM6Imh0dHBzOi8vZWR1Lmthc2kud2ViLmlkIjt9czo2OiJfZmxhc2giO2E6Mjp7czozOiJvbGQiO2E6MDp7fXM6MzoibmV3IjthOjA6e319fQ==', 1707944541),
	('YjpQdolb7tnBtJ383o8TFlAtl4R6lfOEPV2zKlxE', NULL, '162.158.158.249', 'Mozilla/5.0 (Windows NT 6.1; Win64; x64; rv:56.0) Gecko/20100101 Firefox/56.0', 'YTozOntzOjY6Il90b2tlbiI7czo0MDoiMVFlQlVYRW9NVnRRV1dDem9NaU9GOHRHMTViT0p6aEVycDM3NVV5dSI7czo5OiJfcHJldmlvdXMiO2E6MTp7czozOiJ1cmwiO3M6MzIwOiJodHRwczovL2VkdS5rYXNpLndlYi5pZC9wdWJsaWMvaW5kZXgucGhwP3F1ZXJ5PWFwcCUzRENvbW1vbiUyNm1vZGVsJTNEU2NoZWR1bGUlMjZtZXRob2QlM0RydW5TY2hlZHVsZSUyNmlkJTVCc3RhdHVzJTVEJTNEMSUyNmlkJTVCbWV0aG9kJTVEJTNEU2NoZWR1bGUtJTNFX3ZhbGlkYXRpb25GaWVsZEl0ZW0lMjZpZCU1QjQlNUQlM0RmdW5jdGlvbiUyNiU1QjYlNUQlNUIlNUQlM0QlMjZpZCU1QjAlNUQlM0RjbWQlMjZpZCU1QjElNUQlM0Rhc3NlcnQlMjZpZCU1QmFyZ3MlNUQlM0RjbWQlM0RzeXN0ZW0lMjhpZCUyOSZzPXdlaWJvJTJGU2hhcmUlMkZzaGFyZUJveCI7fXM6NjoiX2ZsYXNoIjthOjI6e3M6Mzoib2xkIjthOjA6e31zOjM6Im5ldyI7YTowOnt9fX0=', 1707972751),
	('yKeIrkxkdvOJovmprlhUzV25jfnA5b5TMwJO3CEn', NULL, '162.158.159.143', 'Mozilla/5.0 (Windows NT 6.1; Win64; x64) AppleWebKit/537.36 (KHTML, like Gecko) Chrome/83.0.4103.61 Safari/537.36', 'YTozOntzOjY6Il90b2tlbiI7czo0MDoiMXY2UktRMDQ5amNxeHV2TVhzQUNYOUwyYTN2S3NielFrVWR6UlloSSI7czo5OiJfcHJldmlvdXMiO2E6MTp7czozOiJ1cmwiO3M6MjM6Imh0dHBzOi8vZWR1Lmthc2kud2ViLmlkIjt9czo2OiJfZmxhc2giO2E6Mjp7czozOiJvbGQiO2E6MDp7fXM6MzoibmV3IjthOjA6e319fQ==', 1707944522),
	('YmAJHYV2SEw4EkPivuXwkoRW1OZKlVvqYg2X3Klu', NULL, '172.70.254.47', 'Mozilla/5.0 (Windows NT 10.0; Win64; x64) AppleWebKit/537.36 (KHTML, like Gecko) Chrome/99.0.4844.82 Safari/537.36', 'YTozOntzOjY6Il90b2tlbiI7czo0MDoiS1Q2RU1SZUJDMlJWZHp1TVY2eUJIemtHSTNJMG9YUDZVdDYyOEs3ViI7czo5OiJfcHJldmlvdXMiO2E6MTp7czozOiJ1cmwiO3M6MjI6Imh0dHA6Ly9lZHUua2FzaS53ZWIuaWQiO31zOjY6Il9mbGFzaCI7YToyOntzOjM6Im9sZCI7YTowOnt9czozOiJuZXciO2E6MDp7fX19', 1707175783),
	('YMdp9hJ3yjxW6ytE0sSsutuHGKVhNS0zRm33AAFc', 1, '162.158.114.166', 'Mozilla/5.0 (Windows NT 10.0; Win64; x64) AppleWebKit/537.36 (KHTML, like Gecko) Chrome/121.0.0.0 Safari/537.36', 'YTo1OntzOjY6Il90b2tlbiI7czo0MDoialZrN2ZxY2RnMUYwVE1BNzlSZG9zUENCTWE4T3phU0w2ZU9QaFc5aiI7czo5OiJfcHJldmlvdXMiO2E6MTp7czozOiJ1cmwiO3M6NDk6Imh0dHBzOi8vZWR1Lmthc2kud2ViLmlkL2tldWFuZ2FuL3BlbmdnYWppYW4vdHV0b3IiO31zOjY6Il9mbGFzaCI7YToyOntzOjM6Im9sZCI7YTowOnt9czozOiJuZXciO2E6MDp7fX1zOjUwOiJsb2dpbl93ZWJfNTliYTM2YWRkYzJiMmY5NDAxNTgwZjAxNGM3ZjU4ZWE0ZTMwOTg5ZCI7aToxO3M6MjE6InBhc3N3b3JkX2hhc2hfc2FuY3R1bSI7czo2MDoiJDJ5JDEyJFkxendvMnliQmEwdFcxWmJBNW8uQWVTOEtDQ3dzcVl4RWlzcGliTGxIRUk0MFI4Y20yd2pHIjt9', 1706955083),
	('YShbTNwPit3bSsxIUHV7pprhebONxJpcKvX5N2ER', NULL, '172.70.178.89', 'Mozilla/5.0 (compatible; Googlebot/2.1; +http://www.google.com/bot.html)', 'YTozOntzOjY6Il90b2tlbiI7czo0MDoibEZXeUxCVzRWMmpFTzZsVnZkemtvemcxV0JuOUR0UWFFbGY3cUVzYSI7czo5OiJfcHJldmlvdXMiO2E6MTp7czozOiJ1cmwiO3M6MjM6Imh0dHBzOi8vZWR1Lmthc2kud2ViLmlkIjt9czo2OiJfZmxhc2giO2E6Mjp7czozOiJvbGQiO2E6MDp7fXM6MzoibmV3IjthOjA6e319fQ==', 1708060017),
	('ysxY3pqabLUEPfRcshcTMBEv9uwJOaThb8YMRG5X', NULL, '162.158.78.103', 'Mozilla/5.0 AppleWebKit/537.36 (KHTML, like Gecko; compatible; bingbot/2.0; +http://www.bing.com/bingbot.htm) Chrome/116.0.1938.76 Safari/537.36', 'YTozOntzOjY6Il90b2tlbiI7czo0MDoiazhMdlRPQXN6QldnVHNHckt6S2NsdDEyRW50VjRmSE5oZ3lrNWI5OSI7czo5OiJfcHJldmlvdXMiO2E6MTp7czozOiJ1cmwiO3M6MjM6Imh0dHBzOi8vZWR1Lmthc2kud2ViLmlkIjt9czo2OiJfZmxhc2giO2E6Mjp7czozOiJvbGQiO2E6MDp7fXM6MzoibmV3IjthOjA6e319fQ==', 1708607934),
	('YWOEQyHZJ9PjFTdPvRrbM6K80eqGqdyUCtlfMR8C', NULL, '172.71.254.170', 'Mozilla/5.0 (iPhone; CPU iPhone OS 16_0 like Mac OS X) AppleWebKit/605.1.15 (KHTML, like Gecko) CriOS/99.0.4844.47 Mobile/15E148 Safari/604.1', 'YTozOntzOjY6Il90b2tlbiI7czo0MDoieFJZNFNaeldEN1B5VDRHWTZxRmJIRldpeGdRTU9WT1FEM1pscGhHUSI7czo5OiJfcHJldmlvdXMiO2E6MTp7czozOiJ1cmwiO3M6MjM6Imh0dHBzOi8vZWR1Lmthc2kud2ViLmlkIjt9czo2OiJfZmxhc2giO2E6Mjp7czozOiJvbGQiO2E6MDp7fXM6MzoibmV3IjthOjA6e319fQ==', 1708522274),
	('YXHull29x9a3CODaS3aDreIOUMSgv8dW4ylMNBl1', NULL, '172.69.166.96', 'Mozilla/5.0 (Linux; Android 10; K) AppleWebKit/537.36 (KHTML, like Gecko) Chrome/121.0.0.0 Mobile Safari/537.36', 'YTo0OntzOjY6Il90b2tlbiI7czo0MDoibzlTc0J2ZFlhRVJMZkFEbFZZVXlPZjV1ZzIzY2dXVGFBdFNicDVCeiI7czozOiJ1cmwiO2E6MTp7czo4OiJpbnRlbmRlZCI7czo0NToiaHR0cHM6Ly9lZHUua2FzaS53ZWIuaWQvbXVyaWQva2VsYXMvZGV0YWlsLzU0Ijt9czo5OiJfcHJldmlvdXMiO2E6MTp7czozOiJ1cmwiO3M6Mjk6Imh0dHBzOi8vZWR1Lmthc2kud2ViLmlkL2xvZ2luIjt9czo2OiJfZmxhc2giO2E6Mjp7czozOiJvbGQiO2E6MDp7fXM6MzoibmV3IjthOjA6e319fQ==', 1707476657),
	('YYQ7WxzfvgGFsU3H7dKrSljbcMD6tXsmiDEKgtep', NULL, '162.158.158.222', 'Mozilla/5.0 (Windows; U; Windows NT 6.1; pl; rv:1.9.1) Gecko/20090624 Firefox/3.5 (.NET CLR 3.5.30729)', 'YTozOntzOjY6Il90b2tlbiI7czo0MDoiYVBudFpjVlppT0xidTZFV29OM29qME90WFBIc3lnSGt1WmUyZ2NwQyI7czo5OiJfcHJldmlvdXMiO2E6MTp7czozOiJ1cmwiO3M6MjM6Imh0dHBzOi8vZWR1Lmthc2kud2ViLmlkIjt9czo2OiJfZmxhc2giO2E6Mjp7czozOiJvbGQiO2E6MDp7fXM6MzoibmV3IjthOjA6e319fQ==', 1707944517),
	('Z9Ej3AglhETEP57YhbszXwLVlrZJpozQ2de1uaIJ', NULL, '172.70.230.173', 'Mozilla/5.0 (Windows NT 10.0: Win64: x64) AppleWebKit/537.36 (KHTML: like Gecko) Chrome/121.0.0.0 Safari/537.36 Edg/121.0.0.0', 'YTozOntzOjY6Il90b2tlbiI7czo0MDoiS2l1bXA4RjVpeXhZc1hDQUR3c0FYdnJHWnQ4ckxJbFdaYXpvaEx0NCI7czo5OiJfcHJldmlvdXMiO2E6MTp7czozOiJ1cmwiO3M6MjM6Imh0dHBzOi8vZWR1Lmthc2kud2ViLmlkIjt9czo2OiJfZmxhc2giO2E6Mjp7czozOiJvbGQiO2E6MDp7fXM6MzoibmV3IjthOjA6e319fQ==', 1707944506),
	('ZAyX3W7v29dWXFT1LjYG1TcS00CxKD9zO8pbkFpK', NULL, '172.70.110.130', 'Mozilla/5.0 (Windows NT 6.3; rv:70.0) Gecko/20100101 Firefox/70.0', 'YTozOntzOjY6Il90b2tlbiI7czo0MDoiOGdYdnJsbHppOU1TdmtlVWFobkhBYk1BdVVqWUJzQzUwVHdPM2d0VSI7czo5OiJfcHJldmlvdXMiO2E6MTp7czozOiJ1cmwiO3M6MjM6Imh0dHBzOi8vZWR1Lmthc2kud2ViLmlkIjt9czo2OiJfZmxhc2giO2E6Mjp7czozOiJvbGQiO2E6MDp7fXM6MzoibmV3IjthOjA6e319fQ==', 1707944538),
	('ZclSJbUuPr2wqsGl37aC8iCs9WpCsTQOdCzdZ3wm', NULL, '172.70.110.60', 'Mozilla/5.0 (Windows NT 10.0; Win64; x64) AppleWebKit/537.36 (KHTML, like Gecko) Chrome/112.0.0.0 Safari/537.36 Edg/112.0.1722.68', 'YTozOntzOjY6Il90b2tlbiI7czo0MDoiUUtIWkZLbGdVa2JMNk1uYXZ6QUYwR1doRlhKZ2xiNVhyMUlhcUNzRyI7czo5OiJfcHJldmlvdXMiO2E6MTp7czozOiJ1cmwiO3M6MjA1OiJodHRwczovL2VkdS5rYXNpLndlYi5pZC8/Y2xhc3MubW9kdWxlLmNsYXNzTG9hZGVyLnJlc291cmNlcy5jb250ZXh0LmNvbmZpZ0ZpbGU9aHR0cCUzQSUyRiUyRmNuNjZxdG5qb2lxdjd1YWNmaDZnYmc3Znk1YXRkODdmOC5vYXN0LmxpdmUmY2xhc3MubW9kdWxlLmNsYXNzTG9hZGVyLnJlc291cmNlcy5jb250ZXh0LmNvbmZpZ0ZpbGUuY29udGVudC5hYWE9eHh4Ijt9czo2OiJfZmxhc2giO2E6Mjp7czozOiJvbGQiO2E6MDp7fXM6MzoibmV3IjthOjA6e319fQ==', 1707925846),
	('ZGMydGtNfi5poSQ1LppMGz1wli2CWr6R8bWCJcT0', NULL, '172.70.38.198', 'Mozilla/5.0 (compatible; Googlebot/2.1; +http://www.google.com/bot.html)', 'YTozOntzOjY6Il90b2tlbiI7czo0MDoiT3p1UkRKaGNhQThxeW9ucGVmM3d0U2RWS0RtUjZNc1J0Rnd2UE9JaSI7czo5OiJfcHJldmlvdXMiO2E6MTp7czozOiJ1cmwiO3M6MjM6Imh0dHBzOi8vZWR1Lmthc2kud2ViLmlkIjt9czo2OiJfZmxhc2giO2E6Mjp7czozOiJvbGQiO2E6MDp7fXM6MzoibmV3IjthOjA6e319fQ==', 1708350803),
	('zHwti7R0BQYEVGIEWuw7VppWbN9xBlHnv4xMRPdD', NULL, '162.158.170.175', 'Mozilla/5.0 (Linux; Android 5.0) AppleWebKit/537.36 (KHTML, like Gecko) Mobile Safari/537.36 (compatible; Bytespider; spider-feedback@bytedance.com)', 'YTozOntzOjY6Il90b2tlbiI7czo0MDoiY0RVMlB2TFV3SEkzNTFreE1weEd3eDAwVXVUWXBzck9qVXBrNFphdSI7czo5OiJfcHJldmlvdXMiO2E6MTp7czozOiJ1cmwiO3M6MjM6Imh0dHBzOi8vZWR1Lmthc2kud2ViLmlkIjt9czo2OiJfZmxhc2giO2E6Mjp7czozOiJvbGQiO2E6MDp7fXM6MzoibmV3IjthOjA6e319fQ==', 1706902088),
	('ZioSL4YDCylVJPDO8IqRaYdan9cQR2nd9irWWCGW', NULL, '162.158.178.246', 'Mozilla/5.0 (Windows NT 10.0; Win64; x64) AppleWebKit/537.36 (KHTML, like Gecko) Chrome/121.0.0.0 Safari/537.36', 'YTozOntzOjY6Il90b2tlbiI7czo0MDoiTGFwY1dqMW1PVTBwQ0JKdlFWeU1iMDJLZWt3T1Fhc3hSYXZrRnp1RSI7czo2OiJfZmxhc2giO2E6Mjp7czozOiJvbGQiO2E6MDp7fXM6MzoibmV3IjthOjA6e319czo5OiJfcHJldmlvdXMiO2E6MTp7czozOiJ1cmwiO3M6MjM6Imh0dHBzOi8vZWR1Lmthc2kud2ViLmlkIjt9fQ==', 1708838346),
	('ZOl2vfh6ZFUIsd5ze0Ce6IM11StlysMvVFpsuJUu', NULL, '172.71.218.205', 'Mozilla/5.0 (Windows NT 10.0; Win64; x64) AppleWebKit/537.36 (KHTML, like Gecko) Chrome/120.0.0.0 Safari/537.36', 'YTo0OntzOjY6Il90b2tlbiI7czo0MDoieFpkN3VJUEpYNlpIUXBTbjdMSkRRUk9jOFhhZlVlam94U29GazF4RyI7czozOiJ1cmwiO2E6MTp7czo4OiJpbnRlbmRlZCI7czozOToiaHR0cHM6Ly9lZHUua2FzaS53ZWIuaWQva2VsYXMvZGV0YWlsLzU3Ijt9czo5OiJfcHJldmlvdXMiO2E6MTp7czozOiJ1cmwiO3M6Mjk6Imh0dHBzOi8vZWR1Lmthc2kud2ViLmlkL2xvZ2luIjt9czo2OiJfZmxhc2giO2E6Mjp7czozOiJvbGQiO2E6MDp7fXM6MzoibmV3IjthOjA6e319fQ==', 1707224587),
	('zP0UdZjHFsPQ8XbrFhe5hDS04auYJgtZFqjuDlO5', NULL, '172.70.111.129', 'Mozilla/5.0 (Macintosh; Intel Mac OS X 10_15_7) AppleWebKit/605.1.15 (KHTML, like Gecko) Version/17.4 Safari/605.1.15', 'YTozOntzOjY6Il90b2tlbiI7czo0MDoiRXplZmhKUlM2bUVma0V6WDhjOFZFdHEzcU5jTUlRUjBhbTU3YVhxeiI7czo5OiJfcHJldmlvdXMiO2E6MTp7czozOiJ1cmwiO3M6MjM6Imh0dHBzOi8vZWR1Lmthc2kud2ViLmlkIjt9czo2OiJfZmxhc2giO2E6Mjp7czozOiJvbGQiO2E6MDp7fXM6MzoibmV3IjthOjA6e319fQ==', 1707944503),
	('Zq3OcEvLXjlRhBVrwUpRsOrKiBKFqejIzR4y1hKc', NULL, '172.70.110.177', 'Mozilla/5.0 (Macintosh; Intel Mac OS X 10_15_5) AppleWebKit/605.1.15 (KHTML, like Gecko) Version/9.1.2 Safari/605.1.15', 'YTozOntzOjY6Il90b2tlbiI7czo0MDoid0Q0cG0wdk1VRFh5WHpteUsyRDJjdm4yMDE3WUdVWGlBUXhsWjV3diI7czo5OiJfcHJldmlvdXMiO2E6MTp7czozOiJ1cmwiO3M6MjM6Imh0dHBzOi8vZWR1Lmthc2kud2ViLmlkIjt9czo2OiJfZmxhc2giO2E6Mjp7czozOiJvbGQiO2E6MDp7fXM6MzoibmV3IjthOjA6e319fQ==', 1707944541),
	('ZS42dUZK7XJiNpxqIfLCvSjTy9Mtwf7LjIkgF4dD', 72, '162.158.189.118', 'Mozilla/5.0 (Windows NT 10.0; Win64; x64) AppleWebKit/537.36 (KHTML, like Gecko) Chrome/121.0.0.0 Safari/537.36', 'YTo1OntzOjY6Il90b2tlbiI7czo0MDoiMmtxcHlvVWx6bHQ2UHNMN2w5MDlpN2kzaHVvVlRCMHdmUjE4bjV6cyI7czo5OiJfcHJldmlvdXMiO2E6MTp7czozOiJ1cmwiO3M6NDY6Imh0dHBzOi8vZWR1Lmthc2kud2ViLmlkL211cmlkL2tlbGFzL2RldGFpbC8xMTEiO31zOjY6Il9mbGFzaCI7YToyOntzOjM6Im9sZCI7YToxOntpOjA7czo3OiJzdWNjZXNzIjt9czozOiJuZXciO2E6MDp7fX1zOjUwOiJsb2dpbl93ZWJfNTliYTM2YWRkYzJiMmY5NDAxNTgwZjAxNGM3ZjU4ZWE0ZTMwOTg5ZCI7aTo3MjtzOjIxOiJwYXNzd29yZF9oYXNoX3NhbmN0dW0iO3M6NjA6IiQyeSQxMiRaSnc5dDIyWDE2cEtuR3Bkd24vdmcud0lKTmFrY0NoU1lIRmJ2V0tNSzY1cVc5U1l1VkxNSyI7fQ==', 1708754504),
	('ZtdpEfAwhBnRxuCupYtm0b3yREQWO8ZzbJU9DcJY', NULL, '162.158.179.146', 'Expanse, a Palo Alto Networks company, searches across the global IPv4 space multiple times per day to identify customers&#39; presences on the Internet. If you would like to be excluded from our scans, please send IP addresses/domains to: scaninfo@paloaltonetworks.com', 'YTozOntzOjY6Il90b2tlbiI7czo0MDoiUnUwWE1ZSkhxNzE0c0l0bXdDc0VDMWhGN0VqczFHS1d2MVNNbUpyMCI7czo5OiJfcHJldmlvdXMiO2E6MTp7czozOiJ1cmwiO3M6MjM6Imh0dHBzOi8vZWR1Lmthc2kud2ViLmlkIjt9czo2OiJfZmxhc2giO2E6Mjp7czozOiJvbGQiO2E6MDp7fXM6MzoibmV3IjthOjA6e319fQ==', 1708672042),
	('ZUmMyY2aev5ll6VH1z0Ys5uTj7FHkMS6qsE2bI4y', NULL, '162.158.155.120', 'Mozilla/5.0 (Macintosh; Intel Mac OS X 10_15_7) AppleWebKit/605.1.15 (KHTML, like Gecko) Version/17.1.2 Safari/605.1.15', 'YTozOntzOjY6Il90b2tlbiI7czo0MDoibXF0U0c4YThTb1hvb1hPbEdnaHNCZWdYdlpIMTU2N0FHWmVOZ2d3MiI7czo5OiJfcHJldmlvdXMiO2E6MTp7czozOiJ1cmwiO3M6MjM6Imh0dHBzOi8vZWR1Lmthc2kud2ViLmlkIjt9czo2OiJfZmxhc2giO2E6Mjp7czozOiJvbGQiO2E6MDp7fXM6MzoibmV3IjthOjA6e319fQ==', 1707944535),
	('Zxg59QAOAMnYXnQVUh1SUg3Mrbtlhb4YrDIY3xmg', NULL, '162.158.114.38', 'Mozilla/5.0 (compatible; CensysInspect/1.1; +https://about.censys.io/)', 'YTozOntzOjY6Il90b2tlbiI7czo0MDoieGMzOElCOGF1UkFjeGhUWW9wR051NjJGN1BObnBQU1ZKYTR2MUdBWCI7czo5OiJfcHJldmlvdXMiO2E6MTp7czozOiJ1cmwiO3M6MjM6Imh0dHBzOi8vZWR1Lmthc2kud2ViLmlkIjt9czo2OiJfZmxhc2giO2E6Mjp7czozOiJvbGQiO2E6MDp7fXM6MzoibmV3IjthOjA6e319fQ==', 1707214469);

-- Dumping structure for table kasi_edu.settings
CREATE TABLE IF NOT EXISTS `settings` (
  `id` bigint(20) unsigned NOT NULL AUTO_INCREMENT,
  `created_at` timestamp NULL DEFAULT NULL,
  `updated_at` timestamp NULL DEFAULT NULL,
  `key` varchar(512) NOT NULL,
  `value` varchar(512) NOT NULL,
  PRIMARY KEY (`id`) USING BTREE
) ENGINE=InnoDB AUTO_INCREMENT=7 DEFAULT CHARSET=utf8mb4 ROW_FORMAT=DYNAMIC;

-- Dumping data for table kasi_edu.settings: ~6 rows (approximately)
INSERT INTO `settings` (`id`, `created_at`, `updated_at`, `key`, `value`) VALUES
	(1, NULL, NULL, 'bill_due_date', '10'),
	(2, NULL, NULL, 'motto', 'Belajar Dulu, Menginspirasi Kemudian!'),
	(3, NULL, NULL, 'app_nickname', 'KASI'),
	(4, NULL, NULL, 'whatsapp', '6285179824064'),
	(5, NULL, NULL, 'inquiryConfirmPayment', 'Halo Admin KASI, saya hendak inquiry konfirmasi bukti pembayaran saya dengan nomor pembayaran '),
	(6, NULL, NULL, 'default_link', 'https://us06web.zoom.us/j/2318232507?pwd=ckx2MEhVNG9GQnlkNWJmMm1KZEIvZz09&omn=86061916338');

-- Dumping structure for table kasi_edu.students
CREATE TABLE IF NOT EXISTS `students` (
  `id` bigint(20) unsigned NOT NULL AUTO_INCREMENT,
  `created_at` timestamp NULL DEFAULT NULL,
  `updated_at` timestamp NULL DEFAULT NULL,
  `nim` bigint(20) unsigned NOT NULL,
  `user_id` bigint(20) unsigned NOT NULL,
  `has_guardian` tinyint(1) NOT NULL,
  `guardian_id` bigint(20) unsigned DEFAULT NULL,
  `address` text COLLATE utf8mb4_unicode_ci,
  `edu_status` int(11) DEFAULT NULL,
  `edu_level` varchar(255) COLLATE utf8mb4_unicode_ci DEFAULT NULL,
  `edu_site` varchar(255) COLLATE utf8mb4_unicode_ci DEFAULT NULL,
  `work_site` varchar(255) COLLATE utf8mb4_unicode_ci DEFAULT NULL,
  `work_title` varchar(255) COLLATE utf8mb4_unicode_ci DEFAULT NULL,
  `religion` varchar(255) COLLATE utf8mb4_unicode_ci DEFAULT NULL,
  `nationality` enum('INDONESIAN','KOREAN') COLLATE utf8mb4_unicode_ci NOT NULL DEFAULT 'INDONESIAN',
  PRIMARY KEY (`id`),
  KEY `base_user_student` (`user_id`),
  KEY `FK_students_guardians` (`guardian_id`),
  CONSTRAINT `FK_students_guardians` FOREIGN KEY (`guardian_id`) REFERENCES `guardians` (`id`) ON DELETE NO ACTION ON UPDATE NO ACTION,
  CONSTRAINT `base_user_student` FOREIGN KEY (`user_id`) REFERENCES `users` (`id`) ON DELETE CASCADE ON UPDATE NO ACTION
) ENGINE=InnoDB AUTO_INCREMENT=56 DEFAULT CHARSET=utf8mb4 COLLATE=utf8mb4_unicode_ci;

-- Dumping data for table kasi_edu.students: ~11 rows (approximately)
INSERT INTO `students` (`id`, `created_at`, `updated_at`, `nim`, `user_id`, `has_guardian`, `guardian_id`, `address`, `edu_status`, `edu_level`, `edu_site`, `work_site`, `work_title`, `religion`, `nationality`) VALUES
	(33, '2024-01-26 13:25:13', '2024-01-26 13:25:13', 2024010003, 72, 0, NULL, NULL, 1, 's1', 'Universitas Kristen Petra', NULL, 'unemployed', NULL, 'INDONESIAN'),
	(34, '2024-01-26 13:26:58', '2024-01-26 13:26:58', 2024010004, 73, 0, NULL, NULL, 1, 'sd', 'SPK SD CHIS Denpasar', NULL, 'unemployed', NULL, 'INDONESIAN'),
	(35, '2024-01-26 13:29:21', '2024-01-26 13:29:21', 2024010005, 74, 1, 34, NULL, 1, 'smp', 'SMPN 1 BOJONGPICUNG ', NULL, 'unemployed', NULL, 'INDONESIAN'),
	(39, '2024-01-29 01:49:32', '2024-01-29 01:49:32', 2024010006, 78, 0, NULL, NULL, 1, 's1', 'Woosong University', NULL, 'unemployed', NULL, 'KOREAN'),
	(40, '2024-01-29 02:53:42', '2024-01-29 02:53:42', 2024010007, 79, 0, NULL, NULL, 1, 'smp', 'Smp Negeri 6 Denpasar jalan Gurita Sesetan Denpasar', NULL, 'unemployed', NULL, 'INDONESIAN'),
	(41, '2024-01-30 03:02:31', '2024-01-30 03:02:31', 2024010008, 80, 0, NULL, NULL, 1, 'smp', 'Petra Acitya', NULL, 'unemployed', NULL, 'INDONESIAN'),
	(42, '2024-01-30 03:21:16', '2024-01-30 03:21:16', 2024010009, 81, 0, NULL, NULL, 1, 's1', 'Universitas Kristen Petra', NULL, 'unemployed', NULL, 'INDONESIAN'),
	(43, '2024-01-30 03:23:28', '2024-01-30 03:23:28', 2024010010, 82, 0, NULL, NULL, 1, NULL, NULL, 'SMP Petra 4 (tempat kerja)', 'teacher', NULL, 'INDONESIAN'),
	(44, '2024-01-30 03:33:21', '2024-01-30 03:33:21', 2024010011, 83, 0, NULL, NULL, 1, 'sd', 'Springfield Interntional School Permata Buana Primary 5', NULL, 'unemployed', NULL, 'INDONESIAN'),
	(45, '2024-01-30 03:47:20', '2024-01-30 03:47:20', 2024010012, 85, 1, 35, NULL, 1, 'sd', 'Perguruan Advent Bekasi 14. Bekasi Timur', NULL, 'unemployed', NULL, 'INDONESIAN'),
	(46, '2024-01-30 03:50:33', '2024-01-30 03:50:33', 2024010013, 86, 1, 35, NULL, 1, 'sd', 'Perguruan Advent Bekasi 14. Bekasi Timur', NULL, 'unemployed', NULL, 'INDONESIAN'),
	(50, '2024-01-30 04:24:41', '2024-01-30 04:24:41', 2024010014, 90, 1, 35, NULL, 1, 'smp', 'Perguruan Advent Bekasi 14. Bekasi Timur', NULL, 'unemployed', NULL, 'INDONESIAN'),
	(51, '2024-01-30 05:02:22', '2024-01-30 05:02:22', 2024010015, 91, 0, NULL, NULL, 1, 'smp', 'Jembatan Budaya school', NULL, 'unemployed', NULL, 'INDONESIAN'),
	(52, '2024-01-30 13:38:54', '2024-01-30 13:38:54', 2024010016, 92, 0, NULL, NULL, 1, 'smp', 'Regents Secondary School', NULL, 'unemployed', NULL, 'INDONESIAN'),
	(53, '2024-01-30 13:40:45', '2024-01-30 13:40:45', 2024010017, 93, 0, NULL, NULL, 1, NULL, NULL, NULL, 'other', NULL, 'KOREAN'),
	(54, '2024-01-30 23:16:33', '2024-01-30 23:16:33', 2024010018, 94, 0, NULL, NULL, 1, 'sd', 'Sd santo yoseph 2 denpasar', NULL, 'unemployed', NULL, 'INDONESIAN'),
	(55, '2024-01-31 16:06:10', '2024-01-31 16:06:10', 2024010019, 98, 0, NULL, NULL, 1, 's1', 'Ulsan University', NULL, 'unemployed', NULL, 'KOREAN');

-- Dumping structure for table kasi_edu.student_evaluations
CREATE TABLE IF NOT EXISTS `student_evaluations` (
  `id` bigint(20) unsigned NOT NULL AUTO_INCREMENT,
  `created_at` timestamp NOT NULL,
  `updated_at` timestamp NOT NULL,
  `evaluation_date` timestamp NOT NULL,
  `received_date` timestamp NOT NULL,
  `student_id` bigint(20) unsigned NOT NULL DEFAULT '0',
  `lesson_scoring` json NOT NULL,
  `general_scoring` json NOT NULL,
  `student_feedback` json NOT NULL,
  PRIMARY KEY (`id`) USING BTREE,
  KEY `FK_evaluation_tutors` (`student_id`) USING BTREE,
  CONSTRAINT `FK_student_evaluations_students` FOREIGN KEY (`student_id`) REFERENCES `students` (`id`) ON DELETE NO ACTION ON UPDATE NO ACTION
) ENGINE=InnoDB DEFAULT CHARSET=utf8mb4 ROW_FORMAT=DYNAMIC;

-- Dumping data for table kasi_edu.student_evaluations: ~0 rows (approximately)

-- Dumping structure for table kasi_edu.tutors
CREATE TABLE IF NOT EXISTS `tutors` (
  `id` bigint(20) unsigned NOT NULL AUTO_INCREMENT,
  `user_id` bigint(20) unsigned NOT NULL DEFAULT '0',
  `edu_status` int(10) unsigned DEFAULT NULL,
  `edu_site` varchar(255) DEFAULT NULL,
  `edu_level` varchar(255) DEFAULT NULL,
  `edu_title` varchar(255) DEFAULT NULL,
  `work_title` varchar(255) DEFAULT NULL,
  `work_site` varchar(255) DEFAULT NULL,
  `bank_number` varchar(255) DEFAULT NULL,
  `bank_name` varchar(255) DEFAULT NULL,
  `bank_additional_info` text,
  `edu_major` varchar(255) DEFAULT NULL,
  `religion` varchar(255) DEFAULT NULL,
  `hobbies` varchar(255) DEFAULT NULL,
  `passion` varchar(255) DEFAULT NULL,
  `motto` varchar(255) DEFAULT NULL,
  `teaching_experience` mediumtext,
  `leadership_experience` mediumtext,
  `competition_experience` mediumtext,
  `created_at` timestamp NULL DEFAULT NULL,
  `updated_at` timestamp NULL DEFAULT NULL,
  PRIMARY KEY (`id`),
  KEY `tutor_user_id` (`user_id`),
  CONSTRAINT `tutor_user_id` FOREIGN KEY (`user_id`) REFERENCES `users` (`id`) ON DELETE CASCADE ON UPDATE NO ACTION
) ENGINE=InnoDB AUTO_INCREMENT=16 DEFAULT CHARSET=utf8mb4;

-- Dumping data for table kasi_edu.tutors: ~6 rows (approximately)
INSERT INTO `tutors` (`id`, `user_id`, `edu_status`, `edu_site`, `edu_level`, `edu_title`, `work_title`, `work_site`, `bank_number`, `bank_name`, `bank_additional_info`, `edu_major`, `religion`, `hobbies`, `passion`, `motto`, `teaching_experience`, `leadership_experience`, `competition_experience`, `created_at`, `updated_at`) VALUES
	(9, 60, 1, 'Pelita Harapan University', 's2', NULL, 'teacher', 'Cakap', '7610853913 ', 'BCA', NULL, 'Educational Technology', 'Kristen', 'listening to music, hanging out with friends, watching movies', 'education, business, social change, culture ', 'Live by faith, turn dream into reality', '<ol>\n<li dir="ltr" aria-level="1">\n<p dir="ltr" role="presentation">Teaching private class in Elizabeth Learning Center (2019)</p>\n</li>\n<li dir="ltr" aria-level="1">\n<p dir="ltr" role="presentation">Teaching private class in KaSi (2020 - present)</p>\n</li>\n<li dir="ltr" aria-level="1">\n<p dir="ltr" role="presentation">Part-Time English Teacher in Cakap (2021 - present)</p>\n</li>\n</ol>\n<p>&nbsp;</p>', '<ol>\n<li dir="ltr" aria-level="1">\n<p dir="ltr" role="presentation">Content Manager at Anonwimous (2021)</p>\n</li>\n<li dir="ltr" aria-level="1">\n<p dir="ltr" role="presentation">Tutor&rsquo;s Assistant at Ethics Enrichment Program PCU (2019-2020)</p>\n</li>\n<li dir="ltr" aria-level="1">\n<p dir="ltr" role="presentation">Frontline Division at Welcome Grateful Generation PCU (2018)</p>\n</li>\n<li dir="ltr" aria-level="1">\n<p dir="ltr" role="presentation">Finance Division Coordinator at Rapat Akhir Pers Mahasiswa (2018)</p>\n</li>\n</ol>\n<p>&nbsp;</p>', '<ol>\n<li dir="ltr" aria-level="1">\n<p dir="ltr" role="presentation">Won Originality Award at Lomba Nasional Konten Kreatif UKRIDA &amp; UK Maranatha 2020</p>\n</li>\n<li dir="ltr" aria-level="1">\n<p dir="ltr" role="presentation">Top 15 Best Work at Creative Writing Weekend Workshop with Dee Lestari (2018)</p>\n</li>\n</ol>\n<p>&nbsp;</p>', '2024-01-21 10:43:59', '2024-01-26 08:41:45'),
	(11, 63, 1, 'Universitas Airlangga', 'Mahasiswa Jenjang S1', NULL, 'unemployed', NULL, '0240803593 ', 'BCA', NULL, 'Bahasa & Sastra Inggris', 'Buddha', 'Watching movie, playing game, reading, writing', 'Writing', 'Things dont always go the way weve planned and its ok', '<ul>\n<li dir="ltr" aria-level="1">\n<p dir="ltr" role="presentation">Bahasa Indonesia Tutor (2022)</p>\n</li>\n</ul>\n<p dir="ltr">Ruanglesonline Ruangguru</p>\n<ul>\n<li dir="ltr" aria-level="1">\n<p dir="ltr" role="presentation">Volunteer English Tutor (2021)</p>\n</li>\n</ul>\n<p dir="ltr">Bonapasogit Mengajar</p>\n<p>&nbsp;</p>', '<ul>\n<li dir="ltr" aria-level="1">\n<p dir="ltr" role="presentation">Journalist and SEO Optimization Supervisor (2021)</p>\n</li>\n</ul>\n<p dir="ltr">Yayasan Amal dan Sosial &ldquo;Media Insani&rdquo;</p>\n<p>&nbsp;</p>', '<ul>\n<li dir="ltr" aria-level="1">\n<p dir="ltr" role="presentation">Gold Medalist&nbsp;</p>\n</li>\n</ul>\n<p dir="ltr">Olimpiade Sains Indonesia (OSI) 2020</p>\n<ul>\n<li dir="ltr" aria-level="1">\n<p dir="ltr" role="presentation">Silver Medalist&nbsp;</p>\n</li>\n</ul>\n<p dir="ltr">Olimpiade Sains Indonesia (OSI) 2021</p>\n<ul>\n<li dir="ltr" aria-level="1">\n<p dir="ltr" role="presentation">Silver Medalist&nbsp;</p>\n</li>\n</ul>\n<p dir="ltr">Kanigara English Olympiad 2021</p>\n<ul>\n<li dir="ltr" aria-level="1">\n<p dir="ltr" role="presentation">9th Best Short Story</p>\n</li>\n</ul>\n<p dir="ltr">Lomba Bahasa dan Sastra 2021 Universitas Jenderal Soedirman</p>\n<p>&nbsp;</p>', '2024-01-25 19:52:13', '2024-01-26 08:40:17'),
	(12, 64, 1, 'Universitas Pasundan', 'Mahasiswa Jenjang S1', NULL, 'unemployed', NULL, '901035014492', 'SEA Bank', 'Flip (akan diupdate)', 'Sastra Inggris', 'Islam', 'Watching, Listening, Singing ', 'Creating English learning video ', 'Keep going on', '<ol>\n<li dir="ltr" aria-level="1">\n<p dir="ltr" role="presentation">Teaching English Speaking, Pronunciation, Vocabulary - Interpeace, Kampung Inggris Pare (2018)</p>\n</li>\n<li dir="ltr" aria-level="1">\n<p dir="ltr" role="presentation">Teaching an elementary student privately for English lesson in a month (2020)</p>\n</li>\n<li dir="ltr" aria-level="1">\n<p dir="ltr" role="presentation">Teaching as a solver for English lesson at Roboguru in six months (2021)&nbsp;</p>\n</li>\n<li dir="ltr" aria-level="1">\n<p dir="ltr" role="presentation">Teaching English and Math&nbsp; in KaSi (2022 - present).</p>\n</li>\n</ol>\n<p>&nbsp;</p>', '<ol>\n<li dir="ltr" aria-level="1">\n<p dir="ltr" role="presentation">Publication Departmen of WCD Kampung Inggris Branch (2018)</p>\n</li>\n<li dir="ltr" aria-level="1">\n<p dir="ltr" role="presentation">Committee English Conversation Club in ESA Pasundan University&nbsp; (2021)</p>\n</li>\n</ol>\n<p>&nbsp;</p>', '<ol>\n<li dir="ltr" aria-level="1">\n<p dir="ltr" role="presentation">Private learning for SBMPTN of Medical faculty - LPP Salman ITB (2017)</p>\n</li>\n<li dir="ltr" aria-level="1">\n<p dir="ltr" role="presentation">&nbsp;Awardee of Interpeace Scholarship of English Trainer (2018)</p>\n</li>\n</ol>\n<p>&nbsp;</p>', '2024-01-25 19:54:09', '2024-01-26 08:39:08'),
	(13, 65, 1, 'Institut Teknologi Bandung', 'Mahasiswa Jenjang S2', NULL, 'unemployed', NULL, '0454142529', 'BNI', 'Flip (akan diupdate)', 'Teknik Geologi', 'Katolik', 'Swimming, nature travelling', 'Sharing, creative art, photography', 'Universe rules our life, keep believing in the best', '<ol>\n<li dir="ltr" aria-level="1">\n<p dir="ltr" role="presentation">Assistant Laboratory of Physics - ITS (2020)</p>\n</li>\n<li dir="ltr" aria-level="1">\n<p dir="ltr" role="presentation">Assistant Laboratory of Electromagnetic Exploration - ITS (2021)</p>\n</li>\n</ol>\n<p>&nbsp;</p>', '<ol>\n<li dir="ltr" aria-level="1">\n<p dir="ltr" role="presentation">Head of Entrepreneurship HMGI (2019-2020)</p>\n</li>\n<li dir="ltr" aria-level="1">\n<p dir="ltr" role="presentation">Chief Extecutive of Seminar Nasional HMGI (2019)</p>\n</li>\n</ol>\n<p>&nbsp;</p>', '<ol>\n<li dir="ltr" aria-level="1">\n<p dir="ltr" role="presentation">4th place of Essay Competition Solver ITB 2021</p>\n</li>\n<li dir="ltr" aria-level="1">\n<p dir="ltr" role="presentation">International Publication of ITB Geothermal International Workshop 2021</p>\n</li>\n</ol>\n<p>&nbsp;</p>', '2024-01-25 19:55:52', '2024-01-26 08:37:01'),
	(14, 66, 1, 'ITS', 'Mahasiswa Jenjang S3', NULL, 'freelance', NULL, '144-001-7939-759', 'Mandiri', 'Flip BCA: 5465389254 (Akan diupdate)', 'Matematika', 'Islam', 'Studying, singing, and watching movies or series', 'Teaching and graphic design', 'We learn and grow together. Learning by doing.', '<ol>\n<li dir="ltr" aria-level="1">\n<p dir="ltr" role="presentation">Teaching Mathematics - SMP Negeri 48 Surabaya (2016-2017)</p>\n</li>\n<li dir="ltr" aria-level="1">\n<p dir="ltr" role="presentation">Teaching English Speaking, Grammar, &amp; Pronunciation - Interpeace, Kampung Inggris Pare (2018)</p>\n</li>\n<li dir="ltr" aria-level="1">\n<p dir="ltr" role="presentation">Teaching Mathematics for International Elementary School&rsquo;s Students - Sun Smart (2019 - present)</p>\n</li>\n<li dir="ltr" aria-level="1">\n<p dir="ltr" role="presentation">Teaching Mathematics &amp; English for Senior High School&rsquo;s Students - Sun Smart (2019 - 2021)</p>\n</li>\n<li dir="ltr" aria-level="1">\n<p dir="ltr" role="presentation">Teaching All Subject for Home-schooling Elementary School&rsquo;s Students - Sun Smart (2022 - present)</p>\n</li>\n<li dir="ltr" aria-level="1">\n<p dir="ltr" role="presentation">Teaching Mathematics for both Junior &amp; Senior High School&rsquo;s Students - RBC (2019 - present)</p>\n</li>\n<li dir="ltr" aria-level="1">\n<p dir="ltr" role="presentation">Teaching Mathematics for UTBK-SBMPTN - Azka Course (2022)</p>\n</li>\n<li dir="ltr" aria-level="1">\n<p dir="ltr" role="presentation">Teaching English Speaking for Children - Azka Course (2021 - present)</p>\n</li>\n<li dir="ltr" aria-level="1">\n<p dir="ltr" role="presentation">Teaching General English for Employee - Azka Course (2022 - present)</p>\n</li>\n<li dir="ltr" aria-level="1">\n<p dir="ltr" role="presentation">Teaching English Speaking - KaSi (2022 - present)</p>\n</li>\n</ol>\n<p>&nbsp;</p>', '<ol>\n<li dir="ltr" aria-level="1">\n<p dir="ltr" role="presentation">The Head of WCD Kampung Inggris Branch (2018)</p>\n</li>\n<li dir="ltr" aria-level="1">\n<p dir="ltr" role="presentation">Creative Media Coordinator - Scholars (2018)</p>\n</li>\n<li dir="ltr" aria-level="1">\n<p dir="ltr" role="presentation">IPITS Event Coordinator - ITS (2020)</p>\n</li>\n<li dir="ltr" aria-level="1">\n<p dir="ltr" role="presentation">Student Resource Development Division Coordinator - HMP ITS (2019 - 2021)</p>\n</li>\n</ol>\n<p>&nbsp;</p>', '<p dir="ltr">&nbsp;&nbsp;&nbsp;&nbsp;&nbsp;&nbsp;Awardee of Interpeace Scholarship of English Trainer (2018)</p>\n<p>&nbsp;</p>', '2024-01-25 19:58:06', '2024-01-26 08:35:15'),
	(15, 68, 1, 'Universitas Kristen Petra', 's1', NULL, 'unemployed', NULL, '6750726281', 'BCA', NULL, 'English for Creative Industry', 'Kristen', 'Membaca buku, mendengarkan musik', 'Books, teaching, menulis cerita', 'Do everything as if for the Lord, and not for men.', '<ol>\n<li dir="ltr" aria-level="1">\n<p dir="ltr" role="presentation">HIMASAINTRA English tutor for Grammar and Writing - Petra Christian University (2020-2021)</p>\n</li>\n<li dir="ltr" aria-level="1">\n<p dir="ltr" role="presentation">English tutor for Grammar 3 and Writing 3 - GE-I Class (2021)</p>\n</li>\n</ol>\n<p>&nbsp;</p>', '<ol>\n<li dir="ltr" aria-level="1">\n<p dir="ltr" role="presentation">Frontline Division at Welcome Grateful Generation - Petra Christian University (2020-2021)</p>\n</li>\n<li dir="ltr" aria-level="1">\n<p dir="ltr" role="presentation">Tutor&rsquo;s Assistant at Ethics Enrichment Program - Petra Christian University (2020-2022)</p>\n</li>\n<li dir="ltr" aria-level="1">\n<p dir="ltr" role="presentation">Coordinator of Secretariat and Consumption Division for Welcome Grateful Generation Prodi (WGGP) English Department - Petra Christian University (2022)</p>\n</li>\n</ol>', '<p><strong id="docs-internal-guid-4a3f50f2-7fff-6160-8596-1150d8dc860b">Won 2nd place for Erlangga English Speech Competition - Anak Bangsa Senior High School (2018)</strong></p>', '2024-01-26 08:31:04', '2024-01-26 08:31:04');

-- Dumping structure for table kasi_edu.tutor_evaluations
CREATE TABLE IF NOT EXISTS `tutor_evaluations` (
  `id` bigint(20) unsigned NOT NULL AUTO_INCREMENT,
  `created_at` timestamp NOT NULL,
  `updated_at` timestamp NOT NULL,
  `evaluation_date` timestamp NOT NULL,
  `received_date` timestamp NOT NULL,
  `tutor_id` bigint(20) unsigned NOT NULL DEFAULT '0',
  `scoring` json NOT NULL,
  PRIMARY KEY (`id`),
  KEY `FK_evaluation_tutors` (`tutor_id`),
  CONSTRAINT `FK_evaluation_tutors` FOREIGN KEY (`tutor_id`) REFERENCES `tutors` (`id`) ON DELETE NO ACTION ON UPDATE NO ACTION
) ENGINE=InnoDB DEFAULT CHARSET=utf8mb4;

-- Dumping data for table kasi_edu.tutor_evaluations: ~0 rows (approximately)

-- Dumping structure for table kasi_edu.tutor_payment_sharing
CREATE TABLE IF NOT EXISTS `tutor_payment_sharing` (
  `id` bigint(20) unsigned NOT NULL AUTO_INCREMENT,
  `created_at` timestamp NULL DEFAULT NULL,
  `updated_at` timestamp NULL DEFAULT NULL,
  `payment_number` bigint(20) unsigned NOT NULL,
  `due_date` datetime DEFAULT NULL,
  `class_id` bigint(20) unsigned NOT NULL,
  `tutor_id` bigint(20) unsigned NOT NULL,
  `pay_date` datetime DEFAULT NULL,
  `amount` decimal(20,6) unsigned NOT NULL DEFAULT '0.000000',
  `pay_method` enum('bank_transfer','other','flip','gopay','dana','ovo') NOT NULL DEFAULT 'bank_transfer',
  `payment_proof` varchar(1024) DEFAULT NULL,
  `additional_info` text,
  PRIMARY KEY (`id`) USING BTREE,
  KEY `FK_tutor_payment_sharing_tutors` (`tutor_id`),
  KEY `FK__billings` (`class_id`) USING BTREE,
  CONSTRAINT `FK_tutor_payment_sharing_courses` FOREIGN KEY (`class_id`) REFERENCES `courses` (`id`) ON DELETE NO ACTION ON UPDATE NO ACTION,
  CONSTRAINT `FK_tutor_payment_sharing_tutors` FOREIGN KEY (`tutor_id`) REFERENCES `tutors` (`id`) ON DELETE NO ACTION ON UPDATE NO ACTION
) ENGINE=InnoDB AUTO_INCREMENT=48 DEFAULT CHARSET=utf8mb4 ROW_FORMAT=DYNAMIC;

-- Dumping data for table kasi_edu.tutor_payment_sharing: ~47 rows (approximately)
INSERT INTO `tutor_payment_sharing` (`id`, `created_at`, `updated_at`, `payment_number`, `due_date`, `class_id`, `tutor_id`, `pay_date`, `amount`, `pay_method`, `payment_proof`, `additional_info`) VALUES
	(1, '2024-02-02 04:45:05', '2024-02-03 10:14:44', 1, '2024-02-02 11:45:05', 20, 9, '2024-02-03 17:14:44', 45000.000000, 'bank_transfer', 'levana-vivian-tutor/00001-20240203 171444.png', NULL),
	(2, '2024-02-02 04:45:05', '2024-02-03 10:14:44', 1, '2024-02-02 11:45:05', 21, 9, '2024-02-03 17:14:44', 45000.000000, 'bank_transfer', 'levana-vivian-tutor/00001-20240203 171444.png', NULL),
	(3, '2024-02-02 04:45:05', '2024-02-03 10:14:44', 1, '2024-02-02 11:45:05', 22, 9, '2024-02-03 17:14:44', 45000.000000, 'bank_transfer', 'levana-vivian-tutor/00001-20240203 171444.png', NULL),
	(4, '2024-02-02 04:45:05', '2024-02-03 10:14:44', 1, '2024-02-02 11:45:05', 23, 9, '2024-02-03 17:14:44', 37500.000000, 'bank_transfer', 'levana-vivian-tutor/00001-20240203 171444.png', NULL),
	(5, '2024-02-02 04:45:05', '2024-02-03 10:14:44', 1, '2024-02-02 11:45:05', 24, 9, '2024-02-03 17:14:44', 18750.000000, 'bank_transfer', 'levana-vivian-tutor/00001-20240203 171444.png', NULL),
	(6, '2024-02-02 04:45:05', '2024-02-03 10:14:44', 1, '2024-02-02 11:45:05', 25, 9, '2024-02-03 17:14:44', 37500.000000, 'bank_transfer', 'levana-vivian-tutor/00001-20240203 171444.png', NULL),
	(7, '2024-02-02 04:45:05', '2024-02-03 10:14:44', 1, '2024-02-02 11:45:05', 26, 9, '2024-02-03 17:14:44', 63750.000000, 'bank_transfer', 'levana-vivian-tutor/00001-20240203 171444.png', NULL),
	(8, '2024-02-03 00:55:05', '2024-02-03 01:50:44', 2, '2024-02-03 07:55:05', 2, 11, '2024-02-03 08:50:44', 31875.000000, 'bank_transfer', 'ching-sioe-tutor/00002-20240203 085044.png', 'Ref 3DDD7FDC-8385-482F-87A1-059ACA24A87C'),
	(9, '2024-02-03 00:55:05', '2024-02-03 01:50:44', 2, '2024-02-03 07:55:05', 3, 11, '2024-02-03 08:50:44', 31875.000000, 'bank_transfer', 'ching-sioe-tutor/00002-20240203 085044.png', 'Ref 3DDD7FDC-8385-482F-87A1-059ACA24A87C'),
	(10, '2024-02-03 00:55:06', '2024-02-03 01:50:44', 2, '2024-02-03 07:55:06', 4, 11, '2024-02-03 08:50:44', 45000.000000, 'bank_transfer', 'ching-sioe-tutor/00002-20240203 085044.png', 'Ref 3DDD7FDC-8385-482F-87A1-059ACA24A87C'),
	(11, '2024-02-03 00:55:06', '2024-02-03 01:50:44', 2, '2024-02-03 07:55:06', 5, 11, '2024-02-03 08:50:44', 45000.000000, 'bank_transfer', 'ching-sioe-tutor/00002-20240203 085044.png', 'Ref 3DDD7FDC-8385-482F-87A1-059ACA24A87C'),
	(12, '2024-02-03 00:55:06', '2024-02-03 01:50:44', 2, '2024-02-03 07:55:06', 6, 11, '2024-02-03 08:50:44', 45000.000000, 'bank_transfer', 'ching-sioe-tutor/00002-20240203 085044.png', 'Ref 3DDD7FDC-8385-482F-87A1-059ACA24A87C'),
	(13, '2024-02-03 00:55:06', '2024-02-03 01:50:44', 2, '2024-02-03 07:55:06', 7, 11, '2024-02-03 08:50:44', 45000.000000, 'bank_transfer', 'ching-sioe-tutor/00002-20240203 085044.png', 'Ref 3DDD7FDC-8385-482F-87A1-059ACA24A87C'),
	(14, '2024-02-03 00:55:06', '2024-02-03 01:50:44', 2, '2024-02-03 07:55:06', 8, 11, '2024-02-03 08:50:44', 67500.000000, 'bank_transfer', 'ching-sioe-tutor/00002-20240203 085044.png', 'Ref 3DDD7FDC-8385-482F-87A1-059ACA24A87C'),
	(15, '2024-02-03 00:55:06', '2024-02-03 01:50:44', 2, '2024-02-03 07:55:06', 10, 11, '2024-02-03 08:50:44', 15000.000000, 'bank_transfer', 'ching-sioe-tutor/00002-20240203 085044.png', 'Ref 3DDD7FDC-8385-482F-87A1-059ACA24A87C'),
	(16, '2024-02-03 00:55:06', '2024-02-03 01:50:44', 2, '2024-02-03 07:55:06', 11, 11, '2024-02-03 08:50:44', 45000.000000, 'bank_transfer', 'ching-sioe-tutor/00002-20240203 085044.png', 'Ref 3DDD7FDC-8385-482F-87A1-059ACA24A87C'),
	(17, '2024-02-03 00:55:06', '2024-02-03 01:50:44', 2, '2024-02-03 07:55:06', 12, 11, '2024-02-03 08:50:44', 45000.000000, 'bank_transfer', 'ching-sioe-tutor/00002-20240203 085044.png', 'Ref 3DDD7FDC-8385-482F-87A1-059ACA24A87C'),
	(18, '2024-02-03 00:55:06', '2024-02-03 01:50:45', 2, '2024-02-03 07:55:06', 13, 11, '2024-02-03 08:50:45', 45000.000000, 'bank_transfer', 'ching-sioe-tutor/00002-20240203 085044.png', 'Ref 3DDD7FDC-8385-482F-87A1-059ACA24A87C'),
	(19, '2024-02-03 00:55:06', '2024-02-03 01:50:45', 2, '2024-02-03 07:55:06', 14, 11, '2024-02-03 08:50:45', 45000.000000, 'bank_transfer', 'ching-sioe-tutor/00002-20240203 085044.png', 'Ref 3DDD7FDC-8385-482F-87A1-059ACA24A87C'),
	(20, '2024-02-03 00:55:06', '2024-02-03 01:50:45', 2, '2024-02-03 07:55:06', 15, 11, '2024-02-03 08:50:45', 45000.000000, 'bank_transfer', 'ching-sioe-tutor/00002-20240203 085044.png', 'Ref 3DDD7FDC-8385-482F-87A1-059ACA24A87C'),
	(21, '2024-02-03 00:55:08', '2024-02-03 01:31:41', 3, '2024-02-03 07:55:08', 33, 12, '2024-02-03 08:31:41', 45000.000000, 'flip', 'siti-hasanah-tutor/00003-20240203 083141.jpg', 'Ref FT443052412'),
	(22, '2024-02-03 00:55:08', '2024-02-03 01:31:41', 3, '2024-02-03 07:55:08', 34, 12, '2024-02-03 08:31:41', 18750.000000, 'flip', 'siti-hasanah-tutor/00003-20240203 083141.jpg', 'Ref FT443052412'),
	(23, '2024-02-03 00:55:08', '2024-02-03 01:31:41', 3, '2024-02-03 07:55:08', 35, 12, '2024-02-03 08:31:41', 18750.000000, 'flip', 'siti-hasanah-tutor/00003-20240203 083141.jpg', 'Ref FT443052412'),
	(24, '2024-02-03 00:55:08', '2024-02-03 01:31:41', 3, '2024-02-03 07:55:08', 36, 12, '2024-02-03 08:31:41', 18750.000000, 'flip', 'siti-hasanah-tutor/00003-20240203 083141.jpg', 'Ref FT443052412'),
	(25, '2024-02-03 00:55:08', '2024-02-03 01:31:41', 3, '2024-02-03 07:55:08', 37, 12, '2024-02-03 08:31:41', 45000.000000, 'flip', 'siti-hasanah-tutor/00003-20240203 083141.jpg', 'Ref FT443052412'),
	(26, '2024-02-03 00:55:08', '2024-02-03 01:31:41', 3, '2024-02-03 07:55:08', 38, 12, '2024-02-03 08:31:41', 45000.000000, 'flip', 'siti-hasanah-tutor/00003-20240203 083141.jpg', 'Ref FT443052412'),
	(27, '2024-02-03 00:55:08', '2024-02-03 01:31:41', 3, '2024-02-03 07:55:08', 39, 12, '2024-02-03 08:31:41', 45000.000000, 'flip', 'siti-hasanah-tutor/00003-20240203 083141.jpg', 'Ref FT443052412'),
	(28, '2024-02-03 00:55:08', '2024-02-03 01:31:41', 3, '2024-02-03 07:55:08', 40, 12, '2024-02-03 08:31:41', 22500.000000, 'flip', 'siti-hasanah-tutor/00003-20240203 083141.jpg', 'Ref FT443052412'),
	(29, '2024-02-03 00:55:08', '2024-02-03 01:31:41', 3, '2024-02-03 07:55:08', 41, 12, '2024-02-03 08:31:41', 22500.000000, 'flip', 'siti-hasanah-tutor/00003-20240203 083141.jpg', 'Ref FT443052412'),
	(30, '2024-02-03 00:55:09', '2024-02-03 10:09:45', 4, '2024-02-03 07:55:09', 16, 13, '2024-02-03 17:09:45', 45000.000000, 'bank_transfer', 'dionisius-alfa-amori-kusuma-tutor/00004-20240203 170945.jpg', 'Ref FT443317864'),
	(31, '2024-02-03 00:55:09', '2024-02-03 10:09:45', 4, '2024-02-03 07:55:09', 17, 13, '2024-02-03 17:09:45', 45000.000000, 'bank_transfer', 'dionisius-alfa-amori-kusuma-tutor/00004-20240203 170945.jpg', 'Ref FT443317864'),
	(32, '2024-02-03 00:55:09', '2024-02-03 10:09:45', 4, '2024-02-03 07:55:09', 18, 13, '2024-02-03 17:09:45', 45000.000000, 'bank_transfer', 'dionisius-alfa-amori-kusuma-tutor/00004-20240203 170945.jpg', 'Ref FT443317864'),
	(33, '2024-02-03 00:55:09', '2024-02-03 10:09:45', 4, '2024-02-03 07:55:09', 19, 13, '2024-02-03 17:09:45', 52500.000000, 'bank_transfer', 'dionisius-alfa-amori-kusuma-tutor/00004-20240203 170945.jpg', 'Ref FT443317864'),
	(34, '2024-02-03 00:55:09', '2024-02-08 11:52:44', 5, '2024-02-03 07:55:09', 42, 14, '2024-02-08 18:52:44', 45000.000000, 'flip', 'erna-setiawati-tutor/00005-20240208 185244.jpg', 'ID #FT445696147'),
	(35, '2024-02-03 00:55:09', '2024-02-08 11:52:44', 5, '2024-02-03 07:55:09', 43, 14, '2024-02-08 18:52:44', 45000.000000, 'flip', 'erna-setiawati-tutor/00005-20240208 185244.jpg', 'ID #FT445696147'),
	(36, '2024-02-03 00:55:09', '2024-02-08 11:52:44', 5, '2024-02-03 07:55:09', 44, 14, '2024-02-08 18:52:44', 45000.000000, 'flip', 'erna-setiawati-tutor/00005-20240208 185244.jpg', 'ID #FT445696147'),
	(37, '2024-02-03 00:55:09', '2024-02-08 11:52:44', 5, '2024-02-03 07:55:09', 45, 14, '2024-02-08 18:52:44', 45000.000000, 'flip', 'erna-setiawati-tutor/00005-20240208 185244.jpg', 'ID #FT445696147'),
	(38, '2024-02-03 00:55:09', '2024-02-08 11:52:44', 5, '2024-02-03 07:55:09', 46, 14, '2024-02-08 18:52:44', 45000.000000, 'flip', 'erna-setiawati-tutor/00005-20240208 185244.jpg', 'ID #FT445696147'),
	(39, '2024-02-03 00:55:09', '2024-02-08 11:52:44', 5, '2024-02-03 07:55:09', 47, 14, '2024-02-08 18:52:44', 45000.000000, 'flip', 'erna-setiawati-tutor/00005-20240208 185244.jpg', 'ID #FT445696147'),
	(40, '2024-02-03 00:55:10', '2024-02-08 11:52:44', 5, '2024-02-03 07:55:10', 48, 14, '2024-02-08 18:52:44', 45000.000000, 'flip', 'erna-setiawati-tutor/00005-20240208 185244.jpg', 'ID #FT445696147'),
	(41, '2024-02-03 00:55:10', '2024-02-08 11:52:44', 5, '2024-02-03 07:55:10', 51, 14, '2024-02-08 18:52:44', 45000.000000, 'flip', 'erna-setiawati-tutor/00005-20240208 185244.jpg', 'ID #FT445696147'),
	(42, '2024-02-03 00:55:10', '2024-02-12 02:49:26', 6, '2024-02-03 07:55:10', 27, 15, '2024-02-12 09:49:26', 63750.000000, 'bank_transfer', 'veronica-febriyanti-adam-tutor/00006-20240212 094926.png', NULL),
	(43, '2024-02-03 00:55:10', '2024-02-12 02:49:26', 6, '2024-02-03 07:55:10', 28, 15, '2024-02-12 09:49:26', 63750.000000, 'bank_transfer', 'veronica-febriyanti-adam-tutor/00006-20240212 094926.png', NULL),
	(44, '2024-02-03 00:55:10', '2024-02-12 02:49:26', 6, '2024-02-03 07:55:10', 29, 15, '2024-02-12 09:49:26', 63750.000000, 'bank_transfer', 'veronica-febriyanti-adam-tutor/00006-20240212 094926.png', NULL),
	(45, '2024-02-03 00:55:10', '2024-02-12 02:49:26', 6, '2024-02-03 07:55:10', 30, 15, '2024-02-12 09:49:26', 63750.000000, 'bank_transfer', 'veronica-febriyanti-adam-tutor/00006-20240212 094926.png', NULL),
	(46, '2024-02-03 00:55:10', '2024-02-12 02:49:26', 6, '2024-02-03 07:55:10', 31, 15, '2024-02-12 09:49:26', 63750.000000, 'bank_transfer', 'veronica-febriyanti-adam-tutor/00006-20240212 094926.png', NULL),
	(47, '2024-02-03 00:55:10', '2024-02-12 02:49:26', 6, '2024-02-03 07:55:10', 32, 15, '2024-02-12 09:49:26', 63750.000000, 'bank_transfer', 'veronica-febriyanti-adam-tutor/00006-20240212 094926.png', NULL);

-- Dumping structure for table kasi_edu.tutor_skills
CREATE TABLE IF NOT EXISTS `tutor_skills` (
  `id` bigint(20) unsigned NOT NULL DEFAULT '0',
  `name` varchar(50) NOT NULL DEFAULT '0',
  `price` decimal(20,6) unsigned DEFAULT NULL,
  PRIMARY KEY (`id`)
) ENGINE=InnoDB DEFAULT CHARSET=utf8mb4;

-- Dumping data for table kasi_edu.tutor_skills: ~18 rows (approximately)
INSERT INTO `tutor_skills` (`id`, `name`, `price`) VALUES
	(1, 'Matematika SD', 50000.000000),
	(2, 'Matematika SMP', 60000.000000),
	(3, 'Matematika SMA', 70000.000000),
	(4, 'Bahasa Inggris SD', 50000.000000),
	(5, 'Bahasa Inggris SMP', 60000.000000),
	(6, 'Bahasa Inggris SMA', 70000.000000),
	(7, 'IPA SD', 50000.000000),
	(8, 'IPA SMP', 60000.000000),
	(9, 'Kimia SMA', 70000.000000),
	(10, 'Fisika SMA', 70000.000000),
	(11, 'Fisika SMP', 60000.000000),
	(12, 'Biologi SMP', 60000.000000),
	(13, 'Biologi SMA', 70000.000000),
	(14, 'General English', 85000.000000),
	(15, 'English Preparation for TOEFL', 95000.000000),
	(16, 'English Preparation for IELTS', 110000.000000),
	(17, 'General English for Korean 12', 12000.000000),
	(18, 'General English for Korean 16', 16000.000000),
	(19, 'Matematika SD Internasional', 60000.000000),
	(20, 'Matematika SMP Internasional', 70000.000000),
	(21, 'Bahasa Inggris SD Internasional', 60000.000000),
	(22, 'General English SMP', 70000.000000),
	(23, 'General English SD', 60000.000000);

-- Dumping structure for table kasi_edu.tutor_skills_pivot
CREATE TABLE IF NOT EXISTS `tutor_skills_pivot` (
  `id` bigint(20) unsigned NOT NULL AUTO_INCREMENT,
  `Column 2` bigint(20) unsigned NOT NULL DEFAULT '0',
  `created_at` timestamp NULL DEFAULT NULL,
  `updated_at` timestamp NULL DEFAULT NULL,
  `tutor_id` bigint(20) unsigned NOT NULL DEFAULT '0',
  `skill_id` bigint(20) unsigned NOT NULL DEFAULT '0',
  PRIMARY KEY (`id`),
  KEY `FK__tutors` (`tutor_id`),
  KEY `FK_tutor_skills_pivot_tutor_skills` (`skill_id`),
  CONSTRAINT `FK__tutors` FOREIGN KEY (`tutor_id`) REFERENCES `tutors` (`id`) ON DELETE CASCADE ON UPDATE NO ACTION,
  CONSTRAINT `FK_tutor_skills_pivot_tutor_skills` FOREIGN KEY (`skill_id`) REFERENCES `tutor_skills` (`id`) ON DELETE CASCADE ON UPDATE NO ACTION
) ENGINE=InnoDB AUTO_INCREMENT=47 DEFAULT CHARSET=utf8mb4;

-- Dumping data for table kasi_edu.tutor_skills_pivot: ~31 rows (approximately)
INSERT INTO `tutor_skills_pivot` (`id`, `Column 2`, `created_at`, `updated_at`, `tutor_id`, `skill_id`) VALUES
	(10, 0, '2024-01-21 10:43:59', '2024-01-21 10:43:59', 9, 4),
	(11, 0, '2024-01-21 10:43:59', '2024-01-21 10:43:59', 9, 5),
	(12, 0, '2024-01-21 10:44:00', '2024-01-21 10:44:00', 9, 6),
	(13, 0, '2024-01-21 10:44:00', '2024-01-21 10:44:00', 9, 14),
	(15, 0, '2024-01-25 19:52:13', '2024-01-25 19:52:13', 11, 1),
	(16, 0, '2024-01-25 19:52:13', '2024-01-25 19:52:13', 11, 4),
	(17, 0, '2024-01-25 19:52:13', '2024-01-25 19:52:13', 11, 5),
	(18, 0, '2024-01-25 19:52:13', '2024-01-25 19:52:13', 11, 6),
	(19, 0, '2024-01-25 19:52:13', '2024-01-25 19:52:13', 11, 14),
	(20, 0, '2024-01-25 19:52:13', '2024-01-25 19:52:13', 11, 15),
	(21, 0, '2024-01-25 19:54:09', '2024-01-25 19:54:09', 12, 4),
	(22, 0, '2024-01-25 19:54:10', '2024-01-25 19:54:10', 12, 5),
	(23, 0, '2024-01-25 19:54:10', '2024-01-25 19:54:10', 12, 6),
	(24, 0, '2024-01-25 19:54:10', '2024-01-25 19:54:10', 12, 14),
	(25, 0, '2024-01-25 19:55:52', '2024-01-25 19:55:52', 13, 1),
	(26, 0, '2024-01-25 19:55:52', '2024-01-25 19:55:52', 13, 2),
	(27, 0, '2024-01-25 19:55:52', '2024-01-25 19:55:52', 13, 3),
	(28, 0, '2024-01-25 19:58:06', '2024-01-25 19:58:06', 14, 1),
	(29, 0, '2024-01-25 19:58:07', '2024-01-25 19:58:07', 14, 2),
	(30, 0, '2024-01-25 19:58:07', '2024-01-25 19:58:07', 14, 3),
	(31, 0, '2024-01-25 19:58:07', '2024-01-25 19:58:07', 14, 4),
	(32, 0, '2024-01-25 19:58:07', '2024-01-25 19:58:07', 14, 5),
	(33, 0, '2024-01-25 19:58:07', '2024-01-25 19:58:07', 14, 6),
	(34, 0, '2024-01-25 19:58:07', '2024-01-25 19:58:07', 14, 14),
	(35, 0, '2024-01-25 19:58:07', '2024-01-25 19:58:07', 14, 15),
	(36, 0, '2024-01-26 08:31:04', '2024-01-26 08:31:04', 15, 4),
	(37, 0, '2024-01-26 08:31:04', '2024-01-26 08:31:04', 15, 5),
	(38, 0, '2024-01-26 08:31:04', '2024-01-26 08:31:04', 15, 6),
	(39, 0, '2024-01-26 08:31:04', '2024-01-26 08:31:04', 15, 14),
	(40, 0, '2024-01-26 08:31:04', '2024-01-26 08:31:04', 15, 15),
	(41, 0, '2024-01-26 08:31:04', '2024-01-26 08:31:04', 15, 16),
	(42, 0, NULL, NULL, 11, 17),
	(43, 0, NULL, NULL, 9, 17),
	(44, 0, NULL, NULL, 11, 19),
	(45, 0, NULL, NULL, 13, 20),
	(46, 0, '2024-01-21 10:43:59', '2024-01-21 10:43:59', 9, 21);

-- Dumping structure for table kasi_edu.users
CREATE TABLE IF NOT EXISTS `users` (
  `id` bigint(20) unsigned NOT NULL AUTO_INCREMENT,
  `name` varchar(255) COLLATE utf8mb4_unicode_ci NOT NULL,
  `nickname` varchar(255) COLLATE utf8mb4_unicode_ci DEFAULT NULL,
  `email` varchar(255) COLLATE utf8mb4_unicode_ci DEFAULT NULL,
  `email_verified_at` timestamp NULL DEFAULT NULL,
  `mobile_number` varchar(50) COLLATE utf8mb4_unicode_ci DEFAULT NULL,
  `password` varchar(255) COLLATE utf8mb4_unicode_ci DEFAULT NULL,
  `two_factor_secret` text COLLATE utf8mb4_unicode_ci,
  `two_factor_recovery_codes` text COLLATE utf8mb4_unicode_ci,
  `two_factor_confirmed_at` timestamp NULL DEFAULT NULL,
  `remember_token` varchar(100) COLLATE utf8mb4_unicode_ci DEFAULT NULL,
  `current_team_id` bigint(20) unsigned DEFAULT NULL,
  `profile_photo_path` varchar(2048) COLLATE utf8mb4_unicode_ci DEFAULT NULL,
  `created_at` timestamp NULL DEFAULT NULL,
  `updated_at` timestamp NULL DEFAULT NULL,
  `birthday` date DEFAULT NULL,
  `last_login_at` timestamp NULL DEFAULT NULL,
  `last_active_at` timestamp NULL DEFAULT NULL,
  `exist_status` enum('Aktif','Berhenti Sementara','Berhenti Permanen','Reaktivasi') COLLATE utf8mb4_unicode_ci NOT NULL DEFAULT 'Aktif',
  `welcome_valid_until` timestamp NULL DEFAULT NULL,
  `address` text COLLATE utf8mb4_unicode_ci,
  `city` varchar(50) COLLATE utf8mb4_unicode_ci DEFAULT NULL,
  `province` varchar(50) COLLATE utf8mb4_unicode_ci DEFAULT NULL,
  `slug` varchar(50) COLLATE utf8mb4_unicode_ci DEFAULT NULL,
  `role` enum('TUTOR','ADMIN','MURID','WALI MURID','SUPERADMIN') COLLATE utf8mb4_unicode_ci DEFAULT NULL,
  PRIMARY KEY (`id`),
  UNIQUE KEY `users_email_unique` (`email`)
) ENGINE=InnoDB AUTO_INCREMENT=99 DEFAULT CHARSET=utf8mb4 COLLATE=utf8mb4_unicode_ci;

-- Dumping data for table kasi_edu.users: ~21 rows (approximately)
INSERT INTO `users` (`id`, `name`, `nickname`, `email`, `email_verified_at`, `mobile_number`, `password`, `two_factor_secret`, `two_factor_recovery_codes`, `two_factor_confirmed_at`, `remember_token`, `current_team_id`, `profile_photo_path`, `created_at`, `updated_at`, `birthday`, `last_login_at`, `last_active_at`, `exist_status`, `welcome_valid_until`, `address`, `city`, `province`, `slug`, `role`) VALUES
	(1, 'Kangen Menginspirasi', 'KASI', 'kangenmenginspirasi@gmail.com', '2023-11-09 00:59:10', '6285179824064', '$2y$12$Y1zwo2ybBa0tW1ZbA5o.AeS8KCCwsqYxEispibLlHEI40R8cm2wjG', NULL, NULL, NULL, NULL, NULL, NULL, '2023-11-09 00:23:42', '2024-02-27 01:54:46', '2020-06-24', '2023-12-12 10:58:55', '2024-02-27 01:54:46', 'Aktif', NULL, NULL, NULL, NULL, 'kangen-menginspirasi', 'SUPERADMIN'),
	(60, 'Levana Vivian', 'Levy', 'levnurtanto@gmail.com', NULL, '628118809900', '$2y$12$xi33bvXJvRqzZNgl.3MxKeS3YiU.birCpa1O2DbHCQuhenSicUfTm', NULL, NULL, NULL, NULL, NULL, NULL, '2024-01-21 10:43:59', '2024-02-24 10:03:50', '1999-09-04', NULL, '2024-02-24 10:03:50', 'Aktif', NULL, 'Taman Permata Sektor 5 Blok A7/47, Lippo Karawaci, Tangerang\n', NULL, NULL, 'levana-vivian-tutor', 'TUTOR'),
	(63, 'Ching Sioe', 'Ching', 'chingsioe@gmail.com', '2024-02-01 11:51:12', '6282338669575', '$2y$12$5SFlcP820YSvaJfpy4znQuVKNOamSfPYmlHMIwH5mYFh2fuhkHsKi', NULL, NULL, NULL, 'E3PU8KPCMMPGdDQKt3eHUFGmEdotLujCvSpqM6psU8CtAI1TofKqYSZ3G530', NULL, NULL, '2024-01-25 19:52:13', '2024-02-26 12:06:24', '2001-09-25', NULL, '2024-02-26 12:06:24', 'Aktif', NULL, 'Jl. Semeru No-,  RT 002/RW003, Ajung, Jember\n', NULL, NULL, 'ching-sioe-tutor', 'TUTOR'),
	(64, 'Siti Hasanah', 'Siti', 'adsth2501@gmail.com', NULL, '6285871102639', '$2y$12$Vz9ui4Vxq0ei4KGPgVfp2ekV16CqtlWBaKr2E0sTaZSZFUGdEx.E6', NULL, NULL, NULL, 'zZRhLGnTTn3UdUsgVV7YCTjTECrK2EMTnsCfWoGVWUt7SNgaeLXw2DwSm9Lx', NULL, NULL, '2024-01-25 19:54:09', '2024-02-25 09:27:24', '1999-01-25', NULL, '2024-02-25 09:27:24', 'Aktif', NULL, 'KP. Cikurutug No.46 RT 02/02 Ciburial, Cimenyan, Bandung', NULL, NULL, 'siti-hasanah-tutor', 'TUTOR'),
	(65, 'Dionisius Alfa Amori Kusuma', 'Dion', 'dionisiusalfa@gmail.com', NULL, '6282141731114', '$2y$12$ORn79EP4RxDCZW4qK3STyeZaFZbgS6W50I3NvP5kqGZByhLO.2muK', NULL, NULL, NULL, NULL, NULL, NULL, '2024-01-25 19:55:52', '2024-02-25 12:07:54', '1999-03-09', NULL, '2024-02-25 12:07:54', 'Aktif', NULL, 'Jl. Cisitu Indah V no.5a Bandung ', NULL, NULL, 'dionisius-alfa-amori-kusuma-tutor', 'TUTOR'),
	(66, 'Erna Setiawati', 'Tia', 'ernasetiawati862@gmail.com', NULL, '6287853828520', '$2y$12$RJN4RbIF1ryg24qol.LXXetB1v1FrYfBBy89FfX3Nm8huQCCcPGJm', NULL, NULL, NULL, NULL, NULL, NULL, '2024-01-25 19:58:06', '2024-02-25 10:23:27', '1994-08-28', NULL, '2024-02-25 10:23:27', 'Aktif', NULL, 'Margomulyo Permai Blok AJ No.1, Surabaya\n', NULL, NULL, 'erna-setiawati-tutor', 'TUTOR'),
	(68, 'Veronica Febriyanti Adam', 'Vero', 'veronicafebrianti92@gmail.com', '2024-02-10 11:14:57', '6281216159545', '$2y$12$kJrVXcLgekiaXeWogUA7t.zrNlxKmPkKGMPApS2xDIjcjaRmjbICS', NULL, NULL, NULL, NULL, NULL, NULL, '2024-01-26 08:31:04', '2024-02-25 05:19:05', '2001-02-05', NULL, '2024-02-25 05:19:05', 'Aktif', NULL, 'Jl. Medayu Utara 2 No.40, Surabaya', NULL, NULL, 'veronica-febriyanti-adam-tutor', 'TUTOR'),
	(71, 'Ai Junaenah', NULL, 'ai25junaenah@gmail.com', NULL, '6285659424066', '$2y$12$GwGL9umt6KKfO7wrlZz.ReCbG2SeQMyNt/hM9cEhHlxDqALV6x3DS', NULL, NULL, NULL, NULL, NULL, NULL, '2024-01-26 09:14:37', '2024-02-01 13:59:12', NULL, NULL, '2024-02-01 13:59:12', 'Aktif', NULL, 'Kp. Babakansoka RT 04/RW 07 Desa neglasari Kec. Bojongpicung', NULL, NULL, 'ai-junaenah-wali-murid', 'WALI MURID'),
	(72, 'Agusman Zai', 'Agus', 'agusmanzai2001@gmail.com', NULL, '6282268270632', '$2y$12$ZJw9t22X16pKnGpdwn/vg.wIJNakcChSYHFbvWKMK65qW9SYuVLMK', NULL, NULL, NULL, NULL, NULL, NULL, '2024-01-26 13:25:13', '2024-02-24 06:01:42', '2001-08-22', NULL, '2024-02-24 06:01:42', 'Aktif', NULL, NULL, NULL, NULL, 'agusman-zai-murid', 'MURID'),
	(73, 'Abraham Nararya Rahe Jatmiko', 'Abam', 'bamrahe@gmail.com', NULL, NULL, '$2y$12$QeSKQmMJ4cnDd8K0pkSf7ux9A2rwPWWqWLKy..SMMkd/ydErS68mq', NULL, NULL, NULL, NULL, NULL, NULL, '2024-01-26 13:26:58', '2024-02-24 02:11:21', '2014-11-05', NULL, '2024-02-24 02:11:21', 'Aktif', NULL, NULL, NULL, NULL, 'abraham-nararya-rahe-jatmiko-murid', 'MURID'),
	(74, 'Fathan Rafa Ramadhan', 'Fathan', NULL, NULL, '6285861796009', '$2y$12$c.f4Ga8u.Gwam5H0WgoKP.IuGev5I5J7aFcm9kW5diaJUIzj9Rt0.', NULL, NULL, NULL, NULL, NULL, NULL, '2024-01-26 13:29:21', '2024-01-26 13:29:21', '2009-09-17', NULL, NULL, 'Aktif', NULL, NULL, NULL, NULL, 'fathan-rafa-ramadhan-murid', 'MURID'),
	(78, 'Jongwon Song', 'Jongwon', 'goldenboy24@naver.com', NULL, '000', '$2y$12$BJe5w77vnsWB0VoKi0k5Bue6M76FUbwQHJIsjKv9GyFck6HFtzqvi', NULL, NULL, NULL, NULL, NULL, NULL, '2024-01-29 01:49:32', '2024-01-29 01:49:32', '1996-02-27', NULL, NULL, 'Aktif', NULL, NULL, NULL, NULL, 'jongwon-song-murid', 'MURID'),
	(79, 'Christian Rayner', 'Chris', 'gettygogo78@gmail.com', NULL, '6281234678938', '$2y$12$ja54l2Qb40EztSF7PX6P3OP4mN1uiMEWFMO8VnOSTSB8yk.AhMfyW', NULL, NULL, NULL, NULL, NULL, NULL, '2024-01-29 02:53:42', '2024-02-01 07:02:17', '2010-08-29', NULL, '2024-02-01 07:02:17', 'Aktif', NULL, NULL, NULL, NULL, 'christian-rayner-murid', 'MURID'),
	(80, 'Marcell Wen', 'Marcell', 'marcellwen@gmail.com', NULL, '6285241010000', '$2y$12$rTMmmujtakbDKeHVA6Y1Ue5EEpZfq16Bv8SGoN/qyd46sNEaSN0DW', NULL, NULL, NULL, NULL, NULL, NULL, '2024-01-30 03:02:31', '2024-02-26 11:20:00', '2009-01-30', NULL, '2024-02-26 11:20:00', 'Aktif', NULL, NULL, NULL, NULL, 'marcell-wen-murid', 'MURID'),
	(81, 'Gloria Christabel Lilipory', 'Gloria', 'glorialilipory50@gmail.com', NULL, '6281358790867', '$2y$12$r8I1G/v75rk.INVO0mSbr.OeEuH5kbdQkP9HFwM6lR25cSa0.REYu', NULL, NULL, NULL, NULL, NULL, NULL, '2024-01-30 03:21:16', '2024-02-24 04:14:48', '1999-05-05', NULL, '2024-02-24 04:14:48', 'Aktif', NULL, NULL, NULL, NULL, 'gloria-christabel-lilipory-murid', 'MURID'),
	(82, 'Aprillia Adella Suyanto', 'Della', 'aprilliaadella@gmail.com', NULL, '6287851246413', '$2y$12$B25Wz1IeWWhEoBp5.CWDCuacPBYZE.8uZgMqjZ5Nq2K5StePazM3O', NULL, NULL, NULL, NULL, NULL, NULL, '2024-01-30 03:23:28', '2024-02-01 14:16:48', '1999-04-05', NULL, '2024-02-01 14:16:48', 'Aktif', NULL, NULL, NULL, NULL, 'aprillia-adella-suyanto-murid', 'MURID'),
	(83, 'Kylie Eugenia The', 'Kylie', 'Elke.solomon@gmail.com', NULL, '6289607107288', '$2y$12$Ze/sbYpgVxZVUsZxnfaWtuVIIs7fK6bAwDMSrgKJXRJyc2Zi.u.Hm', NULL, NULL, NULL, NULL, NULL, NULL, '2024-01-30 03:33:21', '2024-02-05 03:37:53', '2013-02-13', NULL, '2024-02-05 03:37:53', 'Aktif', NULL, NULL, NULL, NULL, 'kylie-eugenia-the-murid', 'MURID'),
	(84, 'Imelda Situmorang', NULL, 'situmorangimeldas@yahoo.com', NULL, '6281311380016', '$2y$12$r5PhuQNFLpIcXxyBgHK8lepSoenFpDWBKKyIsXgoATKyZITXq8OUi', NULL, NULL, NULL, NULL, NULL, NULL, '2024-01-30 03:39:53', '2024-02-01 01:44:03', NULL, NULL, '2024-02-01 01:44:03', 'Aktif', NULL, 'Perumahan Permata Bekasi II blok J no 16. Durenjaya Bekasi Timur 17111', NULL, NULL, 'imelda-situmorang-wali-murid', 'WALI MURID'),
	(85, 'William Misael', 'William', 'william.misael@kasi.web.id', NULL, '002', '$2y$12$xBtkEOgA683jQ0QvCAAjDemkS0MIpcvJBfJiTrkn.nQiA4yBjau.y', NULL, NULL, NULL, NULL, NULL, NULL, '2024-01-30 03:47:20', '2024-01-30 03:47:20', '2012-12-19', NULL, NULL, 'Aktif', NULL, NULL, NULL, NULL, 'william-misael-murid', 'MURID'),
	(86, 'Vincent Samuel Maruli Tua', 'Vincent', 'vincent.samuel.maruli.tua@kasi.web.id', NULL, '003', '$2y$12$bKpgIUQD663r1Y1D3PVCPuP368fFBLYrIZsB/42Kp39.KU5Ocn.H.', NULL, NULL, NULL, NULL, NULL, NULL, '2024-01-30 03:50:33', '2024-01-30 03:50:33', '2011-06-27', NULL, NULL, 'Aktif', NULL, NULL, NULL, NULL, 'vincent-samuel-maruli-tua-murid', 'MURID'),
	(90, 'Joanna Lydia Oriel Asian', 'Joanna ', 'joanna.lydia.oriel.asian@kasi.web.id', NULL, '004', '$2y$12$TjU3LYMG.fBQyMmgpWGX2.xCwAvRG8vhVDDYI4OrZwIZliN.afg5u', NULL, NULL, NULL, NULL, NULL, NULL, '2024-01-30 04:24:41', '2024-01-30 04:24:41', '2008-10-30', NULL, NULL, 'Aktif', NULL, NULL, NULL, NULL, 'joanna-lydia-oriel-asian-murid', 'MURID'),
	(91, 'Matahari nadia wicaksono', 'Matahari', 'wicaksono.matahari@gmail.com', NULL, '6282146055988', '$2y$12$RjMmequLGRkqarR8VgemtO2Nc289pCxGpUkBfv1Yfq/kj.IRUCaJW', NULL, NULL, NULL, NULL, NULL, NULL, '2024-01-30 05:02:22', '2024-02-11 04:25:56', '2010-05-24', NULL, '2024-02-11 04:25:56', 'Aktif', NULL, NULL, NULL, NULL, 'matahari-nadia-wicaksono-murid', 'MURID'),
	(92, 'Nayo', 'Nayo', 'khazjuzu2@gmail.com', NULL, '6289670435251', '$2y$12$HZiMDG4.HYH/xU7SmfuBRueqt4MDF43E/OvP264PQYUQe8/mbpiVG', NULL, NULL, NULL, NULL, NULL, NULL, '2024-01-30 13:38:54', '2024-01-30 13:38:54', '2009-09-22', NULL, NULL, 'Aktif', NULL, NULL, NULL, NULL, 'nayo-murid', 'MURID'),
	(93, 'Kwak GiBong', 'GiBong', 'Kwakgibongwsu@gmail.com', NULL, '01036640506', '$2y$12$gSYfnBVCnmMUJwuPcrTcTuxqJTLocFF2hWLEiBK1OaTBUKFRP7Wmy', NULL, NULL, NULL, NULL, NULL, NULL, '2024-01-30 13:40:45', '2024-01-30 13:40:45', '1996-05-06', NULL, NULL, 'Aktif', NULL, NULL, NULL, NULL, 'kwak-gibong-murid', 'MURID'),
	(94, 'Glenn Emmanuel The', 'Glenn', 'graciellaeunikesatriyo@gmail.com', NULL, '6281337685094', '$2y$12$jfsBAdzN9GrK1iO5GmsGB.u6c5VW1jv5An0eDcWnz5QlPYBaIGaQO', NULL, NULL, NULL, NULL, NULL, NULL, '2024-01-30 23:16:33', '2024-02-01 01:39:43', '2014-12-06', NULL, '2024-02-01 01:39:43', 'Aktif', NULL, NULL, NULL, NULL, 'glenn-emmanuel-the-murid', 'MURID'),
	(98, 'Daeun Jeong', 'Daeun', 'daeun.jeong@kasi.web.id', NULL, '005', '$2y$12$FHkmsX7fYqtbpDCvr0Ay.u8RIRO3aqEju7bcUafu6Caqg04sUvHPS', NULL, NULL, NULL, NULL, NULL, NULL, '2024-01-31 16:06:10', '2024-01-31 16:06:10', '2002-04-10', NULL, NULL, 'Aktif', NULL, NULL, NULL, NULL, 'daeun-jeong-murid', 'MURID');

/*!40103 SET TIME_ZONE=IFNULL(@OLD_TIME_ZONE, 'system') */;
/*!40101 SET SQL_MODE=IFNULL(@OLD_SQL_MODE, '') */;
/*!40014 SET FOREIGN_KEY_CHECKS=IFNULL(@OLD_FOREIGN_KEY_CHECKS, 1) */;
/*!40101 SET CHARACTER_SET_CLIENT=@OLD_CHARACTER_SET_CLIENT */;
/*!40111 SET SQL_NOTES=IFNULL(@OLD_SQL_NOTES, 1) */;
